{
  "accuracy": [
    0.6228813529014587,
    0.7542372941970825,
    0.8008474707603455,
    0.8347457647323608,
    0.8728813529014587,
    0.8601694703102112,
    0.8644067645072937,
    0.8898305296897888,
    0.8728813529014587,
    0.9025423526763916,
    0.9067796468734741,
    0.9279661178588867,
    0.9406779408454895,
    0.944915235042572,
    0.9364407062530518,
    0.9491525292396545,
    0.9491525292396545,
    0.9576271176338196,
    0.9576271176338196,
    0.9618644118309021,
    0.9661017060279846,
    0.9618644118309021,
    0.9661017060279846,
    0.9618644118309021,
    0.9703390002250671,
    0.9618644118309021,
    0.9576271176338196,
    0.9533898234367371,
    0.9576271176338196,
    0.9533898234367371,
    0.9618644118309021,
    0.9661017060279846,
    0.9703390002250671,
    0.9661017060279846,
    0.9745762944221497,
    0.9661017060279846,
    0.9703390002250671,
    0.9703390002250671,
    0.9703390002250671,
    0.9661017060279846,
    0.9703390002250671,
    0.9745762944221497,
    0.9703390002250671,
    0.9618644118309021,
    0.9745762944221497,
    0.9661017060279846,
    0.9576271176338196,
    0.9618644118309021,
    0.9703390002250671,
    0.9661017060279846
  ],
  "loss": [
    5.347290515899658,
    0.9195185303688049,
    0.8726735711097717,
    0.8208311796188354,
    0.7304772734642029,
    0.6978892087936401,
    0.6607182621955872,
    0.635084331035614,
    0.6191844344139099,
    0.6101438403129578,
    0.5782692432403564,
    0.51728755235672,
    0.4912933111190796,
    0.4426220655441284,
    0.44769272208213806,
    0.4229348301887512,
    0.40008899569511414,
    0.39419636130332947,
    0.37173715233802795,
    0.3745921552181244,
    0.3597482442855835,
    0.3433211147785187,
    0.33600059151649475,
    0.33610647916793823,
    0.3172093629837036,
    0.3257804811000824,
    0.3230210542678833,
    0.3521221876144409,
    0.3366442918777466,
    0.3399176001548767,
    0.3168751001358032,
    0.3147590458393097,
    0.29549485445022583,
    0.2891259491443634,
    0.27808430790901184,
    0.28442686796188354,
    0.27086079120635986,
    0.26727360486984253,
    0.27667009830474854,
    0.2629939317703247,
    0.26270222663879395,
    0.2510577142238617,
    0.24544475972652435,
    0.2647090554237366,
    0.2531914710998535,
    0.2541724443435669,
    0.3277057111263275,
    0.27044710516929626,
    0.25367939472198486,
    0.26609930396080017
  ],
  "val_accuracy": [
    0.6271186470985413,
    0.8135592937469482,
    0.8305084705352783,
    0.8305084705352783,
    0.8305084705352783,
    0.7966101765632629,
    0.8474576473236084,
    0.8644067645072937,
    0.8305084705352783,
    0.8474576473236084,
    0.8474576473236084,
    0.8305084705352783,
    0.8474576473236084,
    0.8644067645072937,
    0.8644067645072937,
    0.8305084705352783,
    0.7796609997749329,
    0.8474576473236084,
    0.8305084705352783,
    0.8305084705352783,
    0.8474576473236084,
    0.8474576473236084,
    0.8305084705352783,
    0.8474576473236084,
    0.8474576473236084,
    0.8474576473236084,
    0.8305084705352783,
    0.8474576473236084,
    0.8305084705352783,
    0.8305084705352783,
    0.8305084705352783,
    0.8474576473236084,
    0.8305084705352783,
    0.8135592937469482,
    0.8135592937469482,
    0.8135592937469482,
    0.8305084705352783,
    0.8305084705352783,
    0.8305084705352783,
    0.8305084705352783,
    0.7966101765632629,
    0.8305084705352783,
    0.8305084705352783,
    0.8474576473236084,
    0.8474576473236084,
    0.8474576473236084,
    0.8474576473236084,
    0.8305084705352783,
    0.8135592937469482,
    0.8305084705352783
  ],
  "val_loss": [
    0.9620657563209534,
    0.9280876517295837,
    0.8750462532043457,
    0.7881876230239868,
    0.7464907765388489,
    0.761586606502533,
    0.7064705491065979,
    0.7078015804290771,
    0.6904565095901489,
    0.665795624256134,
    0.6882404685020447,
    0.6901171207427979,
    0.6381551623344421,
    0.6365018486976624,
    0.6486529111862183,
    0.6555646061897278,
    0.7410719394683838,
    0.6779884099960327,
    0.6775164604187012,
    0.6373357176780701,
    0.6660471558570862,
    0.6740571856498718,
    0.7288069725036621,
    0.684910774230957,
    0.6617094278335571,
    0.6551207304000854,
    0.7402909994125366,
    0.6994581818580627,
    0.6436432600021362,
    0.7768633365631104,
    0.7863638401031494,
    0.7755659818649292,
    0.7691492438316345,
    0.7858462333679199,
    0.8211836218833923,
    0.8621281385421753,
    0.8159912824630737,
    0.8169904947280884,
    0.8111342191696167,
    0.9000985026359558,
    0.9009429216384888,
    0.721060037612915,
    0.6789945363998413,
    0.6820201277732849,
    0.6765307784080505,
    0.6986445784568787,
    0.6552637219429016,
    0.7099615931510925,
    0.8875019550323486,
    0.8252730369567871
  ]
}