{
  "accuracy": [
    0.6440678238868713,
    0.7669491767883301,
    0.7457627058029175,
    0.8305084705352783,
    0.805084764957428,
    0.8432203531265259,
    0.8601694703102112,
    0.8771186470985413,
    0.9152542352676392,
    0.9110169410705566,
    0.9237288236618042,
    0.9364407062530518,
    0.9491525292396545,
    0.9745762944221497,
    0.9703390002250671,
    0.9745762944221497,
    0.9661017060279846,
    0.9872881174087524,
    0.9872881174087524,
    0.991525411605835,
    0.9830508232116699,
    0.9872881174087524,
    0.991525411605835,
    0.991525411605835,
    0.991525411605835,
    0.9872881174087524,
    0.991525411605835,
    0.9872881174087524,
    0.991525411605835,
    0.9830508232116699,
    0.9788135886192322,
    0.9830508232116699,
    0.9830508232116699,
    0.991525411605835,
    0.9957627058029175,
    0.9957627058029175,
    0.9957627058029175,
    0.991525411605835,
    0.991525411605835,
    0.9957627058029175,
    0.9872881174087524,
    0.9830508232116699,
    0.9830508232116699,
    0.9872881174087524,
    0.9830508232116699,
    0.9872881174087524,
    0.9830508232116699,
    0.9872881174087524,
    0.9830508232116699,
    0.9872881174087524
  ],
  "loss": [
    4.279702663421631,
    0.9525399804115295,
    0.9124345183372498,
    0.8331629633903503,
    0.7890583872795105,
    0.6988301277160645,
    0.6437895894050598,
    0.6278521418571472,
    0.5707018971443176,
    0.5744763612747192,
    0.4971064031124115,
    0.4832574427127838,
    0.4746757745742798,
    0.4078301787376404,
    0.3674311339855194,
    0.38824182748794556,
    0.3508489429950714,
    0.3524773120880127,
    0.3162631392478943,
    0.2898857295513153,
    0.3266170024871826,
    0.3142113983631134,
    0.26340368390083313,
    0.2654857635498047,
    0.27676326036453247,
    0.26677578687667847,
    0.24178460240364075,
    0.25180187821388245,
    0.23790989816188812,
    0.2682097852230072,
    0.2698454260826111,
    0.24819159507751465,
    0.2621597945690155,
    0.23800697922706604,
    0.22870860993862152,
    0.23137156665325165,
    0.19828911125659943,
    0.21728605031967163,
    0.21372520923614502,
    0.19546513259410858,
    0.23961351811885834,
    0.22830136120319366,
    0.2846832573413849,
    0.23569194972515106,
    0.22986029088497162,
    0.23354287445545197,
    0.23605312407016754,
    0.22012820839881897,
    0.20648615062236786,
    0.21041366457939148
  ],
  "val_accuracy": [
    0.694915235042572,
    0.8474576473236084,
    0.6779661178588867,
    0.7457627058029175,
    0.7627118825912476,
    0.7796609997749329,
    0.7796609997749329,
    0.7118644118309021,
    0.8305084705352783,
    0.7457627058029175,
    0.7457627058029175,
    0.7966101765632629,
    0.7966101765632629,
    0.7966101765632629,
    0.8135592937469482,
    0.8135592937469482,
    0.7627118825912476,
    0.7966101765632629,
    0.7627118825912476,
    0.7627118825912476,
    0.7288135886192322,
    0.7288135886192322,
    0.7966101765632629,
    0.7966101765632629,
    0.7627118825912476,
    0.7288135886192322,
    0.7627118825912476,
    0.7627118825912476,
    0.7966101765632629,
    0.7796609997749329,
    0.7627118825912476,
    0.7796609997749329,
    0.8305084705352783,
    0.8474576473236084,
    0.8305084705352783,
    0.8474576473236084,
    0.8474576473236084,
    0.8305084705352783,
    0.7627118825912476,
    0.7966101765632629,
    0.8305084705352783,
    0.7796609997749329,
    0.8305084705352783,
    0.8135592937469482,
    0.7627118825912476,
    0.7457627058029175,
    0.7796609997749329,
    0.7627118825912476,
    0.7796609997749329,
    0.8135592937469482
  ],
  "val_loss": [
    2.5350232124328613,
    0.9184227585792542,
    1.3178702592849731,
    1.0331339836120605,
    0.9631269574165344,
    0.8648278117179871,
    1.259285569190979,
    0.9700417518615723,
    0.7847352623939514,
    1.2036607265472412,
    0.9542758464813232,
    0.8397144675254822,
    1.17232084274292,
    0.8164254426956177,
    0.7684222459793091,
    0.8890587687492371,
    0.9437757134437561,
    0.7657368183135986,
    0.9122465252876282,
    0.9247026443481445,
    1.1277267932891846,
    0.9132728576660156,
    0.8465772867202759,
    0.9177123308181763,
    0.8087729811668396,
    0.9209878444671631,
    0.8781604170799255,
    0.8870901465415955,
    0.7311124801635742,
    0.6894516348838806,
    0.7910449504852295,
    0.8366569876670837,
    0.7304152250289917,
    0.7191407084465027,
    0.7299306988716125,
    0.7552621364593506,
    0.7754477858543396,
    0.8772002458572388,
    0.7664835453033447,
    0.7826489210128784,
    0.7269400358200073,
    0.8418505191802979,
    0.6403595805168152,
    0.6875678896903992,
    1.0016618967056274,
    0.7717347145080566,
    0.9181864857673645,
    0.8595449328422546,
    1.0705691576004028,
    0.7477465867996216
  ]
}