{
  "accuracy": [
    0.5,
    0.625,
    0.875,
    0.375,
    0.75,
    0.75,
    0.75,
    0.625,
    0.75,
    0.625,
    0.875,
    0.875,
    0.875,
    1.0,
    1.0,
    0.75,
    0.625,
    0.75,
    0.875,
    0.875,
    0.875,
    0.875,
    0.875,
    0.875,
    0.75,
    0.875,
    0.875,
    0.875,
    0.875,
    0.875,
    0.75,
    0.875,
    0.875,
    0.875,
    0.625,
    0.625,
    0.875,
    0.875,
    0.875,
    0.875,
    0.875,
    0.75,
    0.875,
    0.875,
    0.875,
    0.875,
    0.875,
    0.875,
    0.875,
    0.875
  ],
  "loss": [
    1.2165919542312622,
    22.169239044189453,
    5.362584114074707,
    10.43215560913086,
    0.8949188590049744,
    0.7099906802177429,
    0.7763168215751648,
    0.7485554218292236,
    0.8870951533317566,
    0.8030526041984558,
    0.6795547008514404,
    0.6114135384559631,
    0.6056309938430786,
    0.48567381501197815,
    0.364541620016098,
    2.6814465522766113,
    2.6162219047546387,
    1.3482334613800049,
    0.7446302771568298,
    0.7083998322486877,
    0.7159419059753418,
    0.6059172749519348,
    0.7023228406906128,
    0.6010407209396362,
    0.7306582927703857,
    0.6308663487434387,
    0.6202265024185181,
    0.6755458116531372,
    0.5999363660812378,
    0.6387037634849548,
    1.8431293964385986,
    0.6195425391197205,
    0.5746424198150635,
    0.5267250537872314,
    1.661010980606079,
    2.317668914794922,
    0.6660528182983398,
    0.6197086572647095,
    0.6075193881988525,
    0.675862729549408,
    0.6617136001586914,
    0.7079563140869141,
    0.5532122850418091,
    0.6452319622039795,
    0.7327796816825867,
    0.6577674150466919,
    0.6701992750167847,
    0.6153532862663269,
    0.6116127967834473,
    0.6494484543800354
  ],
  "val_accuracy": [
    0.5,
    1.0,
    0.5,
    1.0,
    1.0,
    0.5,
    0.5,
    1.0,
    1.0,
    1.0,
    1.0,
    1.0,
    1.0,
    1.0,
    1.0,
    1.0,
    1.0,
    1.0,
    1.0,
    1.0,
    1.0,
    1.0,
    1.0,
    1.0,
    1.0,
    1.0,
    0.5,
    1.0,
    1.0,
    1.0,
    1.0,
    1.0,
    0.5,
    0.5,
    0.0,
    1.0,
    1.0,
    1.0,
    1.0,
    1.0,
    1.0,
    1.0,
    1.0,
    1.0,
    1.0,
    1.0,
    1.0,
    1.0,
    1.0,
    1.0
  ],
  "val_loss": [
    7.86293363571167,
    0.27415239810943604,
    4.168468952178955,
    0.4669584631919861,
    0.7895979285240173,
    0.8857811093330383,
    0.8575530052185059,
    0.681692361831665,
    0.46035972237586975,
    0.4377193748950958,
    0.5825853943824768,
    0.5931565761566162,
    0.5086814761161804,
    0.2895013689994812,
    0.29135826230049133,
    0.5523028373718262,
    0.34242236614227295,
    0.3987102806568146,
    0.5436513423919678,
    0.6245157718658447,
    0.6183069944381714,
    0.5403282046318054,
    0.5410877466201782,
    0.5342353582382202,
    0.5047778487205505,
    0.6904045939445496,
    1.4408588409423828,
    0.4441879391670227,
    0.44777169823646545,
    0.4704478979110718,
    0.50443035364151,
    0.5137150287628174,
    1.0878769159317017,
    2.225748300552368,
    1.9609330892562866,
    0.47250422835350037,
    0.4928336441516876,
    0.5073901414871216,
    0.5090563297271729,
    0.5121322870254517,
    0.5061737298965454,
    0.4881247282028198,
    0.45971056818962097,
    0.4393776059150696,
    0.4348596930503845,
    0.4439581632614136,
    0.4618866443634033,
    0.4686623513698578,
    0.4763225317001343,
    0.48815563321113586
  ]
}