{
  "accuracy": [
    0.375,
    0.625,
    0.625,
    0.75,
    0.75,
    0.875,
    0.75,
    0.875,
    0.875,
    0.5,
    0.625,
    0.875,
    0.75,
    0.875,
    0.875,
    0.875,
    0.875,
    0.875,
    0.875,
    0.875,
    0.875,
    0.875,
    0.75,
    0.75,
    0.75,
    1.0,
    0.875,
    0.75,
    1.0,
    0.875,
    0.875,
    0.875,
    0.875,
    0.875,
    0.875,
    0.875,
    0.875,
    0.875,
    0.875,
    0.875,
    0.875,
    0.875,
    0.875,
    0.875,
    0.875,
    0.875,
    0.875,
    0.875,
    0.875,
    0.875
  ],
  "loss": [
    1.7984105348587036,
    14.476198196411133,
    16.520267486572266,
    14.4724760055542,
    12.686806678771973,
    2.8612582683563232,
    7.678099632263184,
    2.819908618927002,
    0.44883841276168823,
    4.365530014038086,
    1.6467922925949097,
    0.6999572515487671,
    0.6044623255729675,
    0.7411897778511047,
    0.6235113739967346,
    0.6622229814529419,
    0.7759523391723633,
    0.6269446015357971,
    0.6751875281333923,
    0.6916989684104919,
    0.5309221744537354,
    0.6822146773338318,
    0.7196482419967651,
    0.8033497333526611,
    0.7331618666648865,
    0.4928015470504761,
    1.020827293395996,
    0.8244625926017761,
    0.5899859666824341,
    0.6582325100898743,
    0.7551292777061462,
    0.659289538860321,
    0.7380677461624146,
    0.6999136209487915,
    0.7100870609283447,
    0.634280800819397,
    0.5703985095024109,
    0.7158209681510925,
    0.7085803151130676,
    0.7901353240013123,
    0.6382355093955994,
    0.6422472596168518,
    0.7094890475273132,
    0.6634917855262756,
    0.7347344160079956,
    0.7074145674705505,
    0.6580017805099487,
    0.6191264390945435,
    0.7182205319404602,
    0.6981077790260315
  ],
  "val_accuracy": [
    0.5,
    1.0,
    1.0,
    1.0,
    1.0,
    1.0,
    1.0,
    1.0,
    0.5,
    0.5,
    1.0,
    1.0,
    1.0,
    1.0,
    1.0,
    1.0,
    1.0,
    1.0,
    1.0,
    1.0,
    1.0,
    1.0,
    1.0,
    1.0,
    1.0,
    1.0,
    1.0,
    1.0,
    1.0,
    1.0,
    1.0,
    1.0,
    1.0,
    1.0,
    1.0,
    1.0,
    1.0,
    1.0,
    1.0,
    1.0,
    1.0,
    1.0,
    1.0,
    1.0,
    1.0,
    1.0,
    1.0,
    1.0,
    1.0,
    1.0
  ],
  "val_loss": [
    1.017085313796997,
    0.27909305691719055,
    0.27079957723617554,
    0.2661520540714264,
    0.26478245854377747,
    0.26770079135894775,
    0.3015565872192383,
    0.4896751046180725,
    1.6876500844955444,
    1.1288436651229858,
    0.6028197407722473,
    0.49464890360832214,
    0.45357605814933777,
    0.42422550916671753,
    0.4370315372943878,
    0.4699157476425171,
    0.5656631588935852,
    0.5569308400154114,
    0.5147156119346619,
    0.5035573840141296,
    0.5168888568878174,
    0.6293138265609741,
    0.602062463760376,
    0.5198239088058472,
    0.4837520718574524,
    0.43026992678642273,
    0.48647791147232056,
    0.5445674657821655,
    0.5806106925010681,
    0.6091399192810059,
    0.6409279704093933,
    0.6351403594017029,
    0.6262009739875793,
    0.596674382686615,
    0.5575295686721802,
    0.4978129267692566,
    0.4568275511264801,
    0.4427136778831482,
    0.4561195969581604,
    0.5052827596664429,
    0.5366076827049255,
    0.5588669180870056,
    0.5902261734008789,
    0.5994282960891724,
    0.6032933592796326,
    0.5916858315467834,
    0.5651218891143799,
    0.5310408473014832,
    0.5023858547210693,
    0.4929051399230957
  ]
}