{
  "accuracy": [
    0.6398305296897888,
    0.758474588394165,
    0.8093220591545105,
    0.8135592937469482,
    0.8220338821411133,
    0.8898305296897888,
    0.8855932354927063,
    0.8771186470985413,
    0.9194915294647217,
    0.9110169410705566,
    0.9067796468734741,
    0.9406779408454895,
    0.9322034120559692,
    0.9491525292396545,
    0.9237288236618042,
    0.9364407062530518,
    0.9661017060279846,
    0.9533898234367371,
    0.9618644118309021,
    0.9745762944221497,
    0.9533898234367371,
    0.9703390002250671,
    0.9703390002250671,
    0.9703390002250671,
    0.9661017060279846,
    0.9703390002250671,
    0.9745762944221497,
    0.9618644118309021,
    0.9491525292396545,
    0.9618644118309021,
    0.9661017060279846,
    0.9745762944221497,
    0.9661017060279846,
    0.9661017060279846,
    0.9703390002250671,
    0.9703390002250671,
    0.9745762944221497,
    0.9745762944221497,
    0.9661017060279846,
    0.9703390002250671,
    0.9661017060279846,
    0.9745762944221497,
    0.9745762944221497,
    0.9745762944221497,
    0.9703390002250671,
    0.9745762944221497,
    0.9745762944221497,
    0.9703390002250671,
    0.9703390002250671,
    0.9661017060279846
  ],
  "loss": [
    3.175522804260254,
    2.082864999771118,
    1.1679513454437256,
    0.772260308265686,
    0.7465322017669678,
    0.6490861177444458,
    0.5857773423194885,
    0.5493143796920776,
    0.48578718304634094,
    0.5299855470657349,
    0.5630494356155396,
    0.4751502573490143,
    0.4542497396469116,
    0.4445290267467499,
    0.4661749303340912,
    0.4426923096179962,
    0.41324639320373535,
    0.3973069190979004,
    0.39184802770614624,
    0.3548683524131775,
    0.38172173500061035,
    0.33821746706962585,
    0.3350997865200043,
    0.33682048320770264,
    0.3209015727043152,
    0.3277530074119568,
    0.32357606291770935,
    0.32723087072372437,
    0.34472528100013733,
    0.3399725556373596,
    0.3288772404193878,
    0.30867236852645874,
    0.3371937870979309,
    0.29744020104408264,
    0.30031418800354004,
    0.30853310227394104,
    0.2953430712223053,
    0.2897070646286011,
    0.2922974228858948,
    0.287628710269928,
    0.29537057876586914,
    0.2812789976596832,
    0.27397239208221436,
    0.26419031620025635,
    0.27179276943206787,
    0.27300238609313965,
    0.2622026801109314,
    0.26513850688934326,
    0.2680946886539459,
    0.2730185389518738
  ],
  "val_accuracy": [
    0.7627118825912476,
    0.8474576473236084,
    0.8135592937469482,
    0.8305084705352783,
    0.8474576473236084,
    0.8644067645072937,
    0.8813559412956238,
    0.7966101765632629,
    0.8813559412956238,
    0.7966101765632629,
    0.8305084705352783,
    0.8644067645072937,
    0.8644067645072937,
    0.8474576473236084,
    0.8813559412956238,
    0.8644067645072937,
    0.8644067645072937,
    0.8474576473236084,
    0.8474576473236084,
    0.8474576473236084,
    0.8644067645072937,
    0.8474576473236084,
    0.8474576473236084,
    0.8644067645072937,
    0.8305084705352783,
    0.8305084705352783,
    0.8813559412956238,
    0.8644067645072937,
    0.8474576473236084,
    0.8644067645072937,
    0.8474576473236084,
    0.8474576473236084,
    0.8474576473236084,
    0.8474576473236084,
    0.8644067645072937,
    0.8474576473236084,
    0.8474576473236084,
    0.8474576473236084,
    0.8474576473236084,
    0.8474576473236084,
    0.8305084705352783,
    0.8474576473236084,
    0.8474576473236084,
    0.8474576473236084,
    0.8305084705352783,
    0.8474576473236084,
    0.8474576473236084,
    0.8474576473236084,
    0.8474576473236084,
    0.8644067645072937
  ],
  "val_loss": [
    1.1559399366378784,
    0.768791675567627,
    0.767241895198822,
    0.7951005697250366,
    0.7464568614959717,
    0.7100229859352112,
    0.6286826133728027,
    0.6879628300666809,
    0.6012846231460571,
    0.63703852891922,
    0.6782069206237793,
    0.6921384334564209,
    0.6477386951446533,
    0.630542516708374,
    0.6236066818237305,
    0.616546630859375,
    0.6071726679801941,
    0.6203315258026123,
    0.6558082103729248,
    0.6219350695610046,
    0.6670790314674377,
    0.6177306175231934,
    0.603012204170227,
    0.6875352263450623,
    0.6491104364395142,
    0.6391247510910034,
    0.5908694863319397,
    0.6215636730194092,
    0.6256341934204102,
    0.6101162433624268,
    0.5844900608062744,
    0.6271482110023499,
    0.5720818638801575,
    0.5924052596092224,
    0.5987982153892517,
    0.576174795627594,
    0.5867791771888733,
    0.6287484765052795,
    0.5481850504875183,
    0.6108168959617615,
    0.6012304425239563,
    0.6233141422271729,
    0.639683723449707,
    0.5921972393989563,
    0.5949587821960449,
    0.5596926212310791,
    0.6160206198692322,
    0.7020046710968018,
    0.6169102787971497,
    0.6476439237594604
  ]
}