{
  "accuracy": [
    0.6525423526763916,
    0.7330508232116699,
    0.8093220591545105,
    0.8008474707603455,
    0.8559321761131287,
    0.8686440587043762,
    0.8728813529014587,
    0.8686440587043762,
    0.8559321761131287,
    0.8813559412956238,
    0.9110169410705566,
    0.9194915294647217,
    0.9279661178588867,
    0.9491525292396545,
    0.9406779408454895,
    0.9703390002250671,
    0.9533898234367371,
    0.9703390002250671,
    0.9618644118309021,
    0.9788135886192322,
    0.9703390002250671,
    0.9830508232116699,
    0.9703390002250671,
    0.9830508232116699,
    0.9788135886192322,
    0.9703390002250671,
    0.9872881174087524,
    0.9872881174087524,
    0.991525411605835,
    0.991525411605835,
    0.9957627058029175,
    0.9872881174087524,
    0.991525411605835,
    0.9872881174087524,
    0.9957627058029175,
    0.991525411605835,
    0.9957627058029175,
    0.9830508232116699,
    0.9872881174087524,
    0.9830508232116699,
    0.991525411605835,
    0.991525411605835,
    0.9872881174087524,
    0.9830508232116699,
    0.9957627058029175,
    0.9872881174087524,
    0.991525411605835,
    0.9872881174087524,
    0.9830508232116699,
    0.9957627058029175
  ],
  "loss": [
    4.9873433113098145,
    1.4273425340652466,
    0.7058722376823425,
    0.7785059809684753,
    0.6615602970123291,
    0.6409847736358643,
    0.5773221254348755,
    0.5901852250099182,
    0.5938473343849182,
    0.5735574960708618,
    0.5036135911941528,
    0.45845237374305725,
    0.441253125667572,
    0.4020289480686188,
    0.3713736832141876,
    0.3658772110939026,
    0.34155601263046265,
    0.3354496955871582,
    0.32123830914497375,
    0.3038604259490967,
    0.2929730713367462,
    0.30552032589912415,
    0.297212153673172,
    0.28521376848220825,
    0.2764849066734314,
    0.2728303372859955,
    0.2477741688489914,
    0.23162232339382172,
    0.2324933260679245,
    0.24111339449882507,
    0.23293735086917877,
    0.24450725317001343,
    0.22389961779117584,
    0.2407047003507614,
    0.2203548401594162,
    0.2225743979215622,
    0.21061521768569946,
    0.22189606726169586,
    0.20944838225841522,
    0.23444721102714539,
    0.24408066272735596,
    0.2125045508146286,
    0.21880553662776947,
    0.23614294826984406,
    0.19995348155498505,
    0.19731350243091583,
    0.193893164396286,
    0.19382309913635254,
    0.23416639864444733,
    0.20312334597110748
  ],
  "val_accuracy": [
    0.6779661178588867,
    0.7288135886192322,
    0.7118644118309021,
    0.8474576473236084,
    0.8644067645072937,
    0.8135592937469482,
    0.8305084705352783,
    0.8135592937469482,
    0.8474576473236084,
    0.8305084705352783,
    0.8135592937469482,
    0.8135592937469482,
    0.8135592937469482,
    0.8135592937469482,
    0.8135592937469482,
    0.8135592937469482,
    0.7966101765632629,
    0.8135592937469482,
    0.8135592937469482,
    0.8135592937469482,
    0.8305084705352783,
    0.8135592937469482,
    0.8135592937469482,
    0.8305084705352783,
    0.8135592937469482,
    0.8135592937469482,
    0.8135592937469482,
    0.8305084705352783,
    0.8135592937469482,
    0.8305084705352783,
    0.8135592937469482,
    0.8135592937469482,
    0.8135592937469482,
    0.8135592937469482,
    0.8135592937469482,
    0.8135592937469482,
    0.8135592937469482,
    0.8135592937469482,
    0.8135592937469482,
    0.8305084705352783,
    0.8305084705352783,
    0.8305084705352783,
    0.8135592937469482,
    0.8305084705352783,
    0.8305084705352783,
    0.8135592937469482,
    0.8305084705352783,
    0.8135592937469482,
    0.8305084705352783,
    0.8305084705352783
  ],
  "val_loss": [
    4.666662216186523,
    1.3566006422042847,
    0.8371807932853699,
    0.7820319533348083,
    0.7265787720680237,
    0.7182502150535583,
    0.7058529853820801,
    0.7304478287696838,
    0.7165624499320984,
    0.6910111904144287,
    0.7271655201911926,
    0.6946902871131897,
    0.6881169676780701,
    0.7189872860908508,
    0.7143725156784058,
    0.6838946342468262,
    0.7457818388938904,
    0.6617849469184875,
    0.6856411695480347,
    0.6595126390457153,
    0.7296635508537292,
    0.6744559407234192,
    0.6760269403457642,
    0.6988495588302612,
    0.6927042603492737,
    0.6950621604919434,
    0.664309561252594,
    0.6978375911712646,
    0.6571199297904968,
    0.7142574787139893,
    0.7109023332595825,
    0.704679548740387,
    0.7374300360679626,
    0.6896361112594604,
    0.7739740014076233,
    0.7345061302185059,
    0.7369545102119446,
    0.7083116173744202,
    0.7338273525238037,
    0.7356007695198059,
    0.7405810356140137,
    0.6628892421722412,
    0.7342814207077026,
    0.6968196034431458,
    0.6922404170036316,
    0.6825937032699585,
    0.7463036179542542,
    0.6042026877403259,
    0.6576317548751831,
    0.6921936869621277
  ]
}