{
  "accuracy": [
    0.6398305296897888,
    0.7161017060279846,
    0.694915235042572,
    0.7245762944221497,
    0.7966101765632629,
    0.8177965879440308,
    0.8347457647323608,
    0.8474576473236084,
    0.8516949415206909,
    0.8771186470985413,
    0.8601694703102112,
    0.9067796468734741,
    0.8771186470985413,
    0.9194915294647217,
    0.8940678238868713,
    0.9152542352676392,
    0.944915235042572,
    0.9364407062530518,
    0.9618644118309021,
    0.9491525292396545,
    0.9110169410705566,
    0.9491525292396545,
    0.9576271176338196,
    0.9533898234367371,
    0.9576271176338196,
    0.9576271176338196,
    0.9533898234367371,
    0.9533898234367371,
    0.9618644118309021,
    0.9703390002250671,
    0.9745762944221497,
    0.9703390002250671,
    0.9661017060279846,
    0.9745762944221497,
    0.9703390002250671,
    0.9703390002250671,
    0.9703390002250671,
    0.9703390002250671,
    0.9618644118309021,
    0.9618644118309021,
    0.9618644118309021,
    0.9576271176338196,
    0.9703390002250671,
    0.9661017060279846,
    0.9703390002250671,
    0.9661017060279846,
    0.9703390002250671,
    0.9703390002250671,
    0.9745762944221497,
    0.9745762944221497
  ],
  "loss": [
    4.3252644538879395,
    1.6982847452163696,
    1.014417290687561,
    0.9248103499412537,
    0.841418445110321,
    0.8600313067436218,
    0.779222309589386,
    0.7400192022323608,
    0.692659854888916,
    0.6469705104827881,
    0.6103218793869019,
    0.562070369720459,
    0.5572887063026428,
    0.5278342366218567,
    0.5197736024856567,
    0.488918274641037,
    0.48835188150405884,
    0.4897310435771942,
    0.4007856845855713,
    0.41571879386901855,
    0.44677990674972534,
    0.4286244809627533,
    0.38705623149871826,
    0.39867550134658813,
    0.38453102111816406,
    0.36407017707824707,
    0.3548211455345154,
    0.378775030374527,
    0.334256649017334,
    0.3113153874874115,
    0.28466203808784485,
    0.2751593291759491,
    0.32247012853622437,
    0.30338072776794434,
    0.33041977882385254,
    0.31303825974464417,
    0.2902325391769409,
    0.27855634689331055,
    0.2957620918750763,
    0.2895798087120056,
    0.2842119038105011,
    0.2900560200214386,
    0.27382534742355347,
    0.2611880302429199,
    0.25421395897865295,
    0.26129835844039917,
    0.26675546169281006,
    0.2582898437976837,
    0.24301208555698395,
    0.24301236867904663
  ],
  "val_accuracy": [
    0.7457627058029175,
    0.6271186470985413,
    0.7118644118309021,
    0.7796609997749329,
    0.8474576473236084,
    0.7966101765632629,
    0.8474576473236084,
    0.8644067645072937,
    0.8644067645072937,
    0.8474576473236084,
    0.8644067645072937,
    0.8813559412956238,
    0.8644067645072937,
    0.8644067645072937,
    0.8813559412956238,
    0.8644067645072937,
    0.8305084705352783,
    0.8644067645072937,
    0.8644067645072937,
    0.8644067645072937,
    0.8644067645072937,
    0.8644067645072937,
    0.8813559412956238,
    0.8644067645072937,
    0.8474576473236084,
    0.7796609997749329,
    0.8644067645072937,
    0.8135592937469482,
    0.8644067645072937,
    0.8474576473236084,
    0.8474576473236084,
    0.8135592937469482,
    0.8474576473236084,
    0.8474576473236084,
    0.8474576473236084,
    0.8644067645072937,
    0.8474576473236084,
    0.8474576473236084,
    0.8644067645072937,
    0.8813559412956238,
    0.8305084705352783,
    0.8644067645072937,
    0.8644067645072937,
    0.8305084705352783,
    0.8644067645072937,
    0.8474576473236084,
    0.8474576473236084,
    0.8305084705352783,
    0.8644067645072937,
    0.8644067645072937
  ],
  "val_loss": [
    1.2115294933319092,
    1.0252816677093506,
    0.8685279488563538,
    0.876149594783783,
    0.8300549983978271,
    0.8087682127952576,
    0.7471958994865417,
    0.7196989059448242,
    0.7099412679672241,
    0.6858556866645813,
    0.6793341040611267,
    0.6860786080360413,
    0.6753280162811279,
    0.6698938608169556,
    0.6835920810699463,
    0.6497483253479004,
    0.7128165364265442,
    0.6635767817497253,
    0.6915635466575623,
    0.6789188981056213,
    0.6706202626228333,
    0.6480329036712646,
    0.652061402797699,
    0.6765708327293396,
    0.7336794137954712,
    0.7490149140357971,
    0.6970746517181396,
    0.7256490588188171,
    0.6854225993156433,
    0.7007995843887329,
    0.7092326283454895,
    0.7183239459991455,
    0.7840546369552612,
    0.7749043703079224,
    0.7690690755844116,
    0.7102331519126892,
    0.7969745993614197,
    0.7514891624450684,
    0.8289551138877869,
    0.7778515815734863,
    0.6284352540969849,
    0.6848599910736084,
    0.7679076790809631,
    0.7270791530609131,
    0.7003339529037476,
    0.7672076225280762,
    0.7669686675071716,
    0.8109901547431946,
    0.7822479009628296,
    0.7741599678993225
  ]
}