{
  "accuracy": [
    0.6144067645072937,
    0.7203390002250671,
    0.8093220591545105,
    0.8220338821411133,
    0.8644067645072937,
    0.8644067645072937,
    0.8728813529014587,
    0.8898305296897888,
    0.8940678238868713,
    0.9110169410705566,
    0.8983050584793091,
    0.9406779408454895,
    0.9406779408454895,
    0.9533898234367371,
    0.9576271176338196,
    0.9703390002250671,
    0.9661017060279846,
    0.9661017060279846,
    0.9661017060279846,
    0.9661017060279846,
    0.9703390002250671,
    0.9661017060279846,
    0.9745762944221497,
    0.9703390002250671,
    0.9661017060279846,
    0.9745762944221497,
    0.9661017060279846,
    0.9576271176338196,
    0.9661017060279846,
    0.9745762944221497,
    0.9745762944221497,
    0.9703390002250671,
    0.9703390002250671,
    0.9745762944221497,
    0.9745762944221497,
    0.9745762944221497,
    0.9703390002250671,
    0.9745762944221497,
    0.9745762944221497,
    0.9745762944221497,
    0.9745762944221497,
    0.9703390002250671,
    0.9703390002250671,
    0.9745762944221497,
    0.9745762944221497,
    0.9745762944221497,
    0.9745762944221497,
    0.9745762944221497,
    0.9703390002250671,
    0.9703390002250671
  ],
  "loss": [
    4.893499374389648,
    1.1354411840438843,
    0.8600858449935913,
    0.7790898084640503,
    0.7238890528678894,
    0.6430920958518982,
    0.6132174730300903,
    0.5865241885185242,
    0.593327522277832,
    0.6171573996543884,
    0.4914062023162842,
    0.48167258501052856,
    0.4547088146209717,
    0.4182763695716858,
    0.40247270464897156,
    0.37142103910446167,
    0.35875487327575684,
    0.3539772033691406,
    0.36516785621643066,
    0.32411569356918335,
    0.33252328634262085,
    0.3119485378265381,
    0.3014460802078247,
    0.2981162369251251,
    0.29617103934288025,
    0.3058655560016632,
    0.2858668863773346,
    0.30715614557266235,
    0.3090709447860718,
    0.27653756737709045,
    0.27475839853286743,
    0.268583208322525,
    0.27111396193504333,
    0.26740846037864685,
    0.2526369094848633,
    0.26415547728538513,
    0.2724666893482208,
    0.2505890429019928,
    0.24529320001602173,
    0.24346472322940826,
    0.23102879524230957,
    0.24015331268310547,
    0.2516365647315979,
    0.22436000406742096,
    0.22343198955059052,
    0.22671912610530853,
    0.21467745304107666,
    0.21847304701805115,
    0.2199501395225525,
    0.2030619978904724
  ],
  "val_accuracy": [
    0.49152541160583496,
    0.7288135886192322,
    0.8135592937469482,
    0.8474576473236084,
    0.8135592937469482,
    0.8305084705352783,
    0.8135592937469482,
    0.8305084705352783,
    0.8135592937469482,
    0.8305084705352783,
    0.7966101765632629,
    0.8474576473236084,
    0.8474576473236084,
    0.8135592937469482,
    0.7966101765632629,
    0.7796609997749329,
    0.8305084705352783,
    0.8135592937469482,
    0.8474576473236084,
    0.8135592937469482,
    0.8305084705352783,
    0.8305084705352783,
    0.8135592937469482,
    0.7966101765632629,
    0.8474576473236084,
    0.8305084705352783,
    0.7796609997749329,
    0.7627118825912476,
    0.8135592937469482,
    0.8135592937469482,
    0.7796609997749329,
    0.8135592937469482,
    0.7627118825912476,
    0.8305084705352783,
    0.7966101765632629,
    0.8135592937469482,
    0.8135592937469482,
    0.8135592937469482,
    0.7966101765632629,
    0.8305084705352783,
    0.8135592937469482,
    0.7966101765632629,
    0.8135592937469482,
    0.7966101765632629,
    0.8305084705352783,
    0.7796609997749329,
    0.8135592937469482,
    0.7966101765632629,
    0.7796609997749329,
    0.8135592937469482
  ],
  "val_loss": [
    1.294869065284729,
    0.8715472221374512,
    0.8562876582145691,
    0.7367568016052246,
    0.7135400176048279,
    0.7417839169502258,
    0.7356868386268616,
    0.6703859567642212,
    0.6857168078422546,
    0.6850935220718384,
    0.6601094603538513,
    0.6531994342803955,
    0.709723711013794,
    0.7085610032081604,
    0.7526206374168396,
    0.7853631377220154,
    0.7649155259132385,
    0.8119925856590271,
    0.6751937866210938,
    0.7001881003379822,
    0.6721734404563904,
    0.7990343570709229,
    0.7622193694114685,
    0.68543541431427,
    0.8041245937347412,
    0.8534559011459351,
    0.7720193862915039,
    0.9582900404930115,
    0.7261403799057007,
    0.7854976058006287,
    0.8595398664474487,
    0.8487917184829712,
    0.8929005861282349,
    0.8093353509902954,
    0.7061392664909363,
    0.8307849168777466,
    0.6233556866645813,
    0.6931092739105225,
    0.7787772417068481,
    0.7293523550033569,
    0.7011538743972778,
    0.8311941027641296,
    0.6987432241439819,
    0.7268314957618713,
    0.7697877287864685,
    0.8363107442855835,
    0.767822265625,
    0.692467212677002,
    0.8488209843635559,
    0.6454395651817322
  ]
}