{
  "accuracy": [
    0.7076271176338196,
    0.7796609997749329,
    0.8432203531265259,
    0.8940678238868713,
    0.8940678238868713,
    0.9194915294647217,
    0.9194915294647217,
    0.9364407062530518,
    0.9745762944221497,
    0.9745762944221497,
    0.9745762944221497,
    0.9745762944221497,
    0.9576271176338196,
    0.9830508232116699,
    0.9830508232116699,
    0.9872881174087524,
    0.9872881174087524,
    0.9533898234367371,
    0.9661017060279846,
    0.9703390002250671,
    0.9745762944221497,
    0.9830508232116699,
    0.991525411605835,
    0.991525411605835,
    0.991525411605835,
    0.991525411605835,
    0.9872881174087524,
    0.991525411605835,
    0.9957627058029175,
    0.991525411605835,
    0.9872881174087524,
    0.9957627058029175,
    0.9957627058029175,
    0.9957627058029175,
    0.9957627058029175,
    0.9957627058029175,
    0.9957627058029175,
    0.9957627058029175,
    0.9957627058029175,
    0.9957627058029175,
    0.9957627058029175,
    0.9830508232116699,
    0.9618644118309021,
    0.9576271176338196,
    0.9661017060279846,
    0.9788135886192322,
    0.9957627058029175,
    0.991525411605835,
    0.991525411605835,
    0.991525411605835
  ],
  "loss": [
    2.719902276992798,
    1.5875043869018555,
    0.7758525013923645,
    0.7243916392326355,
    0.6203464865684509,
    0.5903359055519104,
    0.5123345255851746,
    0.47854354977607727,
    0.45447665452957153,
    0.4125659763813019,
    0.4028749167919159,
    0.4033104479312897,
    0.4000399112701416,
    0.3650944232940674,
    0.34796932339668274,
    0.32247933745384216,
    0.3260326087474823,
    0.38101884722709656,
    0.3310477137565613,
    0.32844871282577515,
    0.3640735149383545,
    0.3010604679584503,
    0.2794938087463379,
    0.26626694202423096,
    0.25596335530281067,
    0.2478799968957901,
    0.23898836970329285,
    0.22411476075649261,
    0.2193589061498642,
    0.21006105840206146,
    0.21336308121681213,
    0.20283851027488708,
    0.2004094272851944,
    0.18994180858135223,
    0.18676333129405975,
    0.1817987710237503,
    0.1805284470319748,
    0.1751006543636322,
    0.1793118715286255,
    0.17364096641540527,
    0.16918505728244781,
    0.20371651649475098,
    0.2392248958349228,
    0.2672075033187866,
    0.25821244716644287,
    0.2568897008895874,
    0.22745868563652039,
    0.22785823047161102,
    0.24217838048934937,
    0.2371472269296646
  ],
  "val_accuracy": [
    0.694915235042572,
    0.6779661178588867,
    0.7118644118309021,
    0.8305084705352783,
    0.8135592937469482,
    0.8305084705352783,
    0.8305084705352783,
    0.8305084705352783,
    0.8305084705352783,
    0.7118644118309021,
    0.7966101765632629,
    0.8305084705352783,
    0.7457627058029175,
    0.7627118825912476,
    0.7966101765632629,
    0.7966101765632629,
    0.7966101765632629,
    0.8305084705352783,
    0.7627118825912476,
    0.8305084705352783,
    0.8305084705352783,
    0.8135592937469482,
    0.8135592937469482,
    0.8135592937469482,
    0.8305084705352783,
    0.8135592937469482,
    0.8135592937469482,
    0.8135592937469482,
    0.8135592937469482,
    0.8135592937469482,
    0.7966101765632629,
    0.7796609997749329,
    0.7966101765632629,
    0.8135592937469482,
    0.8305084705352783,
    0.8474576473236084,
    0.8305084705352783,
    0.8305084705352783,
    0.8474576473236084,
    0.8305084705352783,
    0.7966101765632629,
    0.7457627058029175,
    0.8135592937469482,
    0.8135592937469482,
    0.7627118825912476,
    0.7796609997749329,
    0.7627118825912476,
    0.8305084705352783,
    0.8135592937469482,
    0.8305084705352783
  ],
  "val_loss": [
    7.04919958114624,
    1.3858016729354858,
    1.544820785522461,
    0.8003972172737122,
    0.8849397301673889,
    0.9325189590454102,
    0.867603600025177,
    0.9734001755714417,
    0.7752577066421509,
    0.9547972679138184,
    0.8084258437156677,
    0.7414988875389099,
    1.0525275468826294,
    0.876729428768158,
    0.9547703862190247,
    0.8668817281723022,
    1.0516924858093262,
    0.7652209401130676,
    0.9358131289482117,
    0.9688078165054321,
    0.7664638161659241,
    0.7984850406646729,
    0.8267655372619629,
    0.8428864479064941,
    0.829712450504303,
    0.8681188821792603,
    0.7992681860923767,
    0.7969393730163574,
    0.82888263463974,
    0.7701066732406616,
    0.841541588306427,
    0.8686386346817017,
    0.8251902461051941,
    0.7686302661895752,
    0.7676494121551514,
    0.7393706440925598,
    0.7742618918418884,
    0.7312734723091125,
    0.7520828247070312,
    0.7304214835166931,
    0.8662364482879639,
    1.1024837493896484,
    0.6583024859428406,
    0.6856450438499451,
    0.7431380748748779,
    0.7040731310844421,
    0.7749544382095337,
    0.7731565237045288,
    0.7048055529594421,
    0.6987977027893066
  ]
}