{
  "accuracy": [
    0.5,
    0.625,
    0.625,
    0.5,
    0.375,
    0.875,
    0.875,
    0.875,
    0.75,
    0.875,
    0.875,
    0.625,
    0.5,
    0.75,
    1.0,
    1.0,
    0.875,
    0.875,
    0.875,
    0.875,
    0.625,
    0.625,
    1.0,
    0.875,
    0.875,
    0.875,
    0.875,
    0.875,
    0.875,
    0.875,
    0.75,
    0.875,
    0.875,
    0.875,
    0.875,
    0.875,
    0.875,
    0.875,
    0.875,
    0.875,
    0.875,
    0.875,
    0.875,
    0.875,
    0.875,
    0.875,
    0.875,
    0.875,
    0.875,
    0.875
  ],
  "loss": [
    1.118648886680603,
    8.253381729125977,
    6.733030319213867,
    7.348251819610596,
    4.004530906677246,
    2.933180809020996,
    0.8923290371894836,
    1.4200798273086548,
    1.5379050970077515,
    1.0236778259277344,
    0.7592957019805908,
    0.7860010266304016,
    0.8757758140563965,
    0.80124431848526,
    0.42082479596138,
    0.4648468494415283,
    0.5263314247131348,
    1.7939196825027466,
    1.0143797397613525,
    0.7666926383972168,
    0.6751733422279358,
    0.7268262505531311,
    0.5814477801322937,
    0.5780057907104492,
    0.5649392008781433,
    0.6117539405822754,
    0.8343812823295593,
    0.6494870781898499,
    0.6118698716163635,
    0.7003903985023499,
    0.6909540295600891,
    0.6839749217033386,
    0.7200719118118286,
    0.7011392116546631,
    0.6890641450881958,
    0.647287905216217,
    0.608054518699646,
    0.7450250387191772,
    0.6609948873519897,
    0.5823269486427307,
    0.5775827169418335,
    0.7486383318901062,
    0.6262138485908508,
    0.5494779944419861,
    0.5689277052879333,
    0.6983217597007751,
    0.5771099328994751,
    0.6444281935691833,
    0.7248808741569519,
    0.5865517258644104
  ],
  "val_accuracy": [
    0.5,
    1.0,
    1.0,
    1.0,
    1.0,
    1.0,
    1.0,
    1.0,
    1.0,
    1.0,
    1.0,
    1.0,
    1.0,
    1.0,
    1.0,
    1.0,
    1.0,
    1.0,
    1.0,
    1.0,
    0.5,
    1.0,
    1.0,
    1.0,
    1.0,
    1.0,
    1.0,
    1.0,
    1.0,
    1.0,
    1.0,
    1.0,
    1.0,
    1.0,
    1.0,
    1.0,
    1.0,
    1.0,
    1.0,
    1.0,
    1.0,
    1.0,
    1.0,
    1.0,
    1.0,
    1.0,
    1.0,
    1.0,
    1.0,
    1.0
  ],
  "val_loss": [
    1.0245851278305054,
    0.4530112147331238,
    0.29546919465065,
    0.25281304121017456,
    0.2524445950984955,
    0.2556286156177521,
    0.2569127678871155,
    0.26433873176574707,
    0.30487504601478577,
    0.41758596897125244,
    0.5985580682754517,
    0.6030113101005554,
    0.5407437086105347,
    0.5132249593734741,
    0.46747100353240967,
    0.40617987513542175,
    0.3733665645122528,
    0.38914066553115845,
    0.4559610188007355,
    0.6278987526893616,
    0.713424563407898,
    0.6714789271354675,
    0.6273558139801025,
    0.5969523787498474,
    0.5949894189834595,
    0.6206199526786804,
    0.6319554448127747,
    0.6399360299110413,
    0.6555438041687012,
    0.6727529168128967,
    0.659524142742157,
    0.6376489400863647,
    0.6154932975769043,
    0.6008927226066589,
    0.594505786895752,
    0.5875184535980225,
    0.5711951851844788,
    0.5647646188735962,
    0.5598141551017761,
    0.5488550662994385,
    0.530397891998291,
    0.5238543152809143,
    0.5183035731315613,
    0.5089713335037231,
    0.4975549876689911,
    0.49869608879089355,
    0.49922630190849304,
    0.5078111886978149,
    0.510439395904541,
    0.5124093294143677
  ]
}