{
  "accuracy": [
    0.375,
    0.625,
    0.625,
    0.5,
    0.75,
    0.875,
    0.75,
    0.875,
    0.875,
    0.875,
    0.625,
    0.75,
    0.375,
    0.75,
    0.75,
    0.875,
    0.75,
    0.875,
    0.875,
    0.875,
    0.75,
    0.875,
    0.875,
    0.75,
    0.75,
    0.75,
    0.875,
    0.75,
    0.875,
    0.875,
    0.75,
    1.0,
    0.875,
    0.875,
    0.75,
    0.75,
    0.875,
    0.875,
    0.875,
    0.875,
    0.875,
    0.875,
    0.875,
    0.875,
    0.875,
    0.875,
    0.875,
    0.75,
    0.875,
    0.875
  ],
  "loss": [
    1.9462167024612427,
    11.177474021911621,
    8.82632064819336,
    20.871583938598633,
    10.590469360351562,
    9.915383338928223,
    11.270232200622559,
    10.079141616821289,
    1.2524977922439575,
    0.8029825091362,
    9.4248685836792,
    1.7140148878097534,
    4.297653675079346,
    0.8780272006988525,
    2.0484795570373535,
    1.3996882438659668,
    1.4707766771316528,
    1.8818622827529907,
    0.5183430314064026,
    0.9694405198097229,
    0.873150646686554,
    0.41428834199905396,
    0.8031249642372131,
    0.5668519735336304,
    0.7721700668334961,
    0.762040376663208,
    0.6613693833351135,
    0.8997206687927246,
    0.6006221771240234,
    0.8166016936302185,
    0.7051182389259338,
    0.557178795337677,
    0.6580520868301392,
    0.5566301345825195,
    0.8243078589439392,
    0.6288730502128601,
    0.5746262073516846,
    0.5190654397010803,
    0.6612664461135864,
    0.7147606015205383,
    0.627683162689209,
    0.547029972076416,
    0.7964069247245789,
    0.499685674905777,
    0.7875780463218689,
    0.6657720804214478,
    0.6888269782066345,
    0.9396619200706482,
    0.599987268447876,
    0.6667004823684692
  ],
  "val_accuracy": [
    0.5,
    1.0,
    1.0,
    1.0,
    1.0,
    1.0,
    1.0,
    1.0,
    1.0,
    0.5,
    1.0,
    1.0,
    1.0,
    1.0,
    1.0,
    1.0,
    1.0,
    1.0,
    1.0,
    1.0,
    1.0,
    1.0,
    1.0,
    1.0,
    1.0,
    1.0,
    1.0,
    1.0,
    1.0,
    1.0,
    1.0,
    1.0,
    1.0,
    1.0,
    1.0,
    1.0,
    1.0,
    1.0,
    1.0,
    1.0,
    1.0,
    1.0,
    1.0,
    1.0,
    1.0,
    1.0,
    1.0,
    1.0,
    1.0,
    1.0
  ],
  "val_loss": [
    7.7270402908325195,
    0.2659361660480499,
    0.25459203124046326,
    0.2434690296649933,
    0.23918402194976807,
    0.23842407763004303,
    0.24039918184280396,
    0.24486735463142395,
    0.25512930750846863,
    0.9187490940093994,
    0.46186551451683044,
    0.38802167773246765,
    0.3735765218734741,
    0.34737321734428406,
    0.30440542101860046,
    0.3011608421802521,
    0.3048050105571747,
    0.31532537937164307,
    0.32532912492752075,
    0.35633382201194763,
    0.3784264624118805,
    0.3908827304840088,
    0.4387160837650299,
    0.4646138548851013,
    0.4613802433013916,
    0.45815667510032654,
    0.48585519194602966,
    0.5057868361473083,
    0.5262349843978882,
    0.566562831401825,
    0.5738884806632996,
    0.5616685748100281,
    0.5504841804504395,
    0.5469366908073425,
    0.5217283368110657,
    0.5016546249389648,
    0.48333069682121277,
    0.46511468291282654,
    0.4549751579761505,
    0.454380065202713,
    0.4529177248477936,
    0.45255953073501587,
    0.4569893777370453,
    0.46076902747154236,
    0.4718622863292694,
    0.4870586395263672,
    0.4984026551246643,
    0.5141779184341431,
    0.5262317657470703,
    0.5359616279602051
  ]
}