{
  "accuracy": [
    0.5720338821411133,
    0.7161017060279846,
    0.7754237055778503,
    0.7796609997749329,
    0.8474576473236084,
    0.8559321761131287,
    0.8644067645072937,
    0.8771186470985413,
    0.8855932354927063,
    0.8898305296897888,
    0.8940678238868713,
    0.9237288236618042,
    0.9194915294647217,
    0.9322034120559692,
    0.9279661178588867,
    0.944915235042572,
    0.9533898234367371,
    0.9364407062530518,
    0.944915235042572,
    0.9618644118309021,
    0.9576271176338196,
    0.9533898234367371,
    0.9745762944221497,
    0.9703390002250671,
    0.9661017060279846,
    0.9661017060279846,
    0.9703390002250671,
    0.9618644118309021,
    0.9618644118309021,
    0.9618644118309021,
    0.9533898234367371,
    0.9703390002250671,
    0.9745762944221497,
    0.9661017060279846,
    0.9618644118309021,
    0.9661017060279846,
    0.9533898234367371,
    0.9618644118309021,
    0.9576271176338196,
    0.944915235042572,
    0.9618644118309021,
    0.9576271176338196,
    0.9661017060279846,
    0.9661017060279846,
    0.9576271176338196,
    0.9703390002250671,
    0.9703390002250671,
    0.9703390002250671,
    0.9661017060279846,
    0.9703390002250671
  ],
  "loss": [
    7.632871150970459,
    1.5791573524475098,
    0.89792799949646,
    0.8959769010543823,
    0.7559852600097656,
    0.7152464389801025,
    0.694263219833374,
    0.6641666889190674,
    0.6535218954086304,
    0.583523690700531,
    0.5826464891433716,
    0.5557589530944824,
    0.5169546604156494,
    0.5091028213500977,
    0.4929788410663605,
    0.4733361601829529,
    0.4447357952594757,
    0.5040556192398071,
    0.4462633430957794,
    0.44820165634155273,
    0.4309579133987427,
    0.41220325231552124,
    0.3869033753871918,
    0.3941552937030792,
    0.36573436856269836,
    0.3663351833820343,
    0.3466404676437378,
    0.35049617290496826,
    0.3957795202732086,
    0.34511199593544006,
    0.3517301380634308,
    0.33215728402137756,
    0.30987444519996643,
    0.3655802309513092,
    0.3293692171573639,
    0.3342752158641815,
    0.3563850224018097,
    0.32684648036956787,
    0.34201759099960327,
    0.35180068016052246,
    0.3127106726169586,
    0.3420945107936859,
    0.3220939338207245,
    0.3054101765155792,
    0.31760385632514954,
    0.3065018653869629,
    0.2962784767150879,
    0.28869321942329407,
    0.2918022871017456,
    0.2853720188140869
  ],
  "val_accuracy": [
    0.6610169410705566,
    0.8474576473236084,
    0.7288135886192322,
    0.8813559412956238,
    0.8305084705352783,
    0.8813559412956238,
    0.8644067645072937,
    0.8813559412956238,
    0.8305084705352783,
    0.8305084705352783,
    0.8305084705352783,
    0.8474576473236084,
    0.8305084705352783,
    0.8305084705352783,
    0.8644067645072937,
    0.8813559412956238,
    0.8305084705352783,
    0.8474576473236084,
    0.8305084705352783,
    0.8305084705352783,
    0.8474576473236084,
    0.8474576473236084,
    0.8474576473236084,
    0.8644067645072937,
    0.8305084705352783,
    0.8474576473236084,
    0.8474576473236084,
    0.8474576473236084,
    0.8474576473236084,
    0.8644067645072937,
    0.8474576473236084,
    0.8474576473236084,
    0.8474576473236084,
    0.8305084705352783,
    0.8474576473236084,
    0.8983050584793091,
    0.8813559412956238,
    0.8644067645072937,
    0.8305084705352783,
    0.8474576473236084,
    0.8474576473236084,
    0.8305084705352783,
    0.8474576473236084,
    0.8474576473236084,
    0.8135592937469482,
    0.8474576473236084,
    0.8305084705352783,
    0.8305084705352783,
    0.8305084705352783,
    0.8135592937469482
  ],
  "val_loss": [
    1.1504873037338257,
    0.8355346918106079,
    0.9284233450889587,
    0.7931154370307922,
    0.7833288311958313,
    0.7344596982002258,
    0.720285952091217,
    0.6940954327583313,
    0.7159845232963562,
    0.70319664478302,
    0.6961125731468201,
    0.671686053276062,
    0.6896525025367737,
    0.6895185112953186,
    0.6487454175949097,
    0.6187011003494263,
    0.6899664998054504,
    0.7051607966423035,
    0.6563225388526917,
    0.6965059638023376,
    0.6486071944236755,
    0.7041140794754028,
    0.5837798714637756,
    0.6512606143951416,
    0.6667426824569702,
    0.681114912033081,
    0.7367514967918396,
    0.6402004957199097,
    0.6207875609397888,
    0.542186975479126,
    0.6370946168899536,
    0.6452780365943909,
    0.6390888690948486,
    0.7533485889434814,
    0.6358302235603333,
    0.585432231426239,
    0.6155456304550171,
    0.6477539539337158,
    0.6015852689743042,
    0.5151604413986206,
    0.6686545014381409,
    0.5651379823684692,
    0.5956135392189026,
    0.5860974192619324,
    0.5970568656921387,
    0.6704881191253662,
    0.6447470784187317,
    0.6390345692634583,
    0.6738189458847046,
    0.668140709400177
  ]
}