{
  "accuracy": [
    0.6313559412956238,
    0.7457627058029175,
    0.7330508232116699,
    0.8135592937469482,
    0.8347457647323608,
    0.8516949415206909,
    0.8813559412956238,
    0.9110169410705566,
    0.9025423526763916,
    0.9152542352676392,
    0.9237288236618042,
    0.9279661178588867,
    0.9364407062530518,
    0.9279661178588867,
    0.9322034120559692,
    0.9279661178588867,
    0.944915235042572,
    0.9237288236618042,
    0.9533898234367371,
    0.9491525292396545,
    0.9576271176338196,
    0.944915235042572,
    0.9661017060279846,
    0.9661017060279846,
    0.9745762944221497,
    0.9703390002250671,
    0.9576271176338196,
    0.9661017060279846,
    0.9661017060279846,
    0.9745762944221497,
    0.9703390002250671,
    0.9703390002250671,
    0.944915235042572,
    0.9491525292396545,
    0.9661017060279846,
    0.9576271176338196,
    0.9491525292396545,
    0.9618644118309021,
    0.9237288236618042,
    0.9703390002250671,
    0.9661017060279846,
    0.9576271176338196,
    0.9703390002250671,
    0.9703390002250671,
    0.9703390002250671,
    0.9703390002250671,
    0.9661017060279846,
    0.9703390002250671,
    0.9661017060279846,
    0.9703390002250671
  ],
  "loss": [
    4.034473419189453,
    2.1499152183532715,
    0.9728894829750061,
    0.7735204696655273,
    0.6648985743522644,
    0.631012499332428,
    0.5652211904525757,
    0.583087146282196,
    0.5242957472801208,
    0.47675225138664246,
    0.5025187134742737,
    0.45681220293045044,
    0.43684035539627075,
    0.4460676610469818,
    0.4420119822025299,
    0.43150800466537476,
    0.42117005586624146,
    0.4567146301269531,
    0.40153399109840393,
    0.3793121576309204,
    0.37592726945877075,
    0.3847639560699463,
    0.3553025424480438,
    0.36529144644737244,
    0.3593599498271942,
    0.3377724587917328,
    0.33610618114471436,
    0.33027389645576477,
    0.32967615127563477,
    0.3070601224899292,
    0.3306257426738739,
    0.31406164169311523,
    0.3739413321018219,
    0.3545481264591217,
    0.3318875730037689,
    0.33675503730773926,
    0.3333253264427185,
    0.3425888419151306,
    0.39208194613456726,
    0.32032492756843567,
    0.3390039801597595,
    0.33423471450805664,
    0.2983708083629608,
    0.3066285252571106,
    0.30128392577171326,
    0.2977255582809448,
    0.29916587471961975,
    0.2918577492237091,
    0.2901345491409302,
    0.27859070897102356
  ],
  "val_accuracy": [
    0.8135592937469482,
    0.7118644118309021,
    0.8305084705352783,
    0.8135592937469482,
    0.8305084705352783,
    0.8474576473236084,
    0.8644067645072937,
    0.8644067645072937,
    0.8813559412956238,
    0.8813559412956238,
    0.8813559412956238,
    0.8813559412956238,
    0.8983050584793091,
    0.8474576473236084,
    0.8644067645072937,
    0.8305084705352783,
    0.8983050584793091,
    0.8644067645072937,
    0.8644067645072937,
    0.8474576473236084,
    0.8474576473236084,
    0.8813559412956238,
    0.8474576473236084,
    0.8813559412956238,
    0.8474576473236084,
    0.8644067645072937,
    0.8474576473236084,
    0.8644067645072937,
    0.8474576473236084,
    0.8305084705352783,
    0.8813559412956238,
    0.8135592937469482,
    0.8305084705352783,
    0.8135592937469482,
    0.8305084705352783,
    0.8474576473236084,
    0.8305084705352783,
    0.8135592937469482,
    0.8474576473236084,
    0.8474576473236084,
    0.8474576473236084,
    0.8644067645072937,
    0.8474576473236084,
    0.8644067645072937,
    0.8474576473236084,
    0.8644067645072937,
    0.8813559412956238,
    0.8644067645072937,
    0.8474576473236084,
    0.8474576473236084
  ],
  "val_loss": [
    1.09648859500885,
    0.8245073556900024,
    0.8062361478805542,
    0.7470020651817322,
    0.7476069927215576,
    0.6988912224769592,
    0.6379473209381104,
    0.65534907579422,
    0.6553429961204529,
    0.6226521134376526,
    0.6281812191009521,
    0.6006960868835449,
    0.6041274070739746,
    0.5957544445991516,
    0.6363415718078613,
    0.6052507162094116,
    0.5901094079017639,
    0.6108929514884949,
    0.5629665851593018,
    0.6060212850570679,
    0.5870248079299927,
    0.5944458246231079,
    0.5708073377609253,
    0.5686638355255127,
    0.5864574909210205,
    0.6081339716911316,
    0.5942500233650208,
    0.5964257121086121,
    0.6073784828186035,
    0.58843994140625,
    0.5859816074371338,
    0.6272387504577637,
    0.6590433716773987,
    0.5827330946922302,
    0.6133435964584351,
    0.6507684588432312,
    0.6207715272903442,
    0.6419446468353271,
    0.6062226295471191,
    0.56083744764328,
    0.5660825967788696,
    0.570154070854187,
    0.5894347429275513,
    0.5763525366783142,
    0.5773869752883911,
    0.5784589052200317,
    0.6028932929039001,
    0.6147696375846863,
    0.5875353813171387,
    0.5885217785835266
  ]
}