{
  "accuracy": [
    0.5042372941970825,
    0.6694915294647217,
    0.6144067645072937,
    0.6228813529014587,
    0.8177965879440308,
    0.8008474707603455,
    0.8177965879440308,
    0.8262711763381958,
    0.8516949415206909,
    0.8432203531265259,
    0.8559321761131287,
    0.8559321761131287,
    0.8983050584793091,
    0.8983050584793091,
    0.9279661178588867,
    0.9406779408454895,
    0.9364407062530518,
    0.9533898234367371,
    0.9491525292396545,
    0.9661017060279846,
    0.9618644118309021,
    0.9618644118309021,
    0.9745762944221497,
    0.9703390002250671,
    0.9703390002250671,
    0.9703390002250671,
    0.9618644118309021,
    0.9745762944221497,
    0.9703390002250671,
    0.9745762944221497,
    0.9745762944221497,
    0.9661017060279846,
    0.9703390002250671,
    0.9618644118309021,
    0.9618644118309021,
    0.9533898234367371,
    0.9745762944221497,
    0.9745762944221497,
    0.9618644118309021,
    0.9745762944221497,
    0.9745762944221497,
    0.9703390002250671,
    0.9745762944221497,
    0.9703390002250671,
    0.9703390002250671,
    0.9745762944221497,
    0.9745762944221497,
    0.9661017060279846,
    0.9745762944221497,
    0.9745762944221497
  ],
  "loss": [
    4.584418773651123,
    0.9917190074920654,
    1.0517948865890503,
    0.9976028203964233,
    0.8930668830871582,
    1.0670843124389648,
    0.8312487602233887,
    0.7848326563835144,
    0.7253543138504028,
    0.6996161937713623,
    0.6335379481315613,
    0.5970536470413208,
    0.5655019283294678,
    0.5230648517608643,
    0.47574034333229065,
    0.46548616886138916,
    0.4463294446468353,
    0.42587393522262573,
    0.40841665863990784,
    0.3893279731273651,
    0.3751641809940338,
    0.3630385994911194,
    0.3410036861896515,
    0.32857242226600647,
    0.3320120871067047,
    0.32653361558914185,
    0.3352945148944855,
    0.31842607259750366,
    0.31175342202186584,
    0.3004269301891327,
    0.31052500009536743,
    0.32182246446609497,
    0.3010914921760559,
    0.3351024389266968,
    0.3268897533416748,
    0.3317694067955017,
    0.300428181886673,
    0.2810467481613159,
    0.30613699555397034,
    0.26986753940582275,
    0.2713092267513275,
    0.2836608588695526,
    0.2795368432998657,
    0.2667979598045349,
    0.271769642829895,
    0.25835397839546204,
    0.2682388126850128,
    0.2600097358226776,
    0.2554686367511749,
    0.25459522008895874
  ],
  "val_accuracy": [
    0.7288135886192322,
    0.6440678238868713,
    0.694915235042572,
    0.8135592937469482,
    0.7627118825912476,
    0.8644067645072937,
    0.7627118825912476,
    0.7966101765632629,
    0.7966101765632629,
    0.7796609997749329,
    0.7966101765632629,
    0.8135592937469482,
    0.7966101765632629,
    0.8135592937469482,
    0.8135592937469482,
    0.7966101765632629,
    0.7796609997749329,
    0.8135592937469482,
    0.7966101765632629,
    0.7966101765632629,
    0.7966101765632629,
    0.7966101765632629,
    0.8135592937469482,
    0.7796609997749329,
    0.7796609997749329,
    0.7796609997749329,
    0.7966101765632629,
    0.8135592937469482,
    0.7966101765632629,
    0.7627118825912476,
    0.7966101765632629,
    0.7966101765632629,
    0.7966101765632629,
    0.7796609997749329,
    0.8474576473236084,
    0.7966101765632629,
    0.8305084705352783,
    0.8135592937469482,
    0.7966101765632629,
    0.8135592937469482,
    0.7966101765632629,
    0.7966101765632629,
    0.8135592937469482,
    0.7966101765632629,
    0.8305084705352783,
    0.8305084705352783,
    0.7966101765632629,
    0.8305084705352783,
    0.8135592937469482,
    0.8135592937469482
  ],
  "val_loss": [
    0.9694101214408875,
    0.9801977276802063,
    1.0339709520339966,
    0.9381645321846008,
    0.8594307899475098,
    0.7927583456039429,
    0.8753052949905396,
    0.7788097858428955,
    0.7542902827262878,
    0.7566552758216858,
    0.7166635394096375,
    0.7316169142723083,
    0.7200747132301331,
    0.7271431088447571,
    0.7901468276977539,
    0.803583562374115,
    0.764236330986023,
    0.7593339681625366,
    0.7982680201530457,
    0.81657475233078,
    0.8729104399681091,
    0.9765607118606567,
    1.0392590761184692,
    1.126120924949646,
    0.83237624168396,
    1.0094692707061768,
    1.0275155305862427,
    0.8085560202598572,
    0.8485116362571716,
    1.1522940397262573,
    0.8414743542671204,
    1.0061569213867188,
    0.8277682065963745,
    0.7497926354408264,
    0.8574949502944946,
    0.8273211717605591,
    0.8667078614234924,
    0.8961581587791443,
    0.8460376262664795,
    0.874481737613678,
    0.8591454029083252,
    0.914175271987915,
    0.9950812458992004,
    0.9235113859176636,
    0.9971833229064941,
    1.1811052560806274,
    1.0777230262756348,
    1.180787444114685,
    1.098908543586731,
    1.0053235292434692
  ]
}