{
  "accuracy": [
    0.555084764957428,
    0.7288135886192322,
    0.7923728823661804,
    0.7711864113807678,
    0.7838982939720154,
    0.8262711763381958,
    0.8516949415206909,
    0.8474576473236084,
    0.8559321761131287,
    0.8813559412956238,
    0.8516949415206909,
    0.8898305296897888,
    0.8644067645072937,
    0.8940678238868713,
    0.8898305296897888,
    0.9194915294647217,
    0.9194915294647217,
    0.9406779408454895,
    0.9491525292396545,
    0.9364407062530518,
    0.9533898234367371,
    0.9576271176338196,
    0.9576271176338196,
    0.9533898234367371,
    0.9703390002250671,
    0.9618644118309021,
    0.9618644118309021,
    0.9618644118309021,
    0.9533898234367371,
    0.9703390002250671,
    0.9576271176338196,
    0.9703390002250671,
    0.9661017060279846,
    0.9661017060279846,
    0.9745762944221497,
    0.9745762944221497,
    0.9703390002250671,
    0.9618644118309021,
    0.9745762944221497,
    0.9745762944221497,
    0.9745762944221497,
    0.9703390002250671,
    0.9745762944221497,
    0.9745762944221497,
    0.9745762944221497,
    0.9745762944221497,
    0.9745762944221497,
    0.9745762944221497,
    0.9745762944221497,
    0.9703390002250671
  ],
  "loss": [
    4.620700359344482,
    0.9616572856903076,
    0.9304114580154419,
    1.2634474039077759,
    0.8415540456771851,
    0.8190916776657104,
    0.7570134997367859,
    0.7132764458656311,
    0.6893799304962158,
    0.6382789015769958,
    0.6525535583496094,
    0.5632565021514893,
    0.6208375096321106,
    0.5603926181793213,
    0.5412035584449768,
    0.510716438293457,
    0.4601539373397827,
    0.4723168611526489,
    0.42997118830680847,
    0.39977872371673584,
    0.4068748354911804,
    0.4070194959640503,
    0.34520289301872253,
    0.36140382289886475,
    0.34360992908477783,
    0.31045249104499817,
    0.3044176995754242,
    0.31121695041656494,
    0.32165294885635376,
    0.3000663220882416,
    0.2890625,
    0.2818671762943268,
    0.29251334071159363,
    0.29095277190208435,
    0.2678713798522949,
    0.2503390610218048,
    0.2556765377521515,
    0.30402758717536926,
    0.2598876655101776,
    0.2595670223236084,
    0.2589568495750427,
    0.2586924731731415,
    0.25126364827156067,
    0.23592986166477203,
    0.23393268883228302,
    0.2344987988471985,
    0.22324348986148834,
    0.21743997931480408,
    0.23221199214458466,
    0.22242845594882965
  ],
  "val_accuracy": [
    0.6610169410705566,
    0.7457627058029175,
    0.7627118825912476,
    0.7627118825912476,
    0.8644067645072937,
    0.8474576473236084,
    0.8474576473236084,
    0.8135592937469482,
    0.8644067645072937,
    0.8474576473236084,
    0.8474576473236084,
    0.8474576473236084,
    0.8305084705352783,
    0.8813559412956238,
    0.8644067645072937,
    0.8474576473236084,
    0.8474576473236084,
    0.8644067645072937,
    0.8644067645072937,
    0.8644067645072937,
    0.8474576473236084,
    0.8305084705352783,
    0.8644067645072937,
    0.8474576473236084,
    0.8474576473236084,
    0.8813559412956238,
    0.8813559412956238,
    0.8644067645072937,
    0.8474576473236084,
    0.8644067645072937,
    0.8644067645072937,
    0.8644067645072937,
    0.8644067645072937,
    0.8644067645072937,
    0.8644067645072937,
    0.8644067645072937,
    0.8305084705352783,
    0.8644067645072937,
    0.8644067645072937,
    0.8813559412956238,
    0.8644067645072937,
    0.8813559412956238,
    0.8813559412956238,
    0.8644067645072937,
    0.8644067645072937,
    0.8644067645072937,
    0.8474576473236084,
    0.8305084705352783,
    0.8474576473236084,
    0.8474576473236084
  ],
  "val_loss": [
    0.8893766403198242,
    0.947014570236206,
    0.9106615781784058,
    0.8647344708442688,
    0.8540316224098206,
    0.7532097697257996,
    0.7469763159751892,
    0.7392579913139343,
    0.6955645680427551,
    0.6828463077545166,
    0.685531735420227,
    0.727763831615448,
    0.6554408669471741,
    0.6555714011192322,
    0.6333875060081482,
    0.6572372913360596,
    0.6260034441947937,
    0.6016425490379333,
    0.6447435021400452,
    0.6313307285308838,
    0.6033071279525757,
    0.7360093593597412,
    0.7192192077636719,
    0.6546263098716736,
    0.6539309024810791,
    0.6930413842201233,
    0.6558350324630737,
    0.6290381550788879,
    0.6234726905822754,
    0.6363099813461304,
    0.6267714500427246,
    0.6331806778907776,
    0.6116190552711487,
    0.5925395488739014,
    0.6676203012466431,
    0.7762690782546997,
    0.6647129654884338,
    0.629211962223053,
    0.5840901732444763,
    0.6407020688056946,
    0.6715518236160278,
    0.5749145746231079,
    0.630217432975769,
    0.6369661092758179,
    0.6236066818237305,
    0.7221952676773071,
    0.8823903203010559,
    0.8544222116470337,
    0.8918156027793884,
    0.9260795712471008
  ]
}