{
  "accuracy": [
    0.375,
    0.625,
    0.875,
    0.5,
    0.75,
    0.875,
    0.75,
    0.75,
    0.875,
    0.75,
    0.875,
    0.875,
    0.75,
    0.625,
    0.875,
    0.875,
    0.875,
    0.875,
    0.875,
    0.875,
    0.875,
    0.875,
    0.875,
    0.875,
    0.875,
    0.875,
    0.875,
    0.875,
    0.875,
    0.875,
    0.875,
    0.875,
    0.875,
    0.875,
    0.875,
    0.875,
    0.875,
    0.875,
    0.875,
    0.875,
    0.875,
    0.875,
    0.875,
    0.875,
    0.875,
    0.875,
    0.875,
    0.875,
    0.875,
    0.875
  ],
  "loss": [
    1.0588622093200684,
    10.641630172729492,
    3.14479923248291,
    14.414301872253418,
    6.716489791870117,
    1.3268420696258545,
    1.3892024755477905,
    1.6523265838623047,
    1.4252866506576538,
    1.3757842779159546,
    0.8299249410629272,
    0.6425814032554626,
    0.6368961930274963,
    0.7259265780448914,
    0.6261110901832581,
    0.6544787287712097,
    0.6995550990104675,
    0.5865851640701294,
    0.5765116214752197,
    0.6231791377067566,
    0.7469406723976135,
    0.6042806506156921,
    0.5989959836006165,
    0.6654733419418335,
    0.6166971325874329,
    0.6186712384223938,
    0.6299809813499451,
    0.6140199899673462,
    0.5349649786949158,
    0.6279600858688354,
    0.75828617811203,
    0.6121461987495422,
    0.6103088855743408,
    0.6334429979324341,
    0.6079229116439819,
    0.6227052807807922,
    0.6680418848991394,
    0.6955646872520447,
    0.561065673828125,
    0.5747045874595642,
    0.6125617027282715,
    0.6395108699798584,
    0.6818701028823853,
    0.6039692163467407,
    0.5879605412483215,
    0.6376752853393555,
    0.6515517234802246,
    0.6170892715454102,
    0.5675118565559387,
    0.6579384207725525
  ],
  "val_accuracy": [
    0.5,
    1.0,
    1.0,
    1.0,
    1.0,
    1.0,
    0.5,
    0.5,
    0.5,
    0.5,
    1.0,
    1.0,
    1.0,
    1.0,
    1.0,
    1.0,
    1.0,
    1.0,
    1.0,
    1.0,
    1.0,
    1.0,
    1.0,
    1.0,
    1.0,
    1.0,
    1.0,
    1.0,
    1.0,
    1.0,
    1.0,
    1.0,
    1.0,
    1.0,
    1.0,
    1.0,
    1.0,
    1.0,
    1.0,
    1.0,
    1.0,
    1.0,
    1.0,
    1.0,
    1.0,
    1.0,
    1.0,
    1.0,
    1.0,
    1.0
  ],
  "val_loss": [
    2.596918821334839,
    0.26914119720458984,
    0.2559622824192047,
    0.24743257462978363,
    0.2439635843038559,
    0.361266553401947,
    1.345075011253357,
    1.4566062688827515,
    1.3264048099517822,
    0.8063254356384277,
    0.6813626885414124,
    0.6872552633285522,
    0.6589198112487793,
    0.5965860486030579,
    0.5429121851921082,
    0.48671770095825195,
    0.4753735065460205,
    0.49365484714508057,
    0.4801454246044159,
    0.47150081396102905,
    0.545430064201355,
    0.5723884701728821,
    0.5751643776893616,
    0.5777854919433594,
    0.5417558550834656,
    0.5461731553077698,
    0.5463458299636841,
    0.5650894045829773,
    0.4820903539657593,
    0.4368411600589752,
    0.424436092376709,
    0.4934217929840088,
    0.5028774738311768,
    0.5086778998374939,
    0.5037922859191895,
    0.4870292544364929,
    0.4514816105365753,
    0.45759010314941406,
    0.467578262090683,
    0.47539886832237244,
    0.47607657313346863,
    0.48624515533447266,
    0.49100884795188904,
    0.49359744787216187,
    0.4958115518093109,
    0.49488937854766846,
    0.49428924918174744,
    0.4948147237300873,
    0.4954819977283478,
    0.4965318739414215
  ]
}