{
  "accuracy": [
    0.6610169410705566,
    0.7457627058029175,
    0.8389830589294434,
    0.8516949415206909,
    0.8855932354927063,
    0.8728813529014587,
    0.9110169410705566,
    0.9194915294647217,
    0.9533898234367371,
    0.9533898234367371,
    0.9406779408454895,
    0.9491525292396545,
    0.9533898234367371,
    0.9661017060279846,
    0.9576271176338196,
    0.9661017060279846,
    0.9618644118309021,
    0.9745762944221497,
    0.9703390002250671,
    0.9703390002250671,
    0.9703390002250671,
    0.9661017060279846,
    0.9745762944221497,
    0.9745762944221497,
    0.9703390002250671,
    0.9661017060279846,
    0.9703390002250671,
    0.9745762944221497,
    0.9703390002250671,
    0.9745762944221497,
    0.9745762944221497,
    0.9745762944221497,
    0.9745762944221497,
    0.9745762944221497,
    0.9703390002250671,
    0.9745762944221497,
    0.9745762944221497,
    0.9703390002250671,
    0.9703390002250671,
    0.9237288236618042,
    0.9364407062530518,
    0.9661017060279846,
    0.9576271176338196,
    0.9618644118309021,
    0.9703390002250671,
    0.9618644118309021,
    0.9745762944221497,
    0.9703390002250671,
    0.9703390002250671,
    0.9745762944221497
  ],
  "loss": [
    5.402247428894043,
    1.2302964925765991,
    0.7627642750740051,
    0.7530289888381958,
    0.6891530752182007,
    0.6387104988098145,
    0.6054869890213013,
    0.5925232172012329,
    0.5124492645263672,
    0.5181108713150024,
    0.5085042119026184,
    0.4374942481517792,
    0.4471001923084259,
    0.42061230540275574,
    0.4128821790218353,
    0.3841361701488495,
    0.3781888484954834,
    0.3637245297431946,
    0.349087655544281,
    0.34547314047813416,
    0.3367016613483429,
    0.34173569083213806,
    0.32405367493629456,
    0.32389190793037415,
    0.31557485461235046,
    0.3233352303504944,
    0.31042811274528503,
    0.280497282743454,
    0.3088889420032501,
    0.2905448377132416,
    0.27788594365119934,
    0.2828912138938904,
    0.28320538997650146,
    0.2724330425262451,
    0.26296183466911316,
    0.26102274656295776,
    0.26342421770095825,
    0.2661058008670807,
    0.2660050690174103,
    0.40907883644104004,
    0.35945966839790344,
    0.3307919204235077,
    0.3330972194671631,
    0.32923170924186707,
    0.30322858691215515,
    0.30453622341156006,
    0.28202423453330994,
    0.2909650206565857,
    0.2855422794818878,
    0.2775638997554779
  ],
  "val_accuracy": [
    0.7796609997749329,
    0.8644067645072937,
    0.8474576473236084,
    0.8474576473236084,
    0.8474576473236084,
    0.8474576473236084,
    0.8305084705352783,
    0.8644067645072937,
    0.8644067645072937,
    0.8474576473236084,
    0.8644067645072937,
    0.8644067645072937,
    0.8474576473236084,
    0.8644067645072937,
    0.8305084705352783,
    0.8644067645072937,
    0.8474576473236084,
    0.8474576473236084,
    0.8305084705352783,
    0.8474576473236084,
    0.8474576473236084,
    0.8644067645072937,
    0.8474576473236084,
    0.8644067645072937,
    0.8644067645072937,
    0.8644067645072937,
    0.8305084705352783,
    0.8474576473236084,
    0.8305084705352783,
    0.8305084705352783,
    0.8474576473236084,
    0.8644067645072937,
    0.8305084705352783,
    0.8305084705352783,
    0.8474576473236084,
    0.8474576473236084,
    0.8474576473236084,
    0.8474576473236084,
    0.7966101765632629,
    0.8305084705352783,
    0.8644067645072937,
    0.8305084705352783,
    0.8135592937469482,
    0.8305084705352783,
    0.7966101765632629,
    0.8305084705352783,
    0.8474576473236084,
    0.8644067645072937,
    0.8644067645072937,
    0.8305084705352783
  ],
  "val_loss": [
    1.2456324100494385,
    0.8140032291412354,
    0.832025945186615,
    0.7642597556114197,
    0.7520760893821716,
    0.7094196677207947,
    0.7429182529449463,
    0.7085864543914795,
    0.6836251616477966,
    0.8139089941978455,
    0.6400843858718872,
    0.6281852126121521,
    0.6610000729560852,
    0.7205948829650879,
    0.6955729126930237,
    0.7419164776802063,
    0.6513092517852783,
    0.7185408473014832,
    0.7607037425041199,
    0.6623730659484863,
    0.644299328327179,
    0.778642475605011,
    0.6489863991737366,
    0.6864348649978638,
    0.759981095790863,
    0.8068275451660156,
    0.6890038847923279,
    0.69706791639328,
    0.6659238338470459,
    0.7351880073547363,
    0.6673170924186707,
    0.7302428483963013,
    0.6531793475151062,
    0.7473734021186829,
    0.7597772479057312,
    0.7065967917442322,
    0.6842789649963379,
    0.588225245475769,
    0.9826983213424683,
    0.5616983771324158,
    0.5548403263092041,
    0.6824913620948792,
    0.5921638607978821,
    0.6069778203964233,
    0.6434965133666992,
    0.5906493067741394,
    0.545105516910553,
    0.5478276610374451,
    0.6695290207862854,
    0.6887681484222412
  ]
}