{
  "accuracy": [
    0.5762711763381958,
    0.7881355881690979,
    0.8135592937469482,
    0.8262711763381958,
    0.8432203531265259,
    0.8559321761131287,
    0.8855932354927063,
    0.8855932354927063,
    0.8813559412956238,
    0.8898305296897888,
    0.8940678238868713,
    0.8940678238868713,
    0.9194915294647217,
    0.9110169410705566,
    0.944915235042572,
    0.9364407062530518,
    0.9322034120559692,
    0.9533898234367371,
    0.9661017060279846,
    0.9618644118309021,
    0.9533898234367371,
    0.9618644118309021,
    0.9533898234367371,
    0.9491525292396545,
    0.9279661178588867,
    0.9279661178588867,
    0.9576271176338196,
    0.9576271176338196,
    0.9661017060279846,
    0.9661017060279846,
    0.9618644118309021,
    0.9576271176338196,
    0.9745762944221497,
    0.9661017060279846,
    0.9661017060279846,
    0.9618644118309021,
    0.9703390002250671,
    0.9745762944221497,
    0.9661017060279846,
    0.9661017060279846,
    0.9661017060279846,
    0.9703390002250671,
    0.9618644118309021,
    0.9661017060279846,
    0.9661017060279846,
    0.9745762944221497,
    0.9703390002250671,
    0.9661017060279846,
    0.9661017060279846,
    0.9703390002250671
  ],
  "loss": [
    6.743719100952148,
    0.8991496562957764,
    0.893760085105896,
    0.7903696894645691,
    0.8275446891784668,
    0.7266820669174194,
    0.6957336664199829,
    0.6968588829040527,
    0.6381078958511353,
    0.622731626033783,
    0.5798795223236084,
    0.5679832100868225,
    0.5303576588630676,
    0.559141993522644,
    0.48294222354888916,
    0.4596199691295624,
    0.47160807251930237,
    0.4423202872276306,
    0.4079456329345703,
    0.40819427371025085,
    0.4088110625743866,
    0.4882752299308777,
    0.4188423454761505,
    0.3962976038455963,
    0.44669482111930847,
    0.4226621985435486,
    0.4007393717765808,
    0.37378475069999695,
    0.36909306049346924,
    0.35149526596069336,
    0.3659711480140686,
    0.3617110848426819,
    0.3350600302219391,
    0.3297059237957001,
    0.3262813091278076,
    0.31720155477523804,
    0.3085251450538635,
    0.2961011230945587,
    0.2885178029537201,
    0.287113219499588,
    0.30562514066696167,
    0.2810128331184387,
    0.2885509133338928,
    0.2732517719268799,
    0.2779693603515625,
    0.26359397172927856,
    0.26464536786079407,
    0.2543536126613617,
    0.25808408856391907,
    0.2692546248435974
  ],
  "val_accuracy": [
    0.7118644118309021,
    0.8305084705352783,
    0.8305084705352783,
    0.8474576473236084,
    0.8474576473236084,
    0.8135592937469482,
    0.8983050584793091,
    0.8813559412956238,
    0.8135592937469482,
    0.8813559412956238,
    0.8644067645072937,
    0.8474576473236084,
    0.8135592937469482,
    0.8474576473236084,
    0.8644067645072937,
    0.8644067645072937,
    0.8474576473236084,
    0.8474576473236084,
    0.8644067645072937,
    0.8644067645072937,
    0.8644067645072937,
    0.8135592937469482,
    0.8644067645072937,
    0.8644067645072937,
    0.8474576473236084,
    0.8983050584793091,
    0.8644067645072937,
    0.8644067645072937,
    0.8474576473236084,
    0.8644067645072937,
    0.8644067645072937,
    0.8474576473236084,
    0.8474576473236084,
    0.8474576473236084,
    0.8305084705352783,
    0.8305084705352783,
    0.8135592937469482,
    0.8135592937469482,
    0.8135592937469482,
    0.8135592937469482,
    0.8644067645072937,
    0.8305084705352783,
    0.8474576473236084,
    0.8474576473236084,
    0.7966101765632629,
    0.8135592937469482,
    0.8135592937469482,
    0.8474576473236084,
    0.8644067645072937,
    0.8644067645072937
  ],
  "val_loss": [
    0.8434666991233826,
    0.917917788028717,
    0.8815698027610779,
    0.7782334089279175,
    0.7360051274299622,
    0.7964383363723755,
    0.7074741721153259,
    0.6885619163513184,
    0.7316647171974182,
    0.6774078607559204,
    0.6484129428863525,
    0.677367627620697,
    0.7120224833488464,
    0.7032865285873413,
    0.6497520804405212,
    0.699453592300415,
    0.6325358152389526,
    0.6388729810714722,
    0.6536274552345276,
    0.6654280424118042,
    0.6136159300804138,
    0.7066002488136292,
    0.6539371013641357,
    0.575096607208252,
    0.6858497262001038,
    0.6136261224746704,
    0.6004986763000488,
    0.6237566471099854,
    0.6997482776641846,
    0.6315354108810425,
    0.6934741139411926,
    0.7219821214675903,
    0.6527069211006165,
    0.6639878749847412,
    0.6799746751785278,
    0.7040891051292419,
    0.7087852954864502,
    0.6741918921470642,
    0.7491395473480225,
    0.7022651433944702,
    0.63201904296875,
    0.7464109659194946,
    0.669880747795105,
    0.6385740041732788,
    0.7015021443367004,
    0.7010078430175781,
    0.7201110124588013,
    0.6614801287651062,
    0.6097713112831116,
    0.7027959227561951
  ]
}