{
  "accuracy": [
    0.7669491767883301,
    0.7245762944221497,
    0.8601694703102112,
    0.8389830589294434,
    0.8516949415206909,
    0.8771186470985413,
    0.8601694703102112,
    0.8559321761131287,
    0.8813559412956238,
    0.9025423526763916,
    0.8983050584793091,
    0.9194915294647217,
    0.9322034120559692,
    0.9533898234367371,
    0.9364407062530518,
    0.9533898234367371,
    0.9661017060279846,
    0.9533898234367371,
    0.9491525292396545,
    0.9576271176338196,
    0.9661017060279846,
    0.9491525292396545,
    0.9364407062530518,
    0.9618644118309021,
    0.9533898234367371,
    0.9703390002250671,
    0.9576271176338196,
    0.9618644118309021,
    0.9661017060279846,
    0.9618644118309021,
    0.9745762944221497,
    0.9703390002250671,
    0.9661017060279846,
    0.9703390002250671,
    0.9576271176338196,
    0.9703390002250671,
    0.9703390002250671,
    0.9618644118309021,
    0.9618644118309021,
    0.9745762944221497,
    0.9745762944221497,
    0.9703390002250671,
    0.9745762944221497,
    0.9745762944221497,
    0.9745762944221497,
    0.9745762944221497,
    0.9618644118309021,
    0.9745762944221497,
    0.9745762944221497,
    0.9745762944221497
  ],
  "loss": [
    4.282772064208984,
    1.742148995399475,
    0.7574355006217957,
    0.8270321488380432,
    0.7383354902267456,
    0.7174455523490906,
    0.6962844729423523,
    0.7067140936851501,
    0.6360265016555786,
    0.6235777139663696,
    0.5642354488372803,
    0.5506286025047302,
    0.52403324842453,
    0.474835604429245,
    0.43783584237098694,
    0.4187852442264557,
    0.40695637464523315,
    0.3775402307510376,
    0.38650697469711304,
    0.37797293066978455,
    0.3812500536441803,
    0.414570689201355,
    0.44525304436683655,
    0.36648115515708923,
    0.37062156200408936,
    0.3434079587459564,
    0.37618017196655273,
    0.3412538766860962,
    0.3332851529121399,
    0.33550044894218445,
    0.3059532642364502,
    0.31565096974372864,
    0.300775945186615,
    0.29852497577667236,
    0.32523807883262634,
    0.29922404885292053,
    0.2775949239730835,
    0.32879066467285156,
    0.3056776523590088,
    0.28148049116134644,
    0.27417945861816406,
    0.25193703174591064,
    0.25515440106391907,
    0.2641187012195587,
    0.24984683096408844,
    0.26320481300354004,
    0.2586199641227722,
    0.24172361195087433,
    0.24474948644638062,
    0.23699288070201874
  ],
  "val_accuracy": [
    0.694915235042572,
    0.7966101765632629,
    0.8644067645072937,
    0.8813559412956238,
    0.8305084705352783,
    0.8305084705352783,
    0.8474576473236084,
    0.8135592937469482,
    0.8644067645072937,
    0.8305084705352783,
    0.8305084705352783,
    0.7966101765632629,
    0.8305084705352783,
    0.8135592937469482,
    0.7966101765632629,
    0.7966101765632629,
    0.8135592937469482,
    0.8305084705352783,
    0.8135592937469482,
    0.7796609997749329,
    0.8474576473236084,
    0.7796609997749329,
    0.8474576473236084,
    0.8644067645072937,
    0.8474576473236084,
    0.7966101765632629,
    0.8305084705352783,
    0.8135592937469482,
    0.8644067645072937,
    0.8644067645072937,
    0.8474576473236084,
    0.8305084705352783,
    0.8305084705352783,
    0.8305084705352783,
    0.8305084705352783,
    0.8135592937469482,
    0.8305084705352783,
    0.8135592937469482,
    0.8135592937469482,
    0.7966101765632629,
    0.8135592937469482,
    0.8135592937469482,
    0.8474576473236084,
    0.8135592937469482,
    0.8135592937469482,
    0.8135592937469482,
    0.8474576473236084,
    0.8135592937469482,
    0.8135592937469482,
    0.8305084705352783
  ],
  "val_loss": [
    2.1252968311309814,
    0.9056516885757446,
    0.7764857411384583,
    0.775462806224823,
    0.749505877494812,
    0.739522397518158,
    0.7772392630577087,
    0.7558475136756897,
    0.7105326056480408,
    0.7095605134963989,
    0.7491158843040466,
    0.780407726764679,
    0.8518873453140259,
    0.828657865524292,
    0.8686932325363159,
    0.807616651058197,
    0.7920503616333008,
    0.8301371932029724,
    0.8826317191123962,
    0.759532630443573,
    0.7746915221214294,
    0.8826432228088379,
    0.6950461268424988,
    0.7006368637084961,
    0.7922775745391846,
    0.993232011795044,
    0.7786269187927246,
    0.6951063871383667,
    0.7185719609260559,
    0.7386336326599121,
    0.8736742734909058,
    0.8082173466682434,
    0.8229688405990601,
    0.8754194974899292,
    0.7685912251472473,
    0.7589445114135742,
    0.8560385704040527,
    0.6764612793922424,
    0.7933549880981445,
    0.9745948910713196,
    0.8257722854614258,
    0.8477643728256226,
    0.9326866865158081,
    0.9657537937164307,
    0.8866850733757019,
    0.8270635604858398,
    0.8738166689872742,
    0.8541730642318726,
    0.8580247163772583,
    0.8784939646720886
  ]
}