{
  "accuracy": [
    0.6271186470985413,
    0.758474588394165,
    0.8474576473236084,
    0.8855932354927063,
    0.8940678238868713,
    0.9194915294647217,
    0.9491525292396545,
    0.9661017060279846,
    0.9703390002250671,
    0.9872881174087524,
    0.9872881174087524,
    0.9745762944221497,
    0.9957627058029175,
    0.991525411605835,
    0.991525411605835,
    0.991525411605835,
    0.9872881174087524,
    0.9830508232116699,
    0.9872881174087524,
    0.991525411605835,
    0.991525411605835,
    0.9872881174087524,
    0.9830508232116699,
    0.991525411605835,
    0.991525411605835,
    0.991525411605835,
    0.9957627058029175,
    0.991525411605835,
    0.9872881174087524,
    0.9872881174087524,
    0.9830508232116699,
    0.9957627058029175,
    0.991525411605835,
    0.991525411605835,
    0.991525411605835,
    0.9957627058029175,
    0.9872881174087524,
    0.991525411605835,
    0.9957627058029175,
    0.9957627058029175,
    0.9957627058029175,
    0.9957627058029175,
    0.9872881174087524,
    0.9957627058029175,
    0.991525411605835,
    0.9957627058029175,
    0.9957627058029175,
    0.9957627058029175,
    0.9957627058029175,
    0.9957627058029175
  ],
  "loss": [
    2.9110076427459717,
    1.1120351552963257,
    0.8164198398590088,
    0.7691988348960876,
    0.6220701932907104,
    0.6235162019729614,
    0.5455634593963623,
    0.49327147006988525,
    0.44090765714645386,
    0.3934169113636017,
    0.37221887707710266,
    0.38344606757164,
    0.32533368468284607,
    0.3110712766647339,
    0.31974127888679504,
    0.29815664887428284,
    0.3439224064350128,
    0.3097049295902252,
    0.3119022846221924,
    0.2745766341686249,
    0.28342100977897644,
    0.283439576625824,
    0.2656481862068176,
    0.27170833945274353,
    0.27441707253456116,
    0.26593121886253357,
    0.23603732883930206,
    0.2371188998222351,
    0.2544148564338684,
    0.27007898688316345,
    0.25607383251190186,
    0.2455054074525833,
    0.25751447677612305,
    0.2447323203086853,
    0.22970598936080933,
    0.23199228942394257,
    0.2355373650789261,
    0.22025074064731598,
    0.2305310070514679,
    0.21011142432689667,
    0.20025905966758728,
    0.20601755380630493,
    0.20033913850784302,
    0.2053484171628952,
    0.1818055510520935,
    0.18859249353408813,
    0.17691311240196228,
    0.1696404069662094,
    0.17669671773910522,
    0.1822582483291626
  ],
  "val_accuracy": [
    0.7118644118309021,
    0.7966101765632629,
    0.7457627058029175,
    0.7457627058029175,
    0.8474576473236084,
    0.7457627058029175,
    0.7966101765632629,
    0.7796609997749329,
    0.7966101765632629,
    0.7796609997749329,
    0.7627118825912476,
    0.7796609997749329,
    0.7966101765632629,
    0.7966101765632629,
    0.8135592937469482,
    0.8135592937469482,
    0.7966101765632629,
    0.8474576473236084,
    0.8135592937469482,
    0.7796609997749329,
    0.7796609997749329,
    0.7966101765632629,
    0.7966101765632629,
    0.8135592937469482,
    0.8135592937469482,
    0.8305084705352783,
    0.8305084705352783,
    0.8135592937469482,
    0.7627118825912476,
    0.7627118825912476,
    0.7796609997749329,
    0.7627118825912476,
    0.7627118825912476,
    0.7796609997749329,
    0.7796609997749329,
    0.7796609997749329,
    0.7457627058029175,
    0.7457627058029175,
    0.7627118825912476,
    0.7627118825912476,
    0.7796609997749329,
    0.7627118825912476,
    0.7966101765632629,
    0.8135592937469482,
    0.7627118825912476,
    0.7457627058029175,
    0.7457627058029175,
    0.7627118825912476,
    0.7627118825912476,
    0.7796609997749329
  ],
  "val_loss": [
    5.773612976074219,
    1.9509984254837036,
    0.9708712100982666,
    1.6199721097946167,
    0.7939152121543884,
    1.3671722412109375,
    1.0976572036743164,
    0.8119999766349792,
    0.8587022423744202,
    0.934202253818512,
    0.8891734480857849,
    0.8973826766014099,
    1.029555082321167,
    0.9715314507484436,
    0.7972629070281982,
    1.0362156629562378,
    0.8036860227584839,
    0.7787976264953613,
    0.9154151678085327,
    0.8302610516548157,
    0.7669875025749207,
    0.8472121953964233,
    0.8614912033081055,
    0.7392483949661255,
    0.7645566463470459,
    0.6526308059692383,
    0.780640721321106,
    0.8207129836082458,
    1.2149726152420044,
    0.8727992177009583,
    0.7667127847671509,
    0.755548894405365,
    0.810746431350708,
    0.8606396913528442,
    0.8653122186660767,
    0.8363157510757446,
    0.8863047957420349,
    0.8568543195724487,
    0.7928646802902222,
    0.8277223110198975,
    0.7974949479103088,
    0.9395164847373962,
    0.7495765089988708,
    0.6878117322921753,
    0.8367712497711182,
    0.9852756857872009,
    0.9751144647598267,
    1.0041178464889526,
    0.8350408673286438,
    0.9607273936271667
  ]
}