{
  "accuracy": [
    0.6398305296897888,
    0.741525411605835,
    0.8474576473236084,
    0.8855932354927063,
    0.8644067645072937,
    0.9025423526763916,
    0.9237288236618042,
    0.9533898234367371,
    0.9576271176338196,
    0.9406779408454895,
    0.9661017060279846,
    0.9618644118309021,
    0.9491525292396545,
    0.9576271176338196,
    0.9576271176338196,
    0.9576271176338196,
    0.9703390002250671,
    0.9745762944221497,
    0.9703390002250671,
    0.9745762944221497,
    0.9703390002250671,
    0.9703390002250671,
    0.9745762944221497,
    0.9703390002250671,
    0.9661017060279846,
    0.9618644118309021,
    0.9745762944221497,
    0.9661017060279846,
    0.9618644118309021,
    0.9703390002250671,
    0.9745762944221497,
    0.9703390002250671,
    0.9745762944221497,
    0.9745762944221497,
    0.9703390002250671,
    0.9745762944221497,
    0.9703390002250671,
    0.9745762944221497,
    0.9745762944221497,
    0.9745762944221497,
    0.9745762944221497,
    0.9491525292396545,
    0.9618644118309021,
    0.9703390002250671,
    0.9703390002250671,
    0.9661017060279846,
    0.9703390002250671,
    0.9703390002250671,
    0.9703390002250671,
    0.9703390002250671
  ],
  "loss": [
    3.629014015197754,
    1.1137256622314453,
    0.7466475963592529,
    0.7297834157943726,
    0.6574881672859192,
    0.6119168996810913,
    0.5840975046157837,
    0.49602508544921875,
    0.47519001364707947,
    0.46641555428504944,
    0.4377070367336273,
    0.4447624683380127,
    0.46230506896972656,
    0.4244948625564575,
    0.4063727557659149,
    0.4134172201156616,
    0.38616830110549927,
    0.3559815585613251,
    0.33867761492729187,
    0.33178555965423584,
    0.3341672718524933,
    0.3098631799221039,
    0.3027484118938446,
    0.3153959810733795,
    0.31061503291130066,
    0.328960120677948,
    0.3000789284706116,
    0.3032780587673187,
    0.30637800693511963,
    0.3015657067298889,
    0.28674498200416565,
    0.2961662709712982,
    0.2706185579299927,
    0.2631722688674927,
    0.2652007043361664,
    0.2622651159763336,
    0.2592776417732239,
    0.2606295347213745,
    0.2606445550918579,
    0.29153361916542053,
    0.2508203685283661,
    0.3064057230949402,
    0.28348296880722046,
    0.27608129382133484,
    0.270876944065094,
    0.28935250639915466,
    0.2779136896133423,
    0.2537485659122467,
    0.24271433055400848,
    0.2622168958187103
  ],
  "val_accuracy": [
    0.8813559412956238,
    0.8135592937469482,
    0.7966101765632629,
    0.8135592937469482,
    0.8474576473236084,
    0.8474576473236084,
    0.8474576473236084,
    0.8305084705352783,
    0.8474576473236084,
    0.8474576473236084,
    0.8644067645072937,
    0.8305084705352783,
    0.8305084705352783,
    0.8474576473236084,
    0.8305084705352783,
    0.8135592937469482,
    0.8474576473236084,
    0.8474576473236084,
    0.8474576473236084,
    0.8305084705352783,
    0.8305084705352783,
    0.8474576473236084,
    0.8305084705352783,
    0.8644067645072937,
    0.7966101765632629,
    0.8305084705352783,
    0.8305084705352783,
    0.7966101765632629,
    0.8644067645072937,
    0.8305084705352783,
    0.8305084705352783,
    0.8305084705352783,
    0.8135592937469482,
    0.8474576473236084,
    0.8305084705352783,
    0.8305084705352783,
    0.8305084705352783,
    0.8305084705352783,
    0.8474576473236084,
    0.8305084705352783,
    0.8305084705352783,
    0.7627118825912476,
    0.8474576473236084,
    0.8474576473236084,
    0.8474576473236084,
    0.8474576473236084,
    0.8474576473236084,
    0.8474576473236084,
    0.8305084705352783,
    0.8305084705352783
  ],
  "val_loss": [
    1.0002126693725586,
    0.7955147624015808,
    0.8154087662696838,
    0.7861450910568237,
    0.7269173860549927,
    0.7265161871910095,
    0.7068199515342712,
    0.6830203533172607,
    0.6830510497093201,
    0.7114652395248413,
    0.7350454926490784,
    0.7488576769828796,
    0.7891263961791992,
    0.7583097219467163,
    0.731560468673706,
    0.656031608581543,
    0.7367788553237915,
    0.7391694784164429,
    0.7289459705352783,
    0.694244384765625,
    0.7187530994415283,
    0.7403374910354614,
    0.6646398901939392,
    0.7010065913200378,
    0.6540069580078125,
    0.6815392971038818,
    0.6521336436271667,
    0.8151171207427979,
    0.5589169263839722,
    0.6790183186531067,
    0.6611112356185913,
    0.668838620185852,
    0.7429430484771729,
    0.7756597399711609,
    0.6557667255401611,
    0.6285018920898438,
    0.6673417091369629,
    0.709583580493927,
    0.7221841216087341,
    0.7600899338722229,
    0.8261900544166565,
    0.7187169194221497,
    0.7144410610198975,
    0.6633278131484985,
    0.7013037800788879,
    0.6573991775512695,
    0.6917040944099426,
    0.6984054446220398,
    0.6614407896995544,
    0.662261962890625
  ]
}