{
  "accuracy": [
    0.6144067645072937,
    0.6694915294647217,
    0.8135592937469482,
    0.8177965879440308,
    0.8644067645072937,
    0.8728813529014587,
    0.8601694703102112,
    0.8898305296897888,
    0.9152542352676392,
    0.9025423526763916,
    0.9406779408454895,
    0.9533898234367371,
    0.9406779408454895,
    0.9279661178588867,
    0.9576271176338196,
    0.9745762944221497,
    0.9703390002250671,
    0.9618644118309021,
    0.9576271176338196,
    0.9533898234367371,
    0.9576271176338196,
    0.944915235042572,
    0.9618644118309021,
    0.9661017060279846,
    0.9745762944221497,
    0.9745762944221497,
    0.9745762944221497,
    0.9745762944221497,
    0.9745762944221497,
    0.9703390002250671,
    0.9703390002250671,
    0.9661017060279846,
    0.9745762944221497,
    0.9703390002250671,
    0.9745762944221497,
    0.9661017060279846,
    0.9745762944221497,
    0.9745762944221497,
    0.9745762944221497,
    0.9745762944221497,
    0.9745762944221497,
    0.9745762944221497,
    0.9703390002250671,
    0.9703390002250671,
    0.9703390002250671,
    0.9745762944221497,
    0.9703390002250671,
    0.9745762944221497,
    0.9703390002250671,
    0.9745762944221497
  ],
  "loss": [
    3.9525036811828613,
    0.9412105083465576,
    0.8719848394393921,
    0.8570322394371033,
    0.7638688087463379,
    0.7325378060340881,
    0.7011098861694336,
    0.6633272767066956,
    0.5928154587745667,
    0.5872769951820374,
    0.5491846203804016,
    0.4870905578136444,
    0.427291601896286,
    0.4521035850048065,
    0.4351440370082855,
    0.3922780156135559,
    0.36910948157310486,
    0.3779970705509186,
    0.36745554208755493,
    0.3756259083747864,
    0.36874479055404663,
    0.40421879291534424,
    0.37633997201919556,
    0.3614966869354248,
    0.32223084568977356,
    0.30901530385017395,
    0.30466148257255554,
    0.3053199350833893,
    0.2804434299468994,
    0.2899341881275177,
    0.28184807300567627,
    0.2926354706287384,
    0.282105416059494,
    0.28522416949272156,
    0.27462148666381836,
    0.26504483819007874,
    0.2670212984085083,
    0.2596534490585327,
    0.24942956864833832,
    0.24801814556121826,
    0.23894210159778595,
    0.24809741973876953,
    0.24415132403373718,
    0.2444538027048111,
    0.2409517616033554,
    0.23486939072608948,
    0.24655571579933167,
    0.2290673553943634,
    0.2496456652879715,
    0.22742174565792084
  ],
  "val_accuracy": [
    0.6440678238868713,
    0.8135592937469482,
    0.7627118825912476,
    0.8135592937469482,
    0.8305084705352783,
    0.7966101765632629,
    0.7966101765632629,
    0.7966101765632629,
    0.8305084705352783,
    0.8135592937469482,
    0.8305084705352783,
    0.8474576473236084,
    0.8305084705352783,
    0.8305084705352783,
    0.8474576473236084,
    0.8135592937469482,
    0.8135592937469482,
    0.8305084705352783,
    0.7796609997749329,
    0.7796609997749329,
    0.7457627058029175,
    0.8305084705352783,
    0.8135592937469482,
    0.8135592937469482,
    0.7966101765632629,
    0.8135592937469482,
    0.8305084705352783,
    0.7966101765632629,
    0.8305084705352783,
    0.8305084705352783,
    0.7966101765632629,
    0.8305084705352783,
    0.8305084705352783,
    0.7966101765632629,
    0.8135592937469482,
    0.8305084705352783,
    0.8135592937469482,
    0.8135592937469482,
    0.8135592937469482,
    0.8135592937469482,
    0.7966101765632629,
    0.8135592937469482,
    0.7796609997749329,
    0.8305084705352783,
    0.8135592937469482,
    0.8135592937469482,
    0.8135592937469482,
    0.8135592937469482,
    0.7966101765632629,
    0.7966101765632629
  ],
  "val_loss": [
    0.8971934914588928,
    0.8657037615776062,
    0.8864962458610535,
    0.81395024061203,
    0.7511341571807861,
    0.7220263481140137,
    0.7632017135620117,
    0.7710354328155518,
    0.7674605846405029,
    0.7040975093841553,
    0.7108754515647888,
    0.7264441847801208,
    0.7575636506080627,
    0.6527180075645447,
    0.6984551548957825,
    0.8266967535018921,
    0.7917676568031311,
    0.7808952331542969,
    0.8658943772315979,
    0.7807108759880066,
    0.9831936955451965,
    0.7120630145072937,
    0.7058752775192261,
    0.8126853704452515,
    0.930991530418396,
    0.9817255139350891,
    0.9520091414451599,
    0.9462876915931702,
    0.9653975963592529,
    0.9763757586479187,
    0.9252708554267883,
    0.8687277436256409,
    0.7214745879173279,
    0.8377658128738403,
    0.9163274168968201,
    0.8346659541130066,
    0.7566556930541992,
    0.8642784357070923,
    0.9598228335380554,
    0.9674215912818909,
    0.9197446703910828,
    0.9839838743209839,
    0.6938973665237427,
    0.8138682246208191,
    0.804219126701355,
    0.8070002198219299,
    0.7647566795349121,
    0.6757240891456604,
    0.8740739822387695,
    1.016656517982483
  ]
}