{
  "accuracy": [
    0.5932203531265259,
    0.5677965879440308,
    0.6144067645072937,
    0.6483050584793091,
    0.7076271176338196,
    0.8728813529014587,
    0.7754237055778503,
    0.8347457647323608,
    0.8220338821411133,
    0.8771186470985413,
    0.8347457647323608,
    0.8686440587043762,
    0.8516949415206909,
    0.8347457647323608,
    0.8474576473236084,
    0.8728813529014587,
    0.8644067645072937,
    0.8771186470985413,
    0.8940678238868713,
    0.8983050584793091,
    0.9152542352676392,
    0.9067796468734741,
    0.9406779408454895,
    0.9491525292396545,
    0.9533898234367371,
    0.9491525292396545,
    0.9406779408454895,
    0.9618644118309021,
    0.9576271176338196,
    0.9533898234367371,
    0.9661017060279846,
    0.9618644118309021,
    0.9661017060279846,
    0.9618644118309021,
    0.9745762944221497,
    0.9661017060279846,
    0.9703390002250671,
    0.9576271176338196,
    0.9745762944221497,
    0.9745762944221497,
    0.9703390002250671,
    0.9661017060279846,
    0.9745762944221497,
    0.9661017060279846,
    0.9661017060279846,
    0.9745762944221497,
    0.9661017060279846,
    0.9745762944221497,
    0.9703390002250671,
    0.9576271176338196
  ],
  "loss": [
    6.338571548461914,
    1.0449223518371582,
    0.967809796333313,
    1.0228898525238037,
    0.8639183044433594,
    0.8321133255958557,
    0.8089678287506104,
    0.7673828601837158,
    0.8073448538780212,
    0.744566023349762,
    0.7207933664321899,
    0.6746048927307129,
    0.6672656536102295,
    0.7286904454231262,
    0.6682732105255127,
    0.6139937043190002,
    0.6015755534172058,
    0.5356047749519348,
    0.4851025640964508,
    0.49614498019218445,
    0.4535082280635834,
    0.4726503789424896,
    0.4382695257663727,
    0.40957558155059814,
    0.3775666356086731,
    0.4042554199695587,
    0.3823437988758087,
    0.3915446996688843,
    0.35804644227027893,
    0.32925117015838623,
    0.31763049960136414,
    0.3287825584411621,
    0.3069225549697876,
    0.31350812315940857,
    0.31328171491622925,
    0.3093086779117584,
    0.2987179756164551,
    0.3096693754196167,
    0.2827231287956238,
    0.2654815912246704,
    0.27055713534355164,
    0.271773099899292,
    0.2772783041000366,
    0.2662118375301361,
    0.27932965755462646,
    0.2546086013317108,
    0.2600367069244385,
    0.2510676980018616,
    0.25076159834861755,
    0.31658169627189636
  ],
  "val_accuracy": [
    0.47457626461982727,
    0.6440678238868713,
    0.694915235042572,
    0.7457627058029175,
    0.7966101765632629,
    0.6271186470985413,
    0.7627118825912476,
    0.8135592937469482,
    0.8305084705352783,
    0.7627118825912476,
    0.8135592937469482,
    0.7457627058029175,
    0.7457627058029175,
    0.8305084705352783,
    0.8135592937469482,
    0.8813559412956238,
    0.8305084705352783,
    0.7966101765632629,
    0.8813559412956238,
    0.8305084705352783,
    0.8644067645072937,
    0.8305084705352783,
    0.7966101765632629,
    0.8305084705352783,
    0.8474576473236084,
    0.8474576473236084,
    0.8135592937469482,
    0.8135592937469482,
    0.8305084705352783,
    0.8474576473236084,
    0.8474576473236084,
    0.8305084705352783,
    0.8305084705352783,
    0.8305084705352783,
    0.8474576473236084,
    0.8305084705352783,
    0.8305084705352783,
    0.8305084705352783,
    0.8474576473236084,
    0.8474576473236084,
    0.8474576473236084,
    0.8305084705352783,
    0.7966101765632629,
    0.8135592937469482,
    0.8474576473236084,
    0.8305084705352783,
    0.8305084705352783,
    0.8305084705352783,
    0.8135592937469482,
    0.8135592937469482
  ],
  "val_loss": [
    0.9772154092788696,
    0.9153706431388855,
    0.9437355399131775,
    0.8369446396827698,
    0.86720210313797,
    0.9310215711593628,
    0.8158028721809387,
    0.8034277558326721,
    0.7493758201599121,
    0.7455489635467529,
    0.7140275835990906,
    0.9309226870536804,
    0.8266516327857971,
    0.8281804919242859,
    0.7349088788032532,
    0.6683267951011658,
    0.6779830455780029,
    0.7510294318199158,
    0.8014645576477051,
    0.7655321359634399,
    0.7698990106582642,
    0.7944602370262146,
    0.8246395587921143,
    0.8079594969749451,
    0.8960295915603638,
    0.8276942372322083,
    0.7553868889808655,
    0.8422648310661316,
    0.8749907612800598,
    0.8792749047279358,
    0.8812365531921387,
    0.9488863945007324,
    0.8535598516464233,
    0.760639488697052,
    0.7912106513977051,
    0.8525794148445129,
    0.9166445732116699,
    0.9890671372413635,
    0.9994125366210938,
    1.0354337692260742,
    0.993699312210083,
    0.9780347347259521,
    1.018062949180603,
    1.1214479207992554,
    1.0868638753890991,
    1.0164951086044312,
    1.0080432891845703,
    0.9823707938194275,
    1.1529366970062256,
    0.7536354660987854
  ]
}