{
  "accuracy": [
    0.6313559412956238,
    0.7838982939720154,
    0.7754237055778503,
    0.8093220591545105,
    0.8347457647323608,
    0.8601694703102112,
    0.8305084705352783,
    0.8771186470985413,
    0.9025423526763916,
    0.8813559412956238,
    0.9110169410705566,
    0.9067796468734741,
    0.9279661178588867,
    0.9406779408454895,
    0.9661017060279846,
    0.9618644118309021,
    0.991525411605835,
    0.991525411605835,
    0.9872881174087524,
    0.991525411605835,
    0.9661017060279846,
    0.9788135886192322,
    0.9872881174087524,
    0.991525411605835,
    0.9872881174087524,
    0.991525411605835,
    0.991525411605835,
    0.991525411605835,
    0.9872881174087524,
    0.9957627058029175,
    0.991525411605835,
    0.9830508232116699,
    0.9957627058029175,
    0.991525411605835,
    0.9957627058029175,
    0.9957627058029175,
    0.9872881174087524,
    0.9872881174087524,
    0.9872881174087524,
    0.991525411605835,
    0.9957627058029175,
    0.991525411605835,
    0.991525411605835,
    0.991525411605835,
    0.9957627058029175,
    0.991525411605835,
    0.9872881174087524,
    0.9957627058029175,
    0.991525411605835,
    0.991525411605835
  ],
  "loss": [
    4.160601615905762,
    0.9123550057411194,
    0.8394114375114441,
    0.7967774868011475,
    0.75057053565979,
    0.7120344042778015,
    0.7178773283958435,
    0.6639297008514404,
    0.5762056708335876,
    0.5607299208641052,
    0.5170791745185852,
    0.5115084052085876,
    0.45296069979667664,
    0.40824148058891296,
    0.37202081084251404,
    0.3539261221885681,
    0.30857136845588684,
    0.3093678653240204,
    0.28251922130584717,
    0.2807750105857849,
    0.3154061734676361,
    0.29596397280693054,
    0.3059566915035248,
    0.2677133083343506,
    0.2769449055194855,
    0.24482637643814087,
    0.2509896457195282,
    0.22346577048301697,
    0.21512830257415771,
    0.21667292714118958,
    0.25457125902175903,
    0.22659708559513092,
    0.2312864065170288,
    0.22047042846679688,
    0.19804653525352478,
    0.19283738732337952,
    0.19773975014686584,
    0.1962556540966034,
    0.19236603379249573,
    0.18891625106334686,
    0.17785988748073578,
    0.17588917911052704,
    0.1758783906698227,
    0.17492547631263733,
    0.16410543024539948,
    0.20421011745929718,
    0.18628990650177002,
    0.16789939999580383,
    0.17457033693790436,
    0.16296100616455078
  ],
  "val_accuracy": [
    0.7288135886192322,
    0.6779661178588867,
    0.7118644118309021,
    0.7118644118309021,
    0.7457627058029175,
    0.7457627058029175,
    0.694915235042572,
    0.7457627058029175,
    0.7627118825912476,
    0.7288135886192322,
    0.7796609997749329,
    0.7796609997749329,
    0.8135592937469482,
    0.7796609997749329,
    0.7966101765632629,
    0.7627118825912476,
    0.8135592937469482,
    0.7966101765632629,
    0.7966101765632629,
    0.7966101765632629,
    0.8135592937469482,
    0.8135592937469482,
    0.8135592937469482,
    0.8135592937469482,
    0.7966101765632629,
    0.8135592937469482,
    0.8305084705352783,
    0.8135592937469482,
    0.8135592937469482,
    0.8135592937469482,
    0.8135592937469482,
    0.8305084705352783,
    0.8305084705352783,
    0.8305084705352783,
    0.8305084705352783,
    0.8135592937469482,
    0.7796609997749329,
    0.8305084705352783,
    0.8305084705352783,
    0.8305084705352783,
    0.8135592937469482,
    0.7966101765632629,
    0.8135592937469482,
    0.7966101765632629,
    0.7966101765632629,
    0.7966101765632629,
    0.8135592937469482,
    0.8135592937469482,
    0.8135592937469482,
    0.8135592937469482
  ],
  "val_loss": [
    0.9161136150360107,
    1.133854866027832,
    0.9433892369270325,
    1.0329023599624634,
    0.8698013424873352,
    0.8340914249420166,
    1.0319966077804565,
    0.8948125839233398,
    0.8116147518157959,
    1.0741373300552368,
    0.805635929107666,
    0.8360372185707092,
    0.7877105474472046,
    0.8818170428276062,
    0.8331736922264099,
    1.04237961769104,
    0.7794128656387329,
    0.8422590494155884,
    0.83331698179245,
    0.8426640033721924,
    0.7813535928726196,
    0.851527214050293,
    0.8790989518165588,
    0.7876561284065247,
    0.8600836992263794,
    0.883904218673706,
    0.859771192073822,
    0.9120011329650879,
    0.8458777070045471,
    0.8979989290237427,
    0.8291911482810974,
    0.7863757610321045,
    0.8596552610397339,
    0.6954385638237,
    0.8227713108062744,
    0.9494794607162476,
    0.9571108818054199,
    0.688787579536438,
    0.7537469863891602,
    0.7344323992729187,
    0.7226027250289917,
    0.8811120390892029,
    0.7732188105583191,
    0.7843788266181946,
    0.8504591584205627,
    0.9045931100845337,
    0.6689648628234863,
    0.8613285422325134,
    0.7662414312362671,
    0.9108598232269287
  ]
}