{
  "accuracy": [
    0.44999998807907104,
    0.699999988079071,
    0.699999988079071,
    0.7250000238418579,
    0.7749999761581421,
    0.675000011920929,
    0.75,
    0.8500000238418579,
    0.7749999761581421,
    0.875,
    0.875,
    0.8999999761581421,
    0.925000011920929,
    0.925000011920929,
    0.925000011920929,
    0.949999988079071,
    0.925000011920929,
    0.925000011920929,
    0.9750000238418579,
    0.949999988079071,
    0.949999988079071,
    0.949999988079071,
    0.9750000238418579,
    0.9750000238418579,
    0.9750000238418579,
    0.9750000238418579,
    0.9750000238418579,
    0.949999988079071,
    0.9750000238418579,
    0.9750000238418579,
    0.9750000238418579,
    0.949999988079071,
    0.9750000238418579,
    0.9750000238418579,
    0.9750000238418579,
    0.9750000238418579,
    0.9750000238418579,
    0.9750000238418579,
    0.9750000238418579,
    0.9750000238418579,
    0.9750000238418579,
    0.9750000238418579,
    0.9750000238418579,
    0.949999988079071,
    0.9750000238418579,
    0.949999988079071,
    0.9750000238418579,
    0.949999988079071,
    0.9750000238418579,
    0.9750000238418579
  ],
  "loss": [
    5.1592888832092285,
    4.387421607971191,
    4.120547771453857,
    2.087252616882324,
    2.6312811374664307,
    1.9535824060440063,
    1.5209648609161377,
    0.9065505266189575,
    1.4988970756530762,
    1.3626512289047241,
    0.7933059930801392,
    0.7462694048881531,
    0.6061826348304749,
    0.7549539804458618,
    0.5637750029563904,
    0.5175459980964661,
    0.5180634260177612,
    0.5704311728477478,
    0.4536316990852356,
    0.48438572883605957,
    0.5064589381217957,
    0.49033260345458984,
    0.5006181597709656,
    0.43740400671958923,
    0.4281071722507477,
    0.4665164053440094,
    0.4102310538291931,
    0.5051281452178955,
    0.4386679530143738,
    0.4424707293510437,
    0.42485666275024414,
    0.4591647684574127,
    0.4463430345058441,
    0.397212952375412,
    0.44996532797813416,
    0.4273226261138916,
    0.37228265404701233,
    0.39527183771133423,
    0.4128379225730896,
    0.4058486819267273,
    0.39466169476509094,
    0.3929332196712494,
    0.36229848861694336,
    0.3736060559749603,
    0.39683645963668823,
    0.38882115483283997,
    0.3939039707183838,
    0.45464739203453064,
    0.4106859564781189,
    0.3904169201850891
  ],
  "val_accuracy": [
    0.699999988079071,
    0.4000000059604645,
    0.5,
    0.699999988079071,
    0.800000011920929,
    0.699999988079071,
    0.699999988079071,
    0.800000011920929,
    0.699999988079071,
    0.699999988079071,
    0.800000011920929,
    0.800000011920929,
    0.800000011920929,
    0.699999988079071,
    0.800000011920929,
    0.800000011920929,
    0.800000011920929,
    0.800000011920929,
    0.800000011920929,
    0.800000011920929,
    0.800000011920929,
    0.800000011920929,
    0.800000011920929,
    0.800000011920929,
    0.800000011920929,
    0.800000011920929,
    0.800000011920929,
    0.800000011920929,
    0.800000011920929,
    0.800000011920929,
    0.800000011920929,
    0.800000011920929,
    0.800000011920929,
    0.800000011920929,
    0.800000011920929,
    0.800000011920929,
    0.800000011920929,
    0.800000011920929,
    0.800000011920929,
    0.800000011920929,
    0.800000011920929,
    0.800000011920929,
    0.800000011920929,
    0.800000011920929,
    0.800000011920929,
    0.800000011920929,
    0.800000011920929,
    0.800000011920929,
    0.800000011920929,
    0.800000011920929
  ],
  "val_loss": [
    1.1649376153945923,
    4.964931964874268,
    1.7630068063735962,
    0.8995901942253113,
    1.0772011280059814,
    1.1269694566726685,
    0.9884112477302551,
    0.9192017316818237,
    0.8811867833137512,
    0.8303853869438171,
    0.8574312925338745,
    0.9654589891433716,
    0.9786347150802612,
    0.8234704732894897,
    0.8026607632637024,
    0.7330841422080994,
    0.7342399954795837,
    0.7036712169647217,
    0.7094314694404602,
    0.760862410068512,
    0.784947395324707,
    0.8053463697433472,
    0.829306960105896,
    0.8359583616256714,
    0.8379625082015991,
    0.8437307476997375,
    0.862334132194519,
    0.8439995050430298,
    0.7919526100158691,
    0.7968579530715942,
    0.8325966596603394,
    0.8154970407485962,
    0.7753299474716187,
    0.7416841387748718,
    0.7418694496154785,
    0.7587512135505676,
    0.8076205253601074,
    0.8575909733772278,
    0.8903883099555969,
    0.9155365824699402,
    0.936385989189148,
    0.9570063352584839,
    1.0212571620941162,
    1.1982157230377197,
    1.095672845840454,
    0.8036230206489563,
    0.916185200214386,
    0.8422168493270874,
    0.9984132647514343,
    1.1576334238052368
  ]
}