{
  "accuracy": [
    0.5889830589294434,
    0.6906779408454895,
    0.8093220591545105,
    0.8220338821411133,
    0.8813559412956238,
    0.8940678238868713,
    0.9067796468734741,
    0.944915235042572,
    0.9576271176338196,
    0.9703390002250671,
    0.9661017060279846,
    0.9703390002250671,
    0.9745762944221497,
    0.9745762944221497,
    0.9703390002250671,
    0.9830508232116699,
    0.9872881174087524,
    0.9745762944221497,
    0.9872881174087524,
    0.9830508232116699,
    0.9957627058029175,
    0.991525411605835,
    0.991525411605835,
    0.991525411605835,
    0.9872881174087524,
    0.991525411605835,
    0.991525411605835,
    0.991525411605835,
    0.9872881174087524,
    0.9957627058029175,
    0.991525411605835,
    0.9957627058029175,
    0.9957627058029175,
    0.9957627058029175,
    0.9957627058029175,
    0.9957627058029175,
    0.9957627058029175,
    0.991525411605835,
    0.9872881174087524,
    0.991525411605835,
    0.9957627058029175,
    0.991525411605835,
    0.991525411605835,
    0.9957627058029175,
    0.9957627058029175,
    0.991525411605835,
    0.9957627058029175,
    0.9872881174087524,
    0.9872881174087524,
    0.9872881174087524
  ],
  "loss": [
    8.744839668273926,
    1.0786097049713135,
    0.9634013772010803,
    0.9352969527244568,
    0.964077889919281,
    0.7634873390197754,
    0.6876492500305176,
    0.5966403484344482,
    0.5584120750427246,
    0.5064942240715027,
    0.4896864891052246,
    0.4557785987854004,
    0.42868173122406006,
    0.42037850618362427,
    0.4074020981788635,
    0.3692125678062439,
    0.35661396384239197,
    0.34945327043533325,
    0.34324052929878235,
    0.32335802912712097,
    0.302031546831131,
    0.3040260374546051,
    0.2957940101623535,
    0.293390691280365,
    0.2860845923423767,
    0.26892098784446716,
    0.26748377084732056,
    0.2570652961730957,
    0.25800520181655884,
    0.26189184188842773,
    0.2576770484447479,
    0.24003100395202637,
    0.2279912531375885,
    0.23272298276424408,
    0.2215856909751892,
    0.21539990603923798,
    0.21886155009269714,
    0.21814563870429993,
    0.21845176815986633,
    0.2138538509607315,
    0.21109987795352936,
    0.20523075759410858,
    0.2037912756204605,
    0.19273270666599274,
    0.19580242037773132,
    0.19497863948345184,
    0.18720801174640656,
    0.19495949149131775,
    0.21447966992855072,
    0.21528171002864838
  ],
  "val_accuracy": [
    0.7118644118309021,
    0.7457627058029175,
    0.6779661178588867,
    0.7288135886192322,
    0.8305084705352783,
    0.7288135886192322,
    0.8305084705352783,
    0.7796609997749329,
    0.7796609997749329,
    0.8474576473236084,
    0.8135592937469482,
    0.8305084705352783,
    0.7796609997749329,
    0.7966101765632629,
    0.8135592937469482,
    0.8135592937469482,
    0.8135592937469482,
    0.8135592937469482,
    0.8135592937469482,
    0.8135592937469482,
    0.8135592937469482,
    0.8135592937469482,
    0.8135592937469482,
    0.7966101765632629,
    0.7796609997749329,
    0.7966101765632629,
    0.8305084705352783,
    0.8305084705352783,
    0.8305084705352783,
    0.8644067645072937,
    0.8644067645072937,
    0.8474576473236084,
    0.8474576473236084,
    0.8644067645072937,
    0.8305084705352783,
    0.8644067645072937,
    0.8813559412956238,
    0.8474576473236084,
    0.8305084705352783,
    0.8474576473236084,
    0.8305084705352783,
    0.8474576473236084,
    0.8305084705352783,
    0.8305084705352783,
    0.8305084705352783,
    0.8305084705352783,
    0.7966101765632629,
    0.7966101765632629,
    0.7796609997749329,
    0.7796609997749329
  ],
  "val_loss": [
    13.948263168334961,
    1.130111575126648,
    1.590641736984253,
    1.9335583448410034,
    0.9267832636833191,
    1.0837757587432861,
    0.903285562992096,
    0.9838008284568787,
    0.9073805809020996,
    0.8421509265899658,
    0.9269522428512573,
    0.8159776926040649,
    0.9239325523376465,
    0.8161799311637878,
    0.8408759236335754,
    0.8161628246307373,
    0.8781401515007019,
    0.8169503808021545,
    0.8768784999847412,
    0.886560320854187,
    0.8159233331680298,
    0.7663848400115967,
    0.7510699033737183,
    0.830726146697998,
    0.7939335703849792,
    0.9656010270118713,
    0.7176817655563354,
    0.7214518189430237,
    0.7268669009208679,
    0.6686658263206482,
    0.602783739566803,
    0.6556267142295837,
    0.6493306159973145,
    0.5949408411979675,
    0.6957122087478638,
    0.6533823609352112,
    0.6573824882507324,
    0.6421563029289246,
    0.7660192847251892,
    0.6488422751426697,
    0.5965322852134705,
    0.6734485030174255,
    0.6594869494438171,
    0.6569992303848267,
    0.6955065727233887,
    0.7815110683441162,
    0.9245668053627014,
    0.6526646018028259,
    0.8937768340110779,
    4.1580939292907715
  ]
}