{
  "accuracy": [
    0.5974576473236084,
    0.7033898234367371,
    0.7245762944221497,
    0.7966101765632629,
    0.8177965879440308,
    0.8262711763381958,
    0.8432203531265259,
    0.8516949415206909,
    0.8728813529014587,
    0.8644067645072937,
    0.8771186470985413,
    0.8898305296897888,
    0.8644067645072937,
    0.8771186470985413,
    0.8855932354927063,
    0.8940678238868713,
    0.8771186470985413,
    0.8983050584793091,
    0.9025423526763916,
    0.9025423526763916,
    0.9152542352676392,
    0.9237288236618042,
    0.9194915294647217,
    0.9194915294647217,
    0.9110169410705566,
    0.9322034120559692,
    0.9237288236618042,
    0.9152542352676392,
    0.9491525292396545,
    0.9364407062530518,
    0.9237288236618042,
    0.9194915294647217,
    0.9237288236618042,
    0.9322034120559692,
    0.9279661178588867,
    0.9194915294647217,
    0.944915235042572,
    0.9364407062530518,
    0.9406779408454895,
    0.9322034120559692,
    0.9364407062530518,
    0.9491525292396545,
    0.9491525292396545,
    0.9618644118309021,
    0.9279661178588867,
    0.944915235042572,
    0.9279661178588867,
    0.9576271176338196,
    0.9576271176338196,
    0.9110169410705566
  ],
  "loss": [
    14.403648376464844,
    2.863168478012085,
    1.2089800834655762,
    0.9037612676620483,
    0.8384878635406494,
    0.7963571548461914,
    0.7628698348999023,
    0.7582292556762695,
    0.7091548442840576,
    0.6721446514129639,
    0.7000396847724915,
    0.6395010352134705,
    0.6373762488365173,
    0.6388421058654785,
    0.6200076341629028,
    0.5748228430747986,
    0.5651726126670837,
    0.537838339805603,
    0.533722460269928,
    0.5119563341140747,
    0.5040221214294434,
    0.4972839653491974,
    0.5009706020355225,
    0.48875918984413147,
    0.47575247287750244,
    0.44516482949256897,
    0.47378453612327576,
    0.46234509348869324,
    0.4229543209075928,
    0.41494449973106384,
    0.4346183240413666,
    0.43587526679039,
    0.41700148582458496,
    0.4108632206916809,
    0.41676828265190125,
    0.42964476346969604,
    0.41101571917533875,
    0.3993881344795227,
    0.37922951579093933,
    0.37490472197532654,
    0.3748737871646881,
    0.36665597558021545,
    0.36664605140686035,
    0.35271427035331726,
    0.3743469715118408,
    0.3433268070220947,
    0.35189253091812134,
    0.3282695710659027,
    0.33779069781303406,
    0.36625903844833374
  ],
  "val_accuracy": [
    0.8135592937469482,
    0.7457627058029175,
    0.7966101765632629,
    0.7457627058029175,
    0.7627118825912476,
    0.8135592937469482,
    0.7966101765632629,
    0.8135592937469482,
    0.7966101765632629,
    0.8474576473236084,
    0.8135592937469482,
    0.8305084705352783,
    0.8474576473236084,
    0.8305084705352783,
    0.8305084705352783,
    0.8305084705352783,
    0.8305084705352783,
    0.8305084705352783,
    0.8305084705352783,
    0.8305084705352783,
    0.8305084705352783,
    0.8305084705352783,
    0.8474576473236084,
    0.8644067645072937,
    0.8305084705352783,
    0.8305084705352783,
    0.8305084705352783,
    0.8305084705352783,
    0.8305084705352783,
    0.8135592937469482,
    0.8135592937469482,
    0.8135592937469482,
    0.8305084705352783,
    0.8135592937469482,
    0.8644067645072937,
    0.8305084705352783,
    0.8305084705352783,
    0.8305084705352783,
    0.8305084705352783,
    0.8474576473236084,
    0.8305084705352783,
    0.8135592937469482,
    0.8135592937469482,
    0.8305084705352783,
    0.8135592937469482,
    0.8135592937469482,
    0.8305084705352783,
    0.8305084705352783,
    0.8135592937469482,
    0.8135592937469482
  ],
  "val_loss": [
    1.4560469388961792,
    0.9077995419502258,
    0.9301732778549194,
    0.902718186378479,
    0.8832235932350159,
    0.8254165649414062,
    0.8095756769180298,
    0.8065469264984131,
    0.7920124530792236,
    0.7636325359344482,
    0.7787800431251526,
    0.7775332927703857,
    0.7547701597213745,
    0.7611027359962463,
    0.7756387591362,
    0.7301956415176392,
    0.7071160674095154,
    0.708721935749054,
    0.7172929048538208,
    0.7175812721252441,
    0.7281643748283386,
    0.719203770160675,
    0.7054682374000549,
    0.6516710519790649,
    0.647660493850708,
    0.6560433506965637,
    0.6870278120040894,
    0.6530941724777222,
    0.6770706176757812,
    0.7010722756385803,
    0.7131357192993164,
    0.7257134914398193,
    0.6995847821235657,
    0.7075340151786804,
    0.6926816701889038,
    0.6635591983795166,
    0.7049373984336853,
    0.6900272965431213,
    0.7059853672981262,
    0.7351780533790588,
    0.6783798933029175,
    0.6578707695007324,
    0.6654202938079834,
    0.6602440476417542,
    0.6883448958396912,
    0.7007681727409363,
    0.7163243293762207,
    0.672069251537323,
    0.6616562604904175,
    0.7189584374427795
  ]
}