{
  "accuracy": [
    0.625,
    0.875,
    0.75,
    0.5,
    0.625,
    0.625,
    0.875,
    0.875,
    0.875,
    0.5,
    0.625,
    0.875,
    0.875,
    0.875,
    0.875,
    0.875,
    0.875,
    0.875,
    0.875,
    0.875,
    0.875,
    0.875,
    0.875,
    0.875,
    1.0,
    0.75,
    1.0,
    0.875,
    0.875,
    0.875,
    0.875,
    0.75,
    0.875,
    0.875,
    0.875,
    0.875,
    0.875,
    0.875,
    0.875,
    0.875,
    0.875,
    0.875,
    0.875,
    0.875,
    0.875,
    0.875,
    0.875,
    0.875,
    0.75,
    0.875
  ],
  "loss": [
    1.093513011932373,
    5.512172698974609,
    9.509270668029785,
    24.966562271118164,
    4.875246524810791,
    2.6681065559387207,
    2.510610342025757,
    2.0099496841430664,
    0.8952843546867371,
    3.1739182472229004,
    0.8174859285354614,
    0.6565114259719849,
    0.6418924927711487,
    0.5792571306228638,
    0.6587444543838501,
    0.59160315990448,
    0.6314765810966492,
    0.6959190368652344,
    0.6986877918243408,
    0.605980396270752,
    0.5998125076293945,
    0.5621799230575562,
    0.517768383026123,
    0.748751699924469,
    0.5853692293167114,
    0.7721071243286133,
    0.4641949534416199,
    1.1836514472961426,
    0.6764065027236938,
    0.9059028625488281,
    0.5120750665664673,
    0.8680843114852905,
    0.6986697912216187,
    0.7676967978477478,
    0.7111185193061829,
    0.6773210763931274,
    0.6900402903556824,
    0.6664238572120667,
    0.6802539229393005,
    0.6917508244514465,
    0.6593021750450134,
    0.6028390526771545,
    0.5867118835449219,
    0.6548880338668823,
    0.6751500368118286,
    0.6905436515808105,
    0.5842048525810242,
    0.5867513418197632,
    1.0067031383514404,
    0.5906533598899841
  ],
  "val_accuracy": [
    1.0,
    1.0,
    0.5,
    0.5,
    1.0,
    1.0,
    1.0,
    1.0,
    0.5,
    1.0,
    1.0,
    1.0,
    1.0,
    1.0,
    1.0,
    1.0,
    1.0,
    1.0,
    1.0,
    1.0,
    1.0,
    1.0,
    1.0,
    1.0,
    1.0,
    1.0,
    1.0,
    1.0,
    1.0,
    1.0,
    0.5,
    0.5,
    0.5,
    0.5,
    0.5,
    0.5,
    1.0,
    1.0,
    1.0,
    1.0,
    1.0,
    1.0,
    1.0,
    1.0,
    1.0,
    1.0,
    1.0,
    1.0,
    1.0,
    1.0
  ],
  "val_loss": [
    0.38630354404449463,
    0.4005032479763031,
    10.189834594726562,
    2.3024282455444336,
    0.27585089206695557,
    0.28023549914360046,
    0.27172499895095825,
    0.29747846722602844,
    1.9379253387451172,
    0.6038830876350403,
    0.4078361690044403,
    0.43996506929397583,
    0.48948556184768677,
    0.5362392067909241,
    0.5722976326942444,
    0.5616961121559143,
    0.5124197602272034,
    0.4807773232460022,
    0.4833437502384186,
    0.550531268119812,
    0.44602927565574646,
    0.4100116193294525,
    0.4181123375892639,
    0.5295711755752563,
    0.5789947509765625,
    0.44177329540252686,
    0.39366304874420166,
    0.45307448506355286,
    0.5426197052001953,
    0.6808653473854065,
    0.8395731449127197,
    1.0313525199890137,
    1.1025947332382202,
    1.1336512565612793,
    1.169278621673584,
    1.1703413724899292,
    0.6962979435920715,
    0.6046426296234131,
    0.5863447785377502,
    0.5713449716567993,
    0.5561496019363403,
    0.5367542505264282,
    0.5138601064682007,
    0.49242982268333435,
    0.47616836428642273,
    0.46519675850868225,
    0.4545286297798157,
    0.4457434117794037,
    0.43937334418296814,
    0.44065427780151367
  ]
}