{
  "accuracy": [
    0.6144067645072937,
    0.7838982939720154,
    0.8135592937469482,
    0.8813559412956238,
    0.8983050584793091,
    0.9067796468734741,
    0.9364407062530518,
    0.9279661178588867,
    0.9661017060279846,
    0.9618644118309021,
    0.9576271176338196,
    0.9364407062530518,
    0.9618644118309021,
    0.9703390002250671,
    0.9661017060279846,
    0.9618644118309021,
    0.9745762944221497,
    0.9703390002250671,
    0.9745762944221497,
    0.9745762944221497,
    0.9703390002250671,
    0.9703390002250671,
    0.9745762944221497,
    0.9745762944221497,
    0.9745762944221497,
    0.944915235042572,
    0.9576271176338196,
    0.9322034120559692,
    0.9576271176338196,
    0.9618644118309021,
    0.9703390002250671,
    0.9745762944221497,
    0.9661017060279846,
    0.9576271176338196,
    0.9745762944221497,
    0.9661017060279846,
    0.9703390002250671,
    0.9745762944221497,
    0.9703390002250671,
    0.9703390002250671,
    0.9703390002250671,
    0.9745762944221497,
    0.9745762944221497,
    0.9745762944221497,
    0.9745762944221497,
    0.9745762944221497,
    0.9745762944221497,
    0.9745762944221497,
    0.9703390002250671,
    0.9745762944221497
  ],
  "loss": [
    5.472771167755127,
    1.089733600616455,
    0.883162260055542,
    0.7458648681640625,
    0.6764312982559204,
    0.6446645259857178,
    0.58725506067276,
    0.5618376731872559,
    0.520075261592865,
    0.4855228364467621,
    0.4914507567882538,
    0.49686264991760254,
    0.4679810404777527,
    0.4095779061317444,
    0.406803160905838,
    0.4129413366317749,
    0.3780842125415802,
    0.3667082190513611,
    0.3595463037490845,
    0.34118959307670593,
    0.34408989548683167,
    0.3301919400691986,
    0.31832554936408997,
    0.31769901514053345,
    0.30334198474884033,
    0.5041344165802002,
    0.3591059148311615,
    0.40713179111480713,
    0.37885868549346924,
    0.37860509753227234,
    0.35050612688064575,
    0.33419060707092285,
    0.32839781045913696,
    0.31840819120407104,
    0.31944289803504944,
    0.31586378812789917,
    0.29611989855766296,
    0.28891441226005554,
    0.28355973958969116,
    0.2813257873058319,
    0.2855381369590759,
    0.2788696885108948,
    0.27223095297813416,
    0.2634967863559723,
    0.24703827500343323,
    0.2513732314109802,
    0.2412676066160202,
    0.252771258354187,
    0.2444320172071457,
    0.2372218668460846
  ],
  "val_accuracy": [
    0.7288135886192322,
    0.7288135886192322,
    0.7288135886192322,
    0.8135592937469482,
    0.8135592937469482,
    0.8474576473236084,
    0.8813559412956238,
    0.8813559412956238,
    0.8474576473236084,
    0.8644067645072937,
    0.8644067645072937,
    0.8135592937469482,
    0.8305084705352783,
    0.8474576473236084,
    0.8135592937469482,
    0.8644067645072937,
    0.8644067645072937,
    0.8644067645072937,
    0.8474576473236084,
    0.8474576473236084,
    0.8135592937469482,
    0.8474576473236084,
    0.8305084705352783,
    0.8305084705352783,
    0.8474576473236084,
    0.7627118825912476,
    0.7796609997749329,
    0.8305084705352783,
    0.8474576473236084,
    0.8474576473236084,
    0.8474576473236084,
    0.8474576473236084,
    0.8305084705352783,
    0.8474576473236084,
    0.8474576473236084,
    0.8644067645072937,
    0.8644067645072937,
    0.8474576473236084,
    0.8644067645072937,
    0.8474576473236084,
    0.8644067645072937,
    0.8644067645072937,
    0.8474576473236084,
    0.8474576473236084,
    0.8135592937469482,
    0.8474576473236084,
    0.8644067645072937,
    0.8135592937469482,
    0.8474576473236084,
    0.8474576473236084
  ],
  "val_loss": [
    0.8721933960914612,
    0.8764872550964355,
    0.8558042049407959,
    0.7809749245643616,
    0.8092958927154541,
    0.7487543225288391,
    0.7421432733535767,
    0.6931876540184021,
    0.7738866209983826,
    0.7062305808067322,
    0.7267347574234009,
    0.7746086716651917,
    0.7155449986457825,
    0.8038247227668762,
    0.8196739554405212,
    0.6661378145217896,
    0.6880125403404236,
    0.7117668986320496,
    0.7626259922981262,
    0.6944159865379333,
    0.8486197590827942,
    0.6943894624710083,
    0.7681627869606018,
    0.7273600697517395,
    0.7142212986946106,
    0.9604207873344421,
    0.9126527309417725,
    0.6390256881713867,
    0.6728017330169678,
    0.7746878862380981,
    0.6721544861793518,
    0.7078861594200134,
    0.7058944702148438,
    0.6531315445899963,
    0.6803658604621887,
    0.6551184058189392,
    0.6790094971656799,
    0.7282568216323853,
    0.7838737368583679,
    0.7052812576293945,
    0.6479865908622742,
    0.6892436146736145,
    0.6072688698768616,
    0.5949782133102417,
    0.654532790184021,
    0.6111195683479309,
    0.6118711829185486,
    0.7964085340499878,
    0.6209693551063538,
    0.6112930774688721
  ]
}