{
  "accuracy": [
    0.75,
    0.625,
    0.75,
    0.875,
    0.625,
    0.625,
    0.875,
    0.75,
    0.875,
    0.625,
    0.875,
    0.625,
    0.625,
    0.75,
    0.875,
    0.875,
    0.875,
    0.625,
    0.5,
    0.375,
    0.5,
    0.875,
    0.75,
    0.875,
    0.875,
    0.875,
    0.75,
    0.875,
    0.875,
    0.875,
    0.875,
    0.875,
    0.875,
    0.875,
    0.875,
    0.875,
    0.875,
    0.875,
    0.875,
    0.875,
    0.875,
    0.75,
    0.875,
    0.875,
    0.875,
    0.875,
    0.875,
    0.875,
    0.875,
    0.875
  ],
  "loss": [
    1.3610082864761353,
    6.6772260665893555,
    7.413044452667236,
    0.32073715329170227,
    5.0089287757873535,
    3.0002810955047607,
    0.764323890209198,
    3.372316360473633,
    2.441586494445801,
    3.5228793621063232,
    0.47679248452186584,
    1.500727653503418,
    1.3935110569000244,
    0.9612358808517456,
    0.8992108702659607,
    0.8290891051292419,
    1.0734690427780151,
    0.7052735686302185,
    0.9282136559486389,
    1.2332457304000854,
    1.0381970405578613,
    0.5358474850654602,
    0.5770176649093628,
    0.5192412734031677,
    0.46529141068458557,
    0.6322048902511597,
    0.8227308392524719,
    0.6876593232154846,
    0.5635583996772766,
    0.5323763489723206,
    0.546012818813324,
    0.5547049641609192,
    0.582899808883667,
    0.596412718296051,
    0.4784185290336609,
    0.545774519443512,
    0.5166467428207397,
    0.47115036845207214,
    0.5750644207000732,
    0.5315815806388855,
    0.5037496089935303,
    0.7693421244621277,
    0.5946701765060425,
    0.6115797758102417,
    0.5893225073814392,
    0.4631367027759552,
    0.4610040485858917,
    0.6496897339820862,
    0.4290284514427185,
    0.5081221461296082
  ],
  "val_accuracy": [
    0.5,
    1.0,
    1.0,
    0.5,
    1.0,
    1.0,
    1.0,
    0.5,
    0.5,
    1.0,
    1.0,
    1.0,
    1.0,
    1.0,
    1.0,
    0.5,
    0.5,
    0.5,
    0.5,
    1.0,
    1.0,
    1.0,
    1.0,
    1.0,
    1.0,
    1.0,
    1.0,
    1.0,
    1.0,
    1.0,
    1.0,
    1.0,
    1.0,
    1.0,
    1.0,
    1.0,
    1.0,
    1.0,
    1.0,
    1.0,
    1.0,
    1.0,
    1.0,
    1.0,
    1.0,
    1.0,
    1.0,
    1.0,
    1.0,
    1.0
  ],
  "val_loss": [
    0.845772385597229,
    0.3032039701938629,
    0.31683990359306335,
    1.03043794631958,
    0.30136215686798096,
    0.3629821240901947,
    0.45069125294685364,
    0.6179819703102112,
    0.7677599191665649,
    0.5292887091636658,
    0.41358235478401184,
    0.3316878080368042,
    0.3390621244907379,
    0.39440712332725525,
    0.5374594926834106,
    0.7644649147987366,
    0.8341165781021118,
    0.697378933429718,
    0.5772007703781128,
    0.5081467628479004,
    0.4809983968734741,
    0.47923707962036133,
    0.49247193336486816,
    0.5092676281929016,
    0.5268083810806274,
    0.5241371989250183,
    0.49883419275283813,
    0.48631829023361206,
    0.4819355010986328,
    0.47940051555633545,
    0.4763217866420746,
    0.47216135263442993,
    0.46875375509262085,
    0.46556639671325684,
    0.4611981511116028,
    0.4581671357154846,
    0.452844500541687,
    0.44541507959365845,
    0.4393203854560852,
    0.43241333961486816,
    0.42382848262786865,
    0.41373637318611145,
    0.40783169865608215,
    0.4059183895587921,
    0.40740063786506653,
    0.40838852524757385,
    0.4115297496318817,
    0.42799288034439087,
    0.45087262988090515,
    0.4851466119289398
  ]
}