{
  "accuracy": [
    0.6779661178588867,
    0.6737288236618042,
    0.7966101765632629,
    0.8347457647323608,
    0.8305084705352783,
    0.8559321761131287,
    0.8940678238868713,
    0.8898305296897888,
    0.9110169410705566,
    0.9110169410705566,
    0.9194915294647217,
    0.9279661178588867,
    0.9533898234367371,
    0.9576271176338196,
    0.9491525292396545,
    0.9491525292396545,
    0.9703390002250671,
    0.9533898234367371,
    0.9661017060279846,
    0.9406779408454895,
    0.9745762944221497,
    0.9661017060279846,
    0.9703390002250671,
    0.9703390002250671,
    0.9576271176338196,
    0.9618644118309021,
    0.9703390002250671,
    0.9745762944221497,
    0.9703390002250671,
    0.9703390002250671,
    0.9618644118309021,
    0.9745762944221497,
    0.9703390002250671,
    0.9745762944221497,
    0.9745762944221497,
    0.9745762944221497,
    0.9745762944221497,
    0.9745762944221497,
    0.9745762944221497,
    0.9745762944221497,
    0.9703390002250671,
    0.9745762944221497,
    0.9703390002250671,
    0.9745762944221497,
    0.9661017060279846,
    0.9745762944221497,
    0.9661017060279846,
    0.9745762944221497,
    0.9661017060279846,
    0.9703390002250671
  ],
  "loss": [
    2.9010872840881348,
    1.8186850547790527,
    0.838641345500946,
    0.6887469291687012,
    0.6711764931678772,
    0.6152876615524292,
    0.576535701751709,
    0.5286819934844971,
    0.49771377444267273,
    0.48424285650253296,
    0.4616529941558838,
    0.44156256318092346,
    0.4277549088001251,
    0.3974974453449249,
    0.39867183566093445,
    0.3940514326095581,
    0.36872217059135437,
    0.3985011875629425,
    0.3559086322784424,
    0.38887980580329895,
    0.34893110394477844,
    0.3623255491256714,
    0.3387710452079773,
    0.3447618782520294,
    0.3420836329460144,
    0.32730644941329956,
    0.33667638897895813,
    0.3066781759262085,
    0.3115699589252472,
    0.2966148853302002,
    0.3214477598667145,
    0.2970160245895386,
    0.3090338110923767,
    0.2742024064064026,
    0.3005127012729645,
    0.2908710539340973,
    0.2947893738746643,
    0.2961380183696747,
    0.2767326235771179,
    0.2628602087497711,
    0.2858555316925049,
    0.2950824201107025,
    0.29376181960105896,
    0.2907882034778595,
    0.27064913511276245,
    0.2791440784931183,
    0.2818971276283264,
    0.26988959312438965,
    0.2793407738208771,
    0.2709204852581024
  ],
  "val_accuracy": [
    0.5593220591545105,
    0.8135592937469482,
    0.7966101765632629,
    0.8644067645072937,
    0.7966101765632629,
    0.8644067645072937,
    0.8644067645072937,
    0.8813559412956238,
    0.8983050584793091,
    0.8644067645072937,
    0.8813559412956238,
    0.8644067645072937,
    0.8474576473236084,
    0.8644067645072937,
    0.8474576473236084,
    0.8644067645072937,
    0.8305084705352783,
    0.8474576473236084,
    0.8305084705352783,
    0.8474576473236084,
    0.7966101765632629,
    0.8305084705352783,
    0.8135592937469482,
    0.8305084705352783,
    0.8135592937469482,
    0.8644067645072937,
    0.8474576473236084,
    0.8474576473236084,
    0.8305084705352783,
    0.8135592937469482,
    0.8305084705352783,
    0.8474576473236084,
    0.8135592937469482,
    0.8305084705352783,
    0.8305084705352783,
    0.8305084705352783,
    0.8305084705352783,
    0.8135592937469482,
    0.8305084705352783,
    0.8305084705352783,
    0.8644067645072937,
    0.8305084705352783,
    0.8135592937469482,
    0.8135592937469482,
    0.8305084705352783,
    0.8305084705352783,
    0.8305084705352783,
    0.8305084705352783,
    0.8474576473236084,
    0.8474576473236084
  ],
  "val_loss": [
    1.6023461818695068,
    0.7382463216781616,
    0.7385218739509583,
    0.7503939867019653,
    0.6842370629310608,
    0.7118207812309265,
    0.6561897397041321,
    0.6201604008674622,
    0.6134692430496216,
    0.622832715511322,
    0.604634165763855,
    0.6016976237297058,
    0.6057052612304688,
    0.6402184367179871,
    0.5965846180915833,
    0.600418746471405,
    0.6581416726112366,
    0.6268059611320496,
    0.6105857491493225,
    0.633002758026123,
    0.6818140149116516,
    0.6531293988227844,
    0.6561607718467712,
    0.6474233269691467,
    0.6226775646209717,
    0.6153016686439514,
    0.6223417520523071,
    0.6275514364242554,
    0.6366913318634033,
    0.6707051396369934,
    0.6284827589988708,
    0.5744404792785645,
    0.6109870076179504,
    0.6244839429855347,
    0.606953501701355,
    0.6352745890617371,
    0.6604375243186951,
    0.6412970423698425,
    0.5972428321838379,
    0.5907738208770752,
    0.6240174770355225,
    0.6680035591125488,
    0.6170827746391296,
    0.6860517263412476,
    0.745233952999115,
    0.6812915205955505,
    0.6658135056495667,
    0.6297049522399902,
    0.6991928219795227,
    0.7217490077018738
  ]
}