{
  "accuracy": [
    0.5974576473236084,
    0.7330508232116699,
    0.7627118825912476,
    0.805084764957428,
    0.8432203531265259,
    0.8432203531265259,
    0.8601694703102112,
    0.8686440587043762,
    0.9025423526763916,
    0.8855932354927063,
    0.9110169410705566,
    0.9110169410705566,
    0.9067796468734741,
    0.9194915294647217,
    0.9406779408454895,
    0.9406779408454895,
    0.9364407062530518,
    0.9406779408454895,
    0.944915235042572,
    0.9618644118309021,
    0.9618644118309021,
    0.9406779408454895,
    0.9618644118309021,
    0.9491525292396545,
    0.9533898234367371,
    0.9618644118309021,
    0.9703390002250671,
    0.9533898234367371,
    0.9576271176338196,
    0.9703390002250671,
    0.9618644118309021,
    0.9703390002250671,
    0.9661017060279846,
    0.9533898234367371,
    0.9533898234367371,
    0.9533898234367371,
    0.9491525292396545,
    0.9661017060279846,
    0.9618644118309021,
    0.9703390002250671,
    0.9576271176338196,
    0.9618644118309021,
    0.9618644118309021,
    0.9703390002250671,
    0.9661017060279846,
    0.9661017060279846,
    0.9703390002250671,
    0.9703390002250671,
    0.9703390002250671,
    0.9745762944221497
  ],
  "loss": [
    5.7066874504089355,
    1.1505777835845947,
    0.8992934226989746,
    0.8089345693588257,
    0.7028383016586304,
    0.6581968069076538,
    0.6336904168128967,
    0.5770556330680847,
    0.5248802900314331,
    0.5511940717697144,
    0.5043913722038269,
    0.48350831866264343,
    0.5072669386863708,
    0.4765467941761017,
    0.4626152217388153,
    0.41588500142097473,
    0.42512115836143494,
    0.40100517868995667,
    0.38974595069885254,
    0.3729105591773987,
    0.3660655915737152,
    0.39172282814979553,
    0.35881316661834717,
    0.36759957671165466,
    0.3611660301685333,
    0.3621031641960144,
    0.33098748326301575,
    0.3548744022846222,
    0.3470000624656677,
    0.3310600221157074,
    0.3264324963092804,
    0.33074530959129333,
    0.3252788484096527,
    0.3416785001754761,
    0.34890565276145935,
    0.3675897419452667,
    0.3349766731262207,
    0.3309831917285919,
    0.32189539074897766,
    0.3168264627456665,
    0.31841954588890076,
    0.3022293746471405,
    0.32246509194374084,
    0.2973259687423706,
    0.31368574500083923,
    0.28755608201026917,
    0.28577369451522827,
    0.2827805280685425,
    0.2907545864582062,
    0.272100031375885
  ],
  "val_accuracy": [
    0.7966101765632629,
    0.7627118825912476,
    0.7796609997749329,
    0.7966101765632629,
    0.7966101765632629,
    0.8644067645072937,
    0.8644067645072937,
    0.8474576473236084,
    0.8813559412956238,
    0.8813559412956238,
    0.8644067645072937,
    0.8813559412956238,
    0.8813559412956238,
    0.8813559412956238,
    0.8813559412956238,
    0.8474576473236084,
    0.8644067645072937,
    0.8474576473236084,
    0.8813559412956238,
    0.8813559412956238,
    0.8644067645072937,
    0.8813559412956238,
    0.8813559412956238,
    0.8644067645072937,
    0.8474576473236084,
    0.8305084705352783,
    0.8644067645072937,
    0.8474576473236084,
    0.8644067645072937,
    0.8644067645072937,
    0.8644067645072937,
    0.8644067645072937,
    0.8644067645072937,
    0.8305084705352783,
    0.8644067645072937,
    0.8813559412956238,
    0.8474576473236084,
    0.8474576473236084,
    0.8813559412956238,
    0.8644067645072937,
    0.8474576473236084,
    0.8305084705352783,
    0.8813559412956238,
    0.8474576473236084,
    0.8474576473236084,
    0.8474576473236084,
    0.8305084705352783,
    0.8305084705352783,
    0.8474576473236084,
    0.8474576473236084
  ],
  "val_loss": [
    0.9153181910514832,
    0.8041667342185974,
    0.7824293375015259,
    0.7819976806640625,
    0.7872869372367859,
    0.6870505213737488,
    0.6774934530258179,
    0.6963862776756287,
    0.6845792531967163,
    0.6520421504974365,
    0.6696760654449463,
    0.6419426798820496,
    0.6286804676055908,
    0.6350609660148621,
    0.6544522047042847,
    0.6295194625854492,
    0.6349501609802246,
    0.6427575945854187,
    0.6264658570289612,
    0.6128050088882446,
    0.6114929914474487,
    0.6317077875137329,
    0.6190668940544128,
    0.6191698312759399,
    0.65493243932724,
    0.6583618521690369,
    0.6484124064445496,
    0.7039393782615662,
    0.5937673449516296,
    0.6050342917442322,
    0.5939995646476746,
    0.6157742142677307,
    0.6171378493309021,
    0.6200000047683716,
    0.6219170689582825,
    0.634811520576477,
    0.5774345397949219,
    0.5893331170082092,
    0.6322882771492004,
    0.5882741808891296,
    0.5777850151062012,
    0.6592599749565125,
    0.6742883920669556,
    0.5947442054748535,
    0.5839516520500183,
    0.6189389824867249,
    0.6508526802062988,
    0.6432042717933655,
    0.6150793433189392,
    0.6172719597816467
  ]
}