{
  "accuracy": [
    0.6440678238868713,
    0.7118644118309021,
    0.8262711763381958,
    0.8728813529014587,
    0.8728813529014587,
    0.8855932354927063,
    0.8813559412956238,
    0.8940678238868713,
    0.9110169410705566,
    0.9279661178588867,
    0.9322034120559692,
    0.9491525292396545,
    0.9576271176338196,
    0.944915235042572,
    0.9618644118309021,
    0.9533898234367371,
    0.9703390002250671,
    0.9661017060279846,
    0.9618644118309021,
    0.9703390002250671,
    0.9661017060279846,
    0.9618644118309021,
    0.9618644118309021,
    0.9703390002250671,
    0.9745762944221497,
    0.9703390002250671,
    0.9745762944221497,
    0.9661017060279846,
    0.9745762944221497,
    0.9703390002250671,
    0.9745762944221497,
    0.9661017060279846,
    0.9745762944221497,
    0.9745762944221497,
    0.9618644118309021,
    0.9745762944221497,
    0.9745762944221497,
    0.9745762944221497,
    0.9703390002250671,
    0.9703390002250671,
    0.9703390002250671,
    0.9745762944221497,
    0.9745762944221497,
    0.9661017060279846,
    0.9279661178588867,
    0.9533898234367371,
    0.9618644118309021,
    0.9703390002250671,
    0.9661017060279846,
    0.9703390002250671
  ],
  "loss": [
    6.125892639160156,
    2.1839284896850586,
    1.0246753692626953,
    0.7437182068824768,
    0.7136443853378296,
    0.6861734390258789,
    0.664420485496521,
    0.6017261147499084,
    0.5968412160873413,
    0.5309948921203613,
    0.5841264724731445,
    0.4613204300403595,
    0.44317328929901123,
    0.4557052254676819,
    0.430714875459671,
    0.4373524487018585,
    0.384061336517334,
    0.37076836824417114,
    0.3899976909160614,
    0.3547503352165222,
    0.3457379639148712,
    0.34677374362945557,
    0.3435679078102112,
    0.3270502984523773,
    0.32506898045539856,
    0.320523202419281,
    0.299331933259964,
    0.30467113852500916,
    0.28349199891090393,
    0.2820098400115967,
    0.28416192531585693,
    0.30473265051841736,
    0.28584104776382446,
    0.27298834919929504,
    0.28998303413391113,
    0.26360389590263367,
    0.26568710803985596,
    0.2511996030807495,
    0.25904831290245056,
    0.2602256238460541,
    0.25281015038490295,
    0.24990569055080414,
    0.23703978955745697,
    0.2813844084739685,
    0.40485864877700806,
    0.2952597737312317,
    0.30383574962615967,
    0.30042558908462524,
    0.30676576495170593,
    0.29169103503227234
  ],
  "val_accuracy": [
    0.508474588394165,
    0.7288135886192322,
    0.8135592937469482,
    0.8474576473236084,
    0.8135592937469482,
    0.8305084705352783,
    0.8135592937469482,
    0.8474576473236084,
    0.8474576473236084,
    0.8474576473236084,
    0.8305084705352783,
    0.8474576473236084,
    0.8305084705352783,
    0.8305084705352783,
    0.8474576473236084,
    0.8474576473236084,
    0.8474576473236084,
    0.8474576473236084,
    0.8474576473236084,
    0.8474576473236084,
    0.8644067645072937,
    0.8305084705352783,
    0.8474576473236084,
    0.8305084705352783,
    0.8305084705352783,
    0.8305084705352783,
    0.8474576473236084,
    0.8474576473236084,
    0.8305084705352783,
    0.8305084705352783,
    0.8305084705352783,
    0.8474576473236084,
    0.8644067645072937,
    0.8474576473236084,
    0.8305084705352783,
    0.8813559412956238,
    0.8305084705352783,
    0.8305084705352783,
    0.8474576473236084,
    0.8305084705352783,
    0.8305084705352783,
    0.8305084705352783,
    0.8305084705352783,
    0.8305084705352783,
    0.8644067645072937,
    0.8474576473236084,
    0.8644067645072937,
    0.8305084705352783,
    0.8305084705352783,
    0.8474576473236084
  ],
  "val_loss": [
    4.484858989715576,
    0.9447634816169739,
    0.8427812457084656,
    0.7865732312202454,
    0.7289906144142151,
    0.8212236762046814,
    0.7347782850265503,
    0.7041782736778259,
    0.6699046492576599,
    0.6249478459358215,
    0.6731880903244019,
    0.694163978099823,
    0.6608426570892334,
    0.6700451374053955,
    0.6366164684295654,
    0.6322444081306458,
    0.6463360786437988,
    0.636526346206665,
    0.6827743649482727,
    0.6834376454353333,
    0.6223770976066589,
    0.6137064099311829,
    0.6468902826309204,
    0.6438934803009033,
    0.6777048707008362,
    0.6623307466506958,
    0.6821582317352295,
    0.6801750063896179,
    0.6673108339309692,
    0.6476699709892273,
    0.6187773942947388,
    0.6111208200454712,
    0.64151930809021,
    0.6589547395706177,
    0.6029810905456543,
    0.6587761044502258,
    0.6586012840270996,
    0.6522397994995117,
    0.597244143486023,
    0.6762205362319946,
    0.6987518072128296,
    0.6900942325592041,
    0.6805969476699829,
    0.7465970516204834,
    0.7531553506851196,
    0.6609761118888855,
    0.6866968274116516,
    0.6883415579795837,
    0.6789985299110413,
    0.6994777321815491
  ]
}