{
  "accuracy": [
    0.6228813529014587,
    0.805084764957428,
    0.805084764957428,
    0.8135592937469482,
    0.8262711763381958,
    0.8601694703102112,
    0.8813559412956238,
    0.8771186470985413,
    0.8432203531265259,
    0.8855932354927063,
    0.8983050584793091,
    0.8898305296897888,
    0.9194915294647217,
    0.9279661178588867,
    0.9237288236618042,
    0.9533898234367371,
    0.9364407062530518,
    0.9576271176338196,
    0.9661017060279846,
    0.9661017060279846,
    0.9661017060279846,
    0.9661017060279846,
    0.9703390002250671,
    0.9618644118309021,
    0.9661017060279846,
    0.9661017060279846,
    0.9703390002250671,
    0.9745762944221497,
    0.9745762944221497,
    0.9745762944221497,
    0.9745762944221497,
    0.9745762944221497,
    0.9745762944221497,
    0.9745762944221497,
    0.9745762944221497,
    0.9703390002250671,
    0.9745762944221497,
    0.9703390002250671,
    0.9745762944221497,
    0.9745762944221497,
    0.9745762944221497,
    0.9703390002250671,
    0.9703390002250671,
    0.9703390002250671,
    0.9703390002250671,
    0.9703390002250671,
    0.9703390002250671,
    0.9703390002250671,
    0.9703390002250671,
    0.9703390002250671
  ],
  "loss": [
    5.544941425323486,
    0.9601923227310181,
    0.8693608641624451,
    0.8206450343132019,
    0.7969611287117004,
    0.724224865436554,
    0.6695975661277771,
    0.6652403473854065,
    0.7021655440330505,
    0.671189546585083,
    0.5967112183570862,
    0.5590927004814148,
    0.5318944454193115,
    0.5185139179229736,
    0.49398472905158997,
    0.4674724042415619,
    0.4287112355232239,
    0.4334157109260559,
    0.39784300327301025,
    0.3835468888282776,
    0.3980097770690918,
    0.36148905754089355,
    0.35596758127212524,
    0.34965455532073975,
    0.3425044119358063,
    0.33717092871665955,
    0.3165239095687866,
    0.31386256217956543,
    0.29996493458747864,
    0.30148133635520935,
    0.2846241593360901,
    0.29162099957466125,
    0.28003281354904175,
    0.2821245491504669,
    0.27698028087615967,
    0.28157415986061096,
    0.2733643054962158,
    0.27664437890052795,
    0.2621976435184479,
    0.26911038160324097,
    0.24666555225849152,
    0.25859665870666504,
    0.27993711829185486,
    0.28825730085372925,
    0.26487720012664795,
    0.27195557951927185,
    0.26317980885505676,
    0.268436074256897,
    0.25383293628692627,
    0.2661822736263275
  ],
  "val_accuracy": [
    0.7966101765632629,
    0.7457627058029175,
    0.8135592937469482,
    0.7627118825912476,
    0.7966101765632629,
    0.8813559412956238,
    0.8474576473236084,
    0.8644067645072937,
    0.7796609997749329,
    0.8305084705352783,
    0.7627118825912476,
    0.7966101765632629,
    0.8644067645072937,
    0.8135592937469482,
    0.8135592937469482,
    0.8474576473236084,
    0.8644067645072937,
    0.8644067645072937,
    0.8474576473236084,
    0.8135592937469482,
    0.8135592937469482,
    0.8305084705352783,
    0.8305084705352783,
    0.8305084705352783,
    0.8305084705352783,
    0.8474576473236084,
    0.8305084705352783,
    0.8474576473236084,
    0.8474576473236084,
    0.8474576473236084,
    0.8305084705352783,
    0.8474576473236084,
    0.8474576473236084,
    0.8474576473236084,
    0.8474576473236084,
    0.8474576473236084,
    0.8644067645072937,
    0.8305084705352783,
    0.8305084705352783,
    0.8474576473236084,
    0.8474576473236084,
    0.8305084705352783,
    0.8305084705352783,
    0.8474576473236084,
    0.8474576473236084,
    0.8305084705352783,
    0.8305084705352783,
    0.8305084705352783,
    0.8305084705352783,
    0.8305084705352783
  ],
  "val_loss": [
    0.8864117860794067,
    1.0139031410217285,
    0.8372057676315308,
    0.8328579664230347,
    0.831750750541687,
    0.7497799396514893,
    0.7166895270347595,
    0.736180305480957,
    0.8299646973609924,
    0.7650821208953857,
    0.7679671049118042,
    0.7185927033424377,
    0.6799485087394714,
    0.7758070826530457,
    0.7103070020675659,
    0.7337506413459778,
    0.6931791305541992,
    0.6973626613616943,
    0.71647047996521,
    0.7535527348518372,
    0.7456791400909424,
    0.7301353812217712,
    0.7288306355476379,
    0.7813432216644287,
    0.7221781611442566,
    0.7288172841072083,
    0.8087170720100403,
    0.7076882719993591,
    0.7447187900543213,
    0.7187426090240479,
    0.7745340466499329,
    0.7619411945343018,
    0.7032597661018372,
    0.7390961647033691,
    0.7658897042274475,
    0.7094171643257141,
    0.6794649362564087,
    0.7885040044784546,
    0.8015257120132446,
    0.7095823884010315,
    0.715531051158905,
    0.7706523537635803,
    0.8108302354812622,
    0.7239639759063721,
    0.8007824420928955,
    0.728016197681427,
    0.7483168840408325,
    0.7915289998054504,
    0.7207201719284058,
    0.7617172002792358
  ]
}