{
  "accuracy": [
    0.44999998807907104,
    0.675000011920929,
    0.800000011920929,
    0.699999988079071,
    0.675000011920929,
    0.574999988079071,
    0.800000011920929,
    0.675000011920929,
    0.875,
    0.75,
    0.8999999761581421,
    0.949999988079071,
    0.9750000238418579,
    0.925000011920929,
    0.949999988079071,
    0.949999988079071,
    0.9750000238418579,
    0.9750000238418579,
    0.9750000238418579,
    0.9750000238418579,
    0.9750000238418579,
    0.9750000238418579,
    0.9750000238418579,
    0.9750000238418579,
    0.9750000238418579,
    0.9750000238418579,
    0.9750000238418579,
    0.9750000238418579,
    0.949999988079071,
    0.9750000238418579,
    0.9750000238418579,
    0.9750000238418579,
    0.9750000238418579,
    0.9750000238418579,
    0.9750000238418579,
    0.9750000238418579,
    0.9750000238418579,
    0.9750000238418579,
    0.9750000238418579,
    0.9750000238418579,
    0.9750000238418579,
    0.9750000238418579,
    0.9750000238418579,
    0.9750000238418579,
    0.9750000238418579,
    0.9750000238418579,
    0.9750000238418579,
    0.9750000238418579,
    0.9750000238418579,
    0.9750000238418579
  ],
  "loss": [
    1.7021414041519165,
    10.99431037902832,
    5.71887731552124,
    5.121850490570068,
    3.2570900917053223,
    4.160884380340576,
    1.0851526260375977,
    1.6081396341323853,
    0.8546460866928101,
    0.9115943908691406,
    0.7036820650100708,
    0.571916937828064,
    0.5381544828414917,
    0.6707379221916199,
    0.5734952688217163,
    0.5427550077438354,
    0.5479753017425537,
    0.5459007024765015,
    0.5719613432884216,
    0.5275493860244751,
    0.5203942060470581,
    0.5145851969718933,
    0.5162288546562195,
    0.545781135559082,
    0.5156169533729553,
    0.5191314816474915,
    0.47228050231933594,
    0.4938057065010071,
    0.5231602787971497,
    0.5182031393051147,
    0.4667678475379944,
    0.4638989567756653,
    0.4677751064300537,
    0.4682512879371643,
    0.4496993124485016,
    0.4599735736846924,
    0.4388647973537445,
    0.4509967863559723,
    0.48655882477760315,
    0.4371268153190613,
    0.4275698661804199,
    0.4406447410583496,
    0.44670504331588745,
    0.4406394958496094,
    0.42681264877319336,
    0.43675264716148376,
    0.41072797775268555,
    0.4227907657623291,
    0.42847776412963867,
    0.4143904745578766
  ],
  "val_accuracy": [
    0.4000000059604645,
    0.699999988079071,
    0.699999988079071,
    0.699999988079071,
    0.699999988079071,
    0.699999988079071,
    0.6000000238418579,
    0.699999988079071,
    0.699999988079071,
    0.800000011920929,
    0.699999988079071,
    0.699999988079071,
    0.699999988079071,
    0.699999988079071,
    0.800000011920929,
    0.800000011920929,
    0.8999999761581421,
    0.800000011920929,
    0.800000011920929,
    0.800000011920929,
    0.800000011920929,
    0.800000011920929,
    0.800000011920929,
    0.8999999761581421,
    0.800000011920929,
    0.800000011920929,
    0.800000011920929,
    0.800000011920929,
    0.800000011920929,
    0.800000011920929,
    0.800000011920929,
    0.800000011920929,
    0.800000011920929,
    0.800000011920929,
    0.800000011920929,
    0.800000011920929,
    0.800000011920929,
    0.800000011920929,
    0.800000011920929,
    0.800000011920929,
    0.800000011920929,
    0.800000011920929,
    0.800000011920929,
    0.800000011920929,
    0.800000011920929,
    0.800000011920929,
    0.800000011920929,
    0.800000011920929,
    0.800000011920929,
    0.800000011920929
  ],
  "val_loss": [
    14.628862380981445,
    4.524906158447266,
    4.621669769287109,
    3.831916332244873,
    2.2648980617523193,
    1.4587548971176147,
    1.2170246839523315,
    0.9093585014343262,
    1.0774513483047485,
    1.1323015689849854,
    1.2336012125015259,
    1.3497055768966675,
    1.4029048681259155,
    1.3192574977874756,
    1.3296953439712524,
    1.4163073301315308,
    1.4384759664535522,
    1.3457497358322144,
    1.2332297563552856,
    1.2829838991165161,
    1.5259289741516113,
    1.7004066705703735,
    1.8422561883926392,
    1.904691457748413,
    1.8956305980682373,
    1.8232076168060303,
    1.7578125,
    1.7135183811187744,
    1.576373815536499,
    1.5105104446411133,
    1.4548240900039673,
    1.4140912294387817,
    1.3779608011245728,
    1.5317963361740112,
    1.6502605676651,
    1.7696917057037354,
    1.8843482732772827,
    1.9778541326522827,
    2.0366477966308594,
    2.0750091075897217,
    2.10231876373291,
    2.093217611312866,
    2.066303014755249,
    2.0365469455718994,
    2.0094547271728516,
    1.9922997951507568,
    1.9832813739776611,
    1.939113974571228,
    1.9105627536773682,
    1.888850450515747
  ]
}