{
  "accuracy": [
    0.625,
    0.625,
    0.75,
    0.625,
    0.625,
    0.375,
    0.875,
    0.625,
    0.5,
    0.75,
    0.875,
    1.0,
    0.5,
    0.75,
    0.625,
    0.75,
    0.875,
    0.625,
    0.75,
    0.75,
    0.75,
    0.875,
    0.875,
    0.75,
    0.875,
    0.75,
    0.75,
    1.0,
    0.875,
    0.875,
    0.875,
    0.875,
    0.875,
    0.875,
    0.875,
    0.875,
    0.875,
    0.875,
    0.875,
    0.875,
    0.875,
    0.875,
    0.875,
    0.875,
    0.875,
    0.875,
    0.875,
    0.875,
    0.875,
    0.875
  ],
  "loss": [
    1.455039381980896,
    8.940268516540527,
    4.850505352020264,
    19.4962100982666,
    2.899606943130493,
    9.834877014160156,
    4.074951648712158,
    5.478075981140137,
    3.2215230464935303,
    5.865203857421875,
    0.34582754969596863,
    0.2276986986398697,
    1.9035139083862305,
    1.6248047351837158,
    2.470421552658081,
    2.3877127170562744,
    0.8970850706100464,
    0.9603086113929749,
    0.5644842386245728,
    0.5124277472496033,
    0.7957651615142822,
    0.4729810655117035,
    0.5869179368019104,
    0.8619807958602905,
    0.8945388197898865,
    0.7297368049621582,
    0.5224278569221497,
    0.41440439224243164,
    0.6431301236152649,
    0.6263538599014282,
    0.5229429006576538,
    0.6185604333877563,
    0.544121265411377,
    0.5733451247215271,
    0.5333289504051208,
    0.5091745257377625,
    0.5241957306861877,
    0.5043773651123047,
    0.4713515639305115,
    0.5887297987937927,
    0.5169899463653564,
    0.5034548044204712,
    0.5453922748565674,
    0.6617360711097717,
    0.6197678446769714,
    0.5326976180076599,
    0.49096474051475525,
    0.4700329005718231,
    0.5335761308670044,
    0.592292070388794
  ],
  "val_accuracy": [
    1.0,
    1.0,
    0.5,
    1.0,
    1.0,
    1.0,
    1.0,
    1.0,
    1.0,
    1.0,
    1.0,
    1.0,
    1.0,
    1.0,
    1.0,
    1.0,
    1.0,
    1.0,
    1.0,
    1.0,
    1.0,
    1.0,
    1.0,
    1.0,
    1.0,
    1.0,
    1.0,
    1.0,
    1.0,
    1.0,
    1.0,
    1.0,
    1.0,
    1.0,
    1.0,
    1.0,
    1.0,
    1.0,
    1.0,
    1.0,
    1.0,
    1.0,
    1.0,
    1.0,
    1.0,
    1.0,
    1.0,
    1.0,
    1.0,
    1.0
  ],
  "val_loss": [
    0.5813006162643433,
    0.48346883058547974,
    0.8787198066711426,
    0.3627314269542694,
    0.29762178659439087,
    0.4610415995121002,
    0.5303216576576233,
    0.2973646819591522,
    0.24884478747844696,
    0.24942798912525177,
    0.25749555230140686,
    0.26750677824020386,
    0.30195152759552,
    0.33949676156044006,
    0.3805069327354431,
    0.4225212037563324,
    0.4845936596393585,
    0.462776243686676,
    0.46147996187210083,
    0.4673211872577667,
    0.43319353461265564,
    0.41414159536361694,
    0.41615089774131775,
    0.44108980894088745,
    0.4847206771373749,
    0.5007838606834412,
    0.5115205645561218,
    0.5301371812820435,
    0.5164375305175781,
    0.5161051750183105,
    0.5206841230392456,
    0.5296918153762817,
    0.5415923595428467,
    0.552716851234436,
    0.5590474605560303,
    0.5555362701416016,
    0.5506887435913086,
    0.5440340042114258,
    0.5324578881263733,
    0.5190639495849609,
    0.4990192949771881,
    0.47919756174087524,
    0.46519431471824646,
    0.46531942486763,
    0.48346802592277527,
    0.5013152360916138,
    0.5055785775184631,
    0.5024040937423706,
    0.4975022077560425,
    0.49989017844200134
  ]
}