{
  "accuracy": [
    0.6398305296897888,
    0.7372881174087524,
    0.8474576473236084,
    0.8177965879440308,
    0.8686440587043762,
    0.8686440587043762,
    0.8728813529014587,
    0.8855932354927063,
    0.9067796468734741,
    0.9279661178588867,
    0.9533898234367371,
    0.9618644118309021,
    0.9661017060279846,
    0.9618644118309021,
    0.9533898234367371,
    0.9703390002250671,
    0.9745762944221497,
    0.9703390002250671,
    0.9661017060279846,
    0.9703390002250671,
    0.9661017060279846,
    0.9745762944221497,
    0.9661017060279846,
    0.9618644118309021,
    0.9618644118309021,
    0.9703390002250671,
    0.9703390002250671,
    0.9745762944221497,
    0.9745762944221497,
    0.9745762944221497,
    0.9576271176338196,
    0.9745762944221497,
    0.9703390002250671,
    0.9703390002250671,
    0.9745762944221497,
    0.9661017060279846,
    0.9661017060279846,
    0.9745762944221497,
    0.9703390002250671,
    0.9745762944221497,
    0.9703390002250671,
    0.9703390002250671,
    0.9745762944221497,
    0.9703390002250671,
    0.9745762944221497,
    0.9745762944221497,
    0.9745762944221497,
    0.9745762944221497,
    0.9745762944221497,
    0.9745762944221497
  ],
  "loss": [
    5.221154689788818,
    1.0099796056747437,
    0.8217207193374634,
    0.7889862060546875,
    0.7041497826576233,
    0.6856269240379333,
    0.6640738844871521,
    0.6432247757911682,
    0.5764307379722595,
    0.5387341976165771,
    0.5190808773040771,
    0.4692652225494385,
    0.4549693167209625,
    0.4436444342136383,
    0.4444710612297058,
    0.40448641777038574,
    0.4030841886997223,
    0.4320015609264374,
    0.38197046518325806,
    0.3873397707939148,
    0.39727675914764404,
    0.37867510318756104,
    0.3852733373641968,
    0.3680434226989746,
    0.36427590250968933,
    0.3407967984676361,
    0.35991552472114563,
    0.3365323841571808,
    0.3230639696121216,
    0.32756638526916504,
    0.3237268030643463,
    0.32032784819602966,
    0.30666035413742065,
    0.29990270733833313,
    0.30122506618499756,
    0.3161628544330597,
    0.3069744408130646,
    0.29409143328666687,
    0.30222365260124207,
    0.27766063809394836,
    0.27928626537323,
    0.2906615138053894,
    0.26704031229019165,
    0.2720848023891449,
    0.2618265748023987,
    0.2650620639324188,
    0.26388370990753174,
    0.24441833794116974,
    0.2530630826950073,
    0.2621190547943115
  ],
  "val_accuracy": [
    0.8305084705352783,
    0.7627118825912476,
    0.7796609997749329,
    0.7796609997749329,
    0.8135592937469482,
    0.8305084705352783,
    0.7796609997749329,
    0.8305084705352783,
    0.8135592937469482,
    0.8644067645072937,
    0.8644067645072937,
    0.8474576473236084,
    0.8305084705352783,
    0.8644067645072937,
    0.8474576473236084,
    0.8305084705352783,
    0.8474576473236084,
    0.8474576473236084,
    0.8135592937469482,
    0.8305084705352783,
    0.8135592937469482,
    0.8644067645072937,
    0.8474576473236084,
    0.8813559412956238,
    0.8813559412956238,
    0.8813559412956238,
    0.8644067645072937,
    0.8474576473236084,
    0.8305084705352783,
    0.8305084705352783,
    0.8474576473236084,
    0.8474576473236084,
    0.8644067645072937,
    0.8644067645072937,
    0.8474576473236084,
    0.8305084705352783,
    0.8474576473236084,
    0.8474576473236084,
    0.8474576473236084,
    0.8474576473236084,
    0.8644067645072937,
    0.8644067645072937,
    0.8474576473236084,
    0.8474576473236084,
    0.8474576473236084,
    0.8474576473236084,
    0.8474576473236084,
    0.8644067645072937,
    0.8644067645072937,
    0.8644067645072937
  ],
  "val_loss": [
    0.7636613845825195,
    0.8761054873466492,
    0.8236146569252014,
    0.8352704048156738,
    0.7599183320999146,
    0.7996543049812317,
    0.7884495854377747,
    0.7416029572486877,
    0.7464284300804138,
    0.6747932434082031,
    0.6827329993247986,
    0.696619987487793,
    0.7259598970413208,
    0.6853774189949036,
    0.7809942960739136,
    0.6971045732498169,
    0.8202642798423767,
    0.773237943649292,
    0.8611560463905334,
    0.6890362501144409,
    0.857688844203949,
    0.7043381333351135,
    0.7506734132766724,
    0.6463308930397034,
    0.661382257938385,
    0.6585515141487122,
    0.6953265070915222,
    0.731705904006958,
    0.758673369884491,
    0.8803740739822388,
    0.5990086793899536,
    0.6519589424133301,
    0.6266410946846008,
    0.6488470435142517,
    0.7174410223960876,
    0.6539426445960999,
    0.6489329934120178,
    0.6414270401000977,
    0.6118837594985962,
    0.6877932548522949,
    0.6567686796188354,
    0.6468926668167114,
    0.6627587676048279,
    0.6797577738761902,
    0.7169696092605591,
    0.7204917073249817,
    0.7014920711517334,
    0.7599248290061951,
    0.6293706297874451,
    0.8098164796829224
  ]
}