{
  "accuracy": [
    0.6737288236618042,
    0.7542372941970825,
    0.7923728823661804,
    0.8474576473236084,
    0.8389830589294434,
    0.8601694703102112,
    0.8644067645072937,
    0.8771186470985413,
    0.9025423526763916,
    0.9152542352676392,
    0.9322034120559692,
    0.9406779408454895,
    0.9576271176338196,
    0.944915235042572,
    0.9533898234367371,
    0.9533898234367371,
    0.9576271176338196,
    0.9703390002250671,
    0.9661017060279846,
    0.9661017060279846,
    0.9576271176338196,
    0.9491525292396545,
    0.9406779408454895,
    0.944915235042572,
    0.9703390002250671,
    0.9661017060279846,
    0.9703390002250671,
    0.9703390002250671,
    0.9745762944221497,
    0.9745762944221497,
    0.9661017060279846,
    0.9661017060279846,
    0.9703390002250671,
    0.9745762944221497,
    0.9745762944221497,
    0.9703390002250671,
    0.9745762944221497,
    0.9745762944221497,
    0.9745762944221497,
    0.9745762944221497,
    0.9745762944221497,
    0.9703390002250671,
    0.9661017060279846,
    0.9745762944221497,
    0.9745762944221497,
    0.9703390002250671,
    0.9703390002250671,
    0.9745762944221497,
    0.9703390002250671,
    0.9745762944221497
  ],
  "loss": [
    4.668774604797363,
    1.3523073196411133,
    0.9096865653991699,
    0.7495425343513489,
    0.808690071105957,
    0.7940491437911987,
    0.7415858507156372,
    0.6762843132019043,
    0.6307278871536255,
    0.5705413818359375,
    0.5356813669204712,
    0.4706917107105255,
    0.44753679633140564,
    0.4509473145008087,
    0.4209304749965668,
    0.4114592373371124,
    0.41133618354797363,
    0.3681947886943817,
    0.36541256308555603,
    0.37093687057495117,
    0.38141903281211853,
    0.4361940026283264,
    0.4265550374984741,
    0.4122108221054077,
    0.40836432576179504,
    0.35813087224960327,
    0.3422864079475403,
    0.3390014171600342,
    0.3261151611804962,
    0.3171446919441223,
    0.31620821356773376,
    0.32636556029319763,
    0.3059050142765045,
    0.2906230092048645,
    0.28948983550071716,
    0.3006228506565094,
    0.27841639518737793,
    0.2767762541770935,
    0.25952112674713135,
    0.2636578381061554,
    0.26964011788368225,
    0.25602009892463684,
    0.27260518074035645,
    0.2502882778644562,
    0.2513168752193451,
    0.2662573456764221,
    0.2576388120651245,
    0.25319746136665344,
    0.23806887865066528,
    0.24889594316482544
  ],
  "val_accuracy": [
    0.7627118825912476,
    0.7627118825912476,
    0.8644067645072937,
    0.8135592937469482,
    0.8305084705352783,
    0.8474576473236084,
    0.8813559412956238,
    0.8474576473236084,
    0.8474576473236084,
    0.8644067645072937,
    0.8474576473236084,
    0.8813559412956238,
    0.8644067645072937,
    0.8644067645072937,
    0.8305084705352783,
    0.8474576473236084,
    0.8305084705352783,
    0.8305084705352783,
    0.8474576473236084,
    0.8305084705352783,
    0.8305084705352783,
    0.8983050584793091,
    0.8474576473236084,
    0.8983050584793091,
    0.8474576473236084,
    0.8644067645072937,
    0.8644067645072937,
    0.8644067645072937,
    0.8813559412956238,
    0.8813559412956238,
    0.8644067645072937,
    0.8644067645072937,
    0.8813559412956238,
    0.8813559412956238,
    0.8813559412956238,
    0.8813559412956238,
    0.8813559412956238,
    0.8813559412956238,
    0.8644067645072937,
    0.8813559412956238,
    0.8813559412956238,
    0.8813559412956238,
    0.8644067645072937,
    0.8644067645072937,
    0.8644067645072937,
    0.8813559412956238,
    0.8983050584793091,
    0.9152542352676392,
    0.8644067645072937,
    0.8813559412956238
  ],
  "val_loss": [
    1.1743333339691162,
    0.8977142572402954,
    0.8092276453971863,
    0.7645705938339233,
    0.8210334777832031,
    0.7475502490997314,
    0.6926285028457642,
    0.7356738448143005,
    0.7074653506278992,
    0.6940225958824158,
    0.6865737438201904,
    0.6561354994773865,
    0.68780118227005,
    0.6540632247924805,
    0.6913871765136719,
    0.682056188583374,
    0.6697917580604553,
    0.6763031482696533,
    0.6605186462402344,
    0.6917358040809631,
    0.6557618379592896,
    0.6471221446990967,
    0.6791623830795288,
    0.639318585395813,
    0.6900976300239563,
    0.7468188405036926,
    0.6364296078681946,
    0.6685246825218201,
    0.661510169506073,
    0.7169987559318542,
    0.737251341342926,
    0.6738722324371338,
    0.6756554245948792,
    0.6026544570922852,
    0.6445051431655884,
    0.6511304974555969,
    0.6489099860191345,
    0.6526191234588623,
    0.6406633853912354,
    0.6435380578041077,
    0.6563943028450012,
    0.6314513683319092,
    0.6456023454666138,
    0.6069046258926392,
    0.6601910591125488,
    0.6238701939582825,
    0.5953500866889954,
    0.5938352346420288,
    0.5584176182746887,
    0.6765916347503662
  ]
}