{
  "accuracy": [
    0.694915235042572,
    0.6991525292396545,
    0.7542372941970825,
    0.8389830589294434,
    0.8432203531265259,
    0.8728813529014587,
    0.8983050584793091,
    0.9194915294647217,
    0.9237288236618042,
    0.9279661178588867,
    0.9406779408454895,
    0.9491525292396545,
    0.944915235042572,
    0.9618644118309021,
    0.9576271176338196,
    0.9576271176338196,
    0.9703390002250671,
    0.9491525292396545,
    0.9491525292396545,
    0.9661017060279846,
    0.9661017060279846,
    0.9533898234367371,
    0.9618644118309021,
    0.9661017060279846,
    0.9703390002250671,
    0.9703390002250671,
    0.9703390002250671,
    0.9661017060279846,
    0.9703390002250671,
    0.9576271176338196,
    0.9661017060279846,
    0.9745762944221497,
    0.9533898234367371,
    0.9661017060279846,
    0.9703390002250671,
    0.9745762944221497,
    0.9533898234367371,
    0.9661017060279846,
    0.9745762944221497,
    0.9661017060279846,
    0.9703390002250671,
    0.9703390002250671,
    0.9661017060279846,
    0.9703390002250671,
    0.9745762944221497,
    0.9745762944221497,
    0.9533898234367371,
    0.9576271176338196,
    0.9703390002250671,
    0.9661017060279846
  ],
  "loss": [
    6.6735453605651855,
    1.4197561740875244,
    0.9307230114936829,
    0.7790365219116211,
    0.7482380867004395,
    0.6943455338478088,
    0.6175023913383484,
    0.5771417021751404,
    0.5628891587257385,
    0.5611269474029541,
    0.5275258421897888,
    0.48224055767059326,
    0.447405606508255,
    0.432606041431427,
    0.42536088824272156,
    0.40942472219467163,
    0.417336642742157,
    0.4069834053516388,
    0.41877856850624084,
    0.3769789934158325,
    0.3980353772640228,
    0.37416988611221313,
    0.37523818016052246,
    0.3579460680484772,
    0.3544854521751404,
    0.3307952582836151,
    0.3298426866531372,
    0.32200169563293457,
    0.3160029351711273,
    0.32754018902778625,
    0.32751357555389404,
    0.3046525716781616,
    0.3263501226902008,
    0.3345524072647095,
    0.33068418502807617,
    0.30374449491500854,
    0.33643200993537903,
    0.31636977195739746,
    0.30051738023757935,
    0.3126221299171448,
    0.2682139575481415,
    0.2874104678630829,
    0.2760699689388275,
    0.27095064520835876,
    0.26641255617141724,
    0.26553767919540405,
    0.28204426169395447,
    0.2814810872077942,
    0.26690489053726196,
    0.27565306425094604
  ],
  "val_accuracy": [
    0.7966101765632629,
    0.8135592937469482,
    0.7627118825912476,
    0.8644067645072937,
    0.8474576473236084,
    0.8474576473236084,
    0.8305084705352783,
    0.8305084705352783,
    0.8474576473236084,
    0.8644067645072937,
    0.8644067645072937,
    0.8644067645072937,
    0.8644067645072937,
    0.8305084705352783,
    0.8305084705352783,
    0.8474576473236084,
    0.8474576473236084,
    0.8813559412956238,
    0.8644067645072937,
    0.8474576473236084,
    0.8474576473236084,
    0.8305084705352783,
    0.8474576473236084,
    0.8474576473236084,
    0.8644067645072937,
    0.8305084705352783,
    0.8474576473236084,
    0.8644067645072937,
    0.8135592937469482,
    0.8135592937469482,
    0.8474576473236084,
    0.8474576473236084,
    0.8305084705352783,
    0.8474576473236084,
    0.8305084705352783,
    0.8305084705352783,
    0.8135592937469482,
    0.8644067645072937,
    0.8474576473236084,
    0.8474576473236084,
    0.8474576473236084,
    0.8474576473236084,
    0.8644067645072937,
    0.8305084705352783,
    0.8474576473236084,
    0.8305084705352783,
    0.8305084705352783,
    0.8474576473236084,
    0.8644067645072937,
    0.8474576473236084
  ],
  "val_loss": [
    0.8077093362808228,
    0.8304728865623474,
    0.9010554552078247,
    0.7875613570213318,
    0.7590683698654175,
    0.7308931946754456,
    0.6814430356025696,
    0.6825618147850037,
    0.6932529807090759,
    0.684692919254303,
    0.7042258381843567,
    0.6834107637405396,
    0.6602469086647034,
    0.7124276161193848,
    0.7193201184272766,
    0.6302970051765442,
    0.6699398756027222,
    0.6812161207199097,
    0.6570418477058411,
    0.6266093850135803,
    0.6450446248054504,
    0.7678422927856445,
    0.6556327939033508,
    0.6528029441833496,
    0.6297838687896729,
    0.7205130457878113,
    0.7003095149993896,
    0.6340668201446533,
    0.6150758266448975,
    0.7139307856559753,
    0.6366706490516663,
    0.7181477546691895,
    0.5963285565376282,
    0.6360108852386475,
    0.6090254187583923,
    0.7019004225730896,
    0.6692597270011902,
    0.6536521911621094,
    0.6857688426971436,
    0.6713407635688782,
    0.6220340132713318,
    0.6505932807922363,
    0.5857505202293396,
    0.6577090620994568,
    0.6641842722892761,
    0.7266250848770142,
    0.616734504699707,
    0.585831344127655,
    0.5438099503517151,
    0.5996261239051819
  ]
}