{
  "accuracy": [
    0.6567796468734741,
    0.75,
    0.8262711763381958,
    0.8135592937469482,
    0.8432203531265259,
    0.8644067645072937,
    0.8686440587043762,
    0.8686440587043762,
    0.8728813529014587,
    0.8771186470985413,
    0.8983050584793091,
    0.9237288236618042,
    0.9364407062530518,
    0.9364407062530518,
    0.9364407062530518,
    0.9406779408454895,
    0.9576271176338196,
    0.9322034120559692,
    0.9491525292396545,
    0.9491525292396545,
    0.9322034120559692,
    0.9491525292396545,
    0.9661017060279846,
    0.9745762944221497,
    0.9576271176338196,
    0.9745762944221497,
    0.9618644118309021,
    0.9703390002250671,
    0.9618644118309021,
    0.9703390002250671,
    0.9618644118309021,
    0.9745762944221497,
    0.9703390002250671,
    0.9745762944221497,
    0.9533898234367371,
    0.9745762944221497,
    0.9703390002250671,
    0.9661017060279846,
    0.9745762944221497,
    0.9745762944221497,
    0.9703390002250671,
    0.9661017060279846,
    0.9618644118309021,
    0.9618644118309021,
    0.9491525292396545,
    0.9533898234367371,
    0.9576271176338196,
    0.9703390002250671,
    0.9745762944221497,
    0.9533898234367371
  ],
  "loss": [
    5.209612846374512,
    0.9666155576705933,
    0.7835159301757812,
    0.8543961048126221,
    0.756472647190094,
    0.7223504185676575,
    0.665818452835083,
    0.6327189803123474,
    0.5944713950157166,
    0.5953428149223328,
    0.5310772061347961,
    0.5064674019813538,
    0.48290926218032837,
    0.46862661838531494,
    0.4414796233177185,
    0.4326232969760895,
    0.41414913535118103,
    0.4445045590400696,
    0.4437249004840851,
    0.4084164798259735,
    0.41490885615348816,
    0.39673343300819397,
    0.3668440878391266,
    0.35690611600875854,
    0.3623061180114746,
    0.33187544345855713,
    0.32712891697883606,
    0.3112879991531372,
    0.3116122782230377,
    0.3160072863101959,
    0.31425541639328003,
    0.3077842891216278,
    0.3011837303638458,
    0.27447620034217834,
    0.30540576577186584,
    0.2857529819011688,
    0.28027603030204773,
    0.28187498450279236,
    0.26912617683410645,
    0.2641662657260895,
    0.27142706513404846,
    0.2779228985309601,
    0.30699607729911804,
    0.2976069152355194,
    0.32361751794815063,
    0.31659212708473206,
    0.3088637590408325,
    0.29625436663627625,
    0.2932185232639313,
    0.3148089349269867
  ],
  "val_accuracy": [
    0.7457627058029175,
    0.7796609997749329,
    0.8644067645072937,
    0.8305084705352783,
    0.7966101765632629,
    0.8135592937469482,
    0.8305084705352783,
    0.8305084705352783,
    0.7966101765632629,
    0.8305084705352783,
    0.8305084705352783,
    0.8474576473236084,
    0.8474576473236084,
    0.8474576473236084,
    0.8305084705352783,
    0.8474576473236084,
    0.7627118825912476,
    0.8305084705352783,
    0.8305084705352783,
    0.8305084705352783,
    0.7966101765632629,
    0.8135592937469482,
    0.8305084705352783,
    0.8135592937469482,
    0.8474576473236084,
    0.7966101765632629,
    0.7796609997749329,
    0.8305084705352783,
    0.8305084705352783,
    0.8305084705352783,
    0.8305084705352783,
    0.8474576473236084,
    0.8135592937469482,
    0.8305084705352783,
    0.8474576473236084,
    0.8135592937469482,
    0.8644067645072937,
    0.8474576473236084,
    0.8644067645072937,
    0.8644067645072937,
    0.8305084705352783,
    0.8305084705352783,
    0.8135592937469482,
    0.8135592937469482,
    0.8135592937469482,
    0.7966101765632629,
    0.8135592937469482,
    0.8135592937469482,
    0.8135592937469482,
    0.8474576473236084
  ],
  "val_loss": [
    0.9672779440879822,
    0.8317349553108215,
    0.783971905708313,
    0.7721547484397888,
    0.742900550365448,
    0.7082676291465759,
    0.7050048112869263,
    0.6874765753746033,
    0.7141618728637695,
    0.6762726306915283,
    0.6718795299530029,
    0.6616358160972595,
    0.6727110147476196,
    0.675898551940918,
    0.7003878355026245,
    0.7183708548545837,
    0.7510104775428772,
    0.6889677047729492,
    0.667866051197052,
    0.7734311819076538,
    0.691939651966095,
    0.7032672166824341,
    0.7100217342376709,
    0.6891606450080872,
    0.7049347758293152,
    0.6737403273582458,
    0.7057070732116699,
    0.7982863187789917,
    0.7789689302444458,
    0.7165296077728271,
    0.7799222469329834,
    0.7216185331344604,
    0.7273874878883362,
    0.7133470773696899,
    0.7126677632331848,
    0.6431533098220825,
    0.7762959599494934,
    0.7681880593299866,
    0.7158822417259216,
    0.7344567179679871,
    0.836502194404602,
    0.6706513166427612,
    0.71491539478302,
    0.7190086841583252,
    0.8221549391746521,
    0.8646493554115295,
    0.755484938621521,
    0.7716209888458252,
    0.839108407497406,
    0.9947981834411621
  ]
}