{
  "accuracy": [
    0.625,
    0.625,
    0.75,
    0.75,
    0.75,
    0.625,
    0.625,
    0.875,
    0.875,
    0.75,
    0.75,
    0.5,
    0.625,
    0.75,
    0.875,
    0.625,
    0.75,
    0.75,
    0.875,
    0.75,
    0.875,
    0.75,
    0.875,
    0.625,
    0.875,
    0.875,
    0.875,
    0.875,
    0.875,
    0.875,
    0.875,
    0.875,
    0.875,
    0.75,
    0.875,
    0.875,
    0.875,
    0.875,
    0.875,
    0.875,
    0.875,
    0.875,
    0.75,
    0.875,
    0.75,
    0.75,
    0.75,
    0.875,
    0.875,
    0.875
  ],
  "loss": [
    0.8443025946617126,
    14.381016731262207,
    8.878745079040527,
    10.100894927978516,
    4.4220662117004395,
    4.136407375335693,
    7.78216552734375,
    1.073695421218872,
    5.733279228210449,
    6.186369895935059,
    1.9383819103240967,
    4.2227091789245605,
    1.110184907913208,
    1.3871772289276123,
    0.5425902605056763,
    0.8498417735099792,
    0.5808649659156799,
    0.6612138152122498,
    0.44546908140182495,
    0.7697963714599609,
    0.660718560218811,
    0.5690087676048279,
    0.5898177027702332,
    0.6962642073631287,
    0.5832493305206299,
    0.5575379133224487,
    0.5701251029968262,
    0.627248227596283,
    0.598676860332489,
    0.6123735904693604,
    0.6259526014328003,
    0.5518691539764404,
    0.600868284702301,
    0.7088372707366943,
    0.5252198576927185,
    0.6513574123382568,
    0.46234193444252014,
    0.5343807339668274,
    0.5578221082687378,
    0.6053553223609924,
    0.7559598088264465,
    0.45523613691329956,
    0.5738658905029297,
    0.6004591584205627,
    0.48524025082588196,
    0.6471513509750366,
    0.5837291479110718,
    0.8146181702613831,
    0.5854830741882324,
    0.5622949004173279
  ],
  "val_accuracy": [
    0.5,
    0.5,
    1.0,
    1.0,
    0.5,
    1.0,
    1.0,
    1.0,
    0.5,
    0.5,
    0.5,
    0.5,
    1.0,
    1.0,
    1.0,
    1.0,
    1.0,
    1.0,
    1.0,
    1.0,
    1.0,
    1.0,
    1.0,
    1.0,
    1.0,
    1.0,
    1.0,
    1.0,
    1.0,
    1.0,
    1.0,
    1.0,
    1.0,
    1.0,
    1.0,
    1.0,
    1.0,
    1.0,
    1.0,
    1.0,
    1.0,
    1.0,
    1.0,
    1.0,
    1.0,
    1.0,
    1.0,
    1.0,
    1.0,
    1.0
  ],
  "val_loss": [
    3.9082345962524414,
    0.9449736475944519,
    0.2799588143825531,
    0.4238385558128357,
    0.7819930911064148,
    0.3196870982646942,
    0.26789358258247375,
    0.45322439074516296,
    0.8764470219612122,
    1.0932303667068481,
    1.0213041305541992,
    0.8003790378570557,
    0.5929427742958069,
    0.4888862371444702,
    0.4540877640247345,
    0.46322372555732727,
    0.4794069528579712,
    0.5014329552650452,
    0.5243253707885742,
    0.5434722304344177,
    0.5439252257347107,
    0.5420352220535278,
    0.5388404130935669,
    0.5381284356117249,
    0.5365349054336548,
    0.532493531703949,
    0.5275270938873291,
    0.523115336894989,
    0.5191171169281006,
    0.5140432715415955,
    0.5194549560546875,
    0.5233649611473083,
    0.5113925933837891,
    0.5033090710639954,
    0.4939816892147064,
    0.4914654791355133,
    0.4825126826763153,
    0.46833521127700806,
    0.46157267689704895,
    0.45511430501937866,
    0.455752432346344,
    0.45094677805900574,
    0.45274287462234497,
    0.45892825722694397,
    0.45609551668167114,
    0.4525682330131531,
    0.44759535789489746,
    0.4651516079902649,
    0.4782836437225342,
    0.48073118925094604
  ]
}