{
  "accuracy": [
    0.5,
    0.75,
    0.875,
    0.625,
    0.625,
    0.75,
    0.75,
    0.875,
    0.5,
    0.5,
    0.75,
    0.625,
    0.875,
    0.875,
    0.875,
    0.875,
    0.875,
    0.875,
    0.875,
    0.875,
    0.875,
    0.75,
    0.875,
    0.875,
    0.875,
    0.875,
    0.875,
    0.875,
    0.875,
    0.875,
    0.875,
    0.875,
    0.875,
    0.75,
    1.0,
    1.0,
    0.875,
    0.75,
    1.0,
    0.875,
    1.0,
    0.875,
    0.875,
    0.875,
    0.875,
    0.75,
    0.875,
    0.875,
    0.875,
    0.875
  ],
  "loss": [
    1.206810712814331,
    10.914663314819336,
    0.7271437644958496,
    7.537984371185303,
    3.794543743133545,
    4.128702163696289,
    5.695723533630371,
    3.7430553436279297,
    2.303893566131592,
    1.8186174631118774,
    0.7702764868736267,
    1.9872807264328003,
    0.6294804811477661,
    0.6834837198257446,
    0.7210785150527954,
    0.6854850649833679,
    0.6514827609062195,
    0.6414563655853271,
    0.7340479493141174,
    0.6638416051864624,
    0.7683890461921692,
    0.6845599412918091,
    0.5595731139183044,
    0.701255738735199,
    0.6088728308677673,
    0.6526564359664917,
    0.7249605059623718,
    0.5927991271018982,
    0.6384738087654114,
    0.7252488136291504,
    0.6326681971549988,
    0.6215375065803528,
    0.8035391569137573,
    0.6752919554710388,
    0.5155426263809204,
    0.5325871109962463,
    0.5901930332183838,
    0.7738813161849976,
    0.5171852707862854,
    0.5545818209648132,
    0.4226483106613159,
    1.2057723999023438,
    0.8906896710395813,
    1.011182188987732,
    0.5991705656051636,
    0.7801429033279419,
    0.7272322773933411,
    0.6523144841194153,
    0.6580073833465576,
    0.617157518863678
  ],
  "val_accuracy": [
    1.0,
    1.0,
    1.0,
    1.0,
    1.0,
    1.0,
    1.0,
    0.5,
    0.5,
    0.5,
    1.0,
    1.0,
    1.0,
    1.0,
    1.0,
    1.0,
    1.0,
    1.0,
    1.0,
    1.0,
    1.0,
    1.0,
    1.0,
    1.0,
    1.0,
    1.0,
    1.0,
    1.0,
    1.0,
    1.0,
    1.0,
    1.0,
    1.0,
    1.0,
    1.0,
    1.0,
    1.0,
    1.0,
    1.0,
    1.0,
    1.0,
    1.0,
    1.0,
    1.0,
    1.0,
    1.0,
    1.0,
    1.0,
    1.0,
    1.0
  ],
  "val_loss": [
    0.5532270669937134,
    0.28376051783561707,
    0.2695636451244354,
    0.2641248106956482,
    0.2624759078025818,
    0.2634788751602173,
    0.3629592955112457,
    1.0795674324035645,
    0.9640876054763794,
    0.7011713981628418,
    0.6307260394096375,
    0.6008013486862183,
    0.5894299149513245,
    0.5719419717788696,
    0.5619790554046631,
    0.5515585541725159,
    0.5462183356285095,
    0.5147314071655273,
    0.5461224317550659,
    0.573251485824585,
    0.5580413341522217,
    0.5292140245437622,
    0.5012365579605103,
    0.49573612213134766,
    0.49130943417549133,
    0.49421027302742004,
    0.5232609510421753,
    0.5225542187690735,
    0.5141827464103699,
    0.49209344387054443,
    0.4749869108200073,
    0.4902227222919464,
    0.5264801383018494,
    0.5890783667564392,
    0.6202521920204163,
    0.623310923576355,
    0.5954462289810181,
    0.5531211495399475,
    0.501237690448761,
    0.46515607833862305,
    0.4346887469291687,
    0.44522762298583984,
    0.46198469400405884,
    0.5061330795288086,
    0.5549668073654175,
    0.5876348614692688,
    0.5992497801780701,
    0.6016221642494202,
    0.5980859398841858,
    0.5829453468322754
  ]
}