{
  "accuracy": [
    0.6483050584793091,
    0.7542372941970825,
    0.8347457647323608,
    0.8474576473236084,
    0.8771186470985413,
    0.8855932354927063,
    0.8898305296897888,
    0.9194915294647217,
    0.8771186470985413,
    0.944915235042572,
    0.9576271176338196,
    0.9788135886192322,
    0.9830508232116699,
    0.9830508232116699,
    0.9872881174087524,
    0.9872881174087524,
    0.9745762944221497,
    0.9957627058029175,
    0.991525411605835,
    0.9830508232116699,
    0.9872881174087524,
    0.9957627058029175,
    0.991525411605835,
    0.9788135886192322,
    0.9957627058029175,
    0.9830508232116699,
    0.9576271176338196,
    0.991525411605835,
    0.9872881174087524,
    0.991525411605835,
    0.9788135886192322,
    0.9957627058029175,
    0.9957627058029175,
    0.9957627058029175,
    0.9957627058029175,
    0.9957627058029175,
    0.9957627058029175,
    0.9957627058029175,
    0.9957627058029175,
    0.9957627058029175,
    0.9872881174087524,
    0.991525411605835,
    0.991525411605835,
    0.9957627058029175,
    0.9957627058029175,
    0.9957627058029175,
    0.9957627058029175,
    0.991525411605835,
    0.991525411605835,
    0.991525411605835
  ],
  "loss": [
    3.5190303325653076,
    1.3968652486801147,
    0.8699448704719543,
    0.8640606999397278,
    0.7100705504417419,
    0.670319139957428,
    0.6362459063529968,
    0.5465945601463318,
    0.5511043071746826,
    0.44758009910583496,
    0.43579038977622986,
    0.3610726594924927,
    0.35105475783348083,
    0.3408777713775635,
    0.3288037180900574,
    0.3037446439266205,
    0.36233964562416077,
    0.298506498336792,
    0.30055639147758484,
    0.29043668508529663,
    0.28775978088378906,
    0.26120978593826294,
    0.26041707396507263,
    0.27846968173980713,
    0.24747757613658905,
    0.28426313400268555,
    0.2990383505821228,
    0.2688792049884796,
    0.2657374143600464,
    0.24307294189929962,
    0.2710552513599396,
    0.22924865782260895,
    0.21911375224590302,
    0.2123177945613861,
    0.1996581256389618,
    0.20430998504161835,
    0.18806566298007965,
    0.18450911343097687,
    0.176284059882164,
    0.1774192899465561,
    0.18708164989948273,
    0.1969982534646988,
    0.1770990639925003,
    0.1741994470357895,
    0.16813576221466064,
    0.16149316728115082,
    0.16336767375469208,
    0.1704423725605011,
    0.16266122460365295,
    0.1660635769367218
  ],
  "val_accuracy": [
    0.8135592937469482,
    0.32203391194343567,
    0.7457627058029175,
    0.8135592937469482,
    0.8135592937469482,
    0.7118644118309021,
    0.8474576473236084,
    0.7966101765632629,
    0.8474576473236084,
    0.7627118825912476,
    0.8135592937469482,
    0.7966101765632629,
    0.8305084705352783,
    0.8305084705352783,
    0.7966101765632629,
    0.8305084705352783,
    0.8305084705352783,
    0.8135592937469482,
    0.8135592937469482,
    0.7627118825912476,
    0.8305084705352783,
    0.7966101765632629,
    0.8474576473236084,
    0.8135592937469482,
    0.7627118825912476,
    0.8305084705352783,
    0.8474576473236084,
    0.8305084705352783,
    0.8474576473236084,
    0.8135592937469482,
    0.8305084705352783,
    0.8305084705352783,
    0.8135592937469482,
    0.8305084705352783,
    0.8305084705352783,
    0.8135592937469482,
    0.8305084705352783,
    0.8305084705352783,
    0.8135592937469482,
    0.8305084705352783,
    0.8135592937469482,
    0.8135592937469482,
    0.7966101765632629,
    0.8474576473236084,
    0.8135592937469482,
    0.8135592937469482,
    0.8474576473236084,
    0.8474576473236084,
    0.8305084705352783,
    0.8135592937469482
  ],
  "val_loss": [
    5.497483730316162,
    1.424497127532959,
    2.708364725112915,
    0.8568662405014038,
    1.061902403831482,
    1.1004612445831299,
    0.79716557264328,
    0.8947686553001404,
    0.7193351984024048,
    1.0680739879608154,
    0.8303930163383484,
    0.7907730937004089,
    0.7873891592025757,
    0.8126090168952942,
    0.8090032339096069,
    0.7034486532211304,
    0.6854236125946045,
    0.7966271638870239,
    0.7530173659324646,
    1.1097177267074585,
    0.7860966324806213,
    1.0138639211654663,
    0.829553484916687,
    0.9801679849624634,
    1.162622094154358,
    0.7791265845298767,
    0.8538639545440674,
    0.9268033504486084,
    0.9075851440429688,
    0.9685339331626892,
    0.8670889735221863,
    0.8905934691429138,
    0.9375830292701721,
    0.9550957083702087,
    0.9611459970474243,
    1.0087387561798096,
    0.9103596210479736,
    0.9854380488395691,
    1.0111750364303589,
    0.9258579611778259,
    1.0046154260635376,
    0.8199378848075867,
    1.0042133331298828,
    0.8809013366699219,
    0.9072092175483704,
    0.923690676689148,
    0.9129241108894348,
    0.9039496183395386,
    0.939409077167511,
    0.8415043950080872
  ]
}