{
  "accuracy": [
    0.875,
    0.5,
    0.5,
    0.875,
    0.5,
    0.75,
    0.75,
    0.75,
    0.625,
    0.75,
    0.875,
    0.75,
    0.75,
    0.875,
    0.75,
    0.75,
    0.625,
    0.625,
    0.75,
    0.875,
    0.75,
    0.625,
    1.0,
    0.875,
    0.875,
    0.875,
    0.75,
    0.875,
    0.875,
    0.875,
    0.875,
    0.875,
    0.875,
    0.875,
    0.875,
    0.875,
    0.875,
    0.75,
    0.875,
    0.875,
    0.875,
    0.875,
    0.875,
    0.875,
    0.875,
    0.875,
    0.875,
    0.875,
    0.875,
    0.875
  ],
  "loss": [
    0.7266051769256592,
    5.617800235748291,
    8.11500072479248,
    2.7236204147338867,
    15.12783432006836,
    4.380972862243652,
    10.384452819824219,
    7.037496566772461,
    3.2821900844573975,
    4.575268268585205,
    1.4197990894317627,
    2.113029718399048,
    1.1201050281524658,
    0.534129798412323,
    1.3861052989959717,
    0.8718748688697815,
    1.1193615198135376,
    2.1227738857269287,
    1.4683160781860352,
    0.5513327121734619,
    0.5927411317825317,
    0.7832813262939453,
    0.569003164768219,
    0.5898042917251587,
    0.6846030950546265,
    0.5158818364143372,
    0.7933360934257507,
    0.6650936603546143,
    0.48123764991760254,
    0.4546501338481903,
    0.633915901184082,
    0.6674243211746216,
    0.5444661974906921,
    0.6708304286003113,
    0.643987238407135,
    0.5478140115737915,
    0.5183700919151306,
    0.6925262212753296,
    0.6309954524040222,
    0.5566588044166565,
    0.688757061958313,
    0.5807554125785828,
    0.5935560464859009,
    0.6899647116661072,
    0.5155689716339111,
    0.6031143069267273,
    0.4709871709346771,
    0.5502236485481262,
    0.635972261428833,
    0.5513896942138672
  ],
  "val_accuracy": [
    1.0,
    0.5,
    0.5,
    1.0,
    1.0,
    1.0,
    1.0,
    1.0,
    1.0,
    1.0,
    1.0,
    1.0,
    1.0,
    1.0,
    1.0,
    1.0,
    1.0,
    1.0,
    1.0,
    1.0,
    1.0,
    1.0,
    1.0,
    1.0,
    1.0,
    1.0,
    1.0,
    1.0,
    1.0,
    1.0,
    1.0,
    1.0,
    1.0,
    1.0,
    1.0,
    1.0,
    1.0,
    1.0,
    1.0,
    1.0,
    1.0,
    1.0,
    1.0,
    1.0,
    1.0,
    1.0,
    1.0,
    1.0,
    1.0,
    1.0
  ],
  "val_loss": [
    0.3686648905277252,
    1.221741795539856,
    0.7759011387825012,
    0.29491597414016724,
    0.2781931757926941,
    0.2693972587585449,
    0.26586395502090454,
    0.2693979740142822,
    0.2796233594417572,
    0.30276650190353394,
    0.319350004196167,
    0.3391151428222656,
    0.37417957186698914,
    0.391330748796463,
    0.40373554825782776,
    0.40231332182884216,
    0.40092989802360535,
    0.39446812868118286,
    0.42878788709640503,
    0.5097742080688477,
    0.6058032512664795,
    0.6317984461784363,
    0.6066126823425293,
    0.578646183013916,
    0.5503734350204468,
    0.5359042286872864,
    0.5032764077186584,
    0.489673912525177,
    0.4811427891254425,
    0.4725663661956787,
    0.47253647446632385,
    0.4778040051460266,
    0.48737668991088867,
    0.5050983428955078,
    0.5215154886245728,
    0.528633177280426,
    0.5324711799621582,
    0.5352146029472351,
    0.5440655946731567,
    0.5438487529754639,
    0.5539835691452026,
    0.5641783475875854,
    0.5743553638458252,
    0.5866107940673828,
    0.5920881628990173,
    0.5983865261077881,
    0.5998769998550415,
    0.5944896340370178,
    0.5957422256469727,
    0.5955004692077637
  ]
}