{
  "accuracy": [
    0.6228813529014587,
    0.7754237055778503,
    0.7754237055778503,
    0.8559321761131287,
    0.8813559412956238,
    0.8983050584793091,
    0.9025423526763916,
    0.8983050584793091,
    0.9237288236618042,
    0.9067796468734741,
    0.9322034120559692,
    0.9322034120559692,
    0.9406779408454895,
    0.9406779408454895,
    0.9322034120559692,
    0.9364407062530518,
    0.9576271176338196,
    0.9618644118309021,
    0.9703390002250671,
    0.944915235042572,
    0.9618644118309021,
    0.9576271176338196,
    0.9533898234367371,
    0.9703390002250671,
    0.9661017060279846,
    0.9745762944221497,
    0.9745762944221497,
    0.9745762944221497,
    0.9703390002250671,
    0.9661017060279846,
    0.9661017060279846,
    0.9661017060279846,
    0.9745762944221497,
    0.9703390002250671,
    0.9661017060279846,
    0.9745762944221497,
    0.9703390002250671,
    0.9661017060279846,
    0.9745762944221497,
    0.9703390002250671,
    0.9703390002250671,
    0.9661017060279846,
    0.9703390002250671,
    0.9661017060279846,
    0.9703390002250671,
    0.9661017060279846,
    0.9745762944221497,
    0.9661017060279846,
    0.9618644118309021,
    0.9576271176338196
  ],
  "loss": [
    3.9866161346435547,
    0.9641880393028259,
    0.8321118354797363,
    0.6682969331741333,
    0.6148343086242676,
    0.591423511505127,
    0.55438631772995,
    0.5607929825782776,
    0.5107850432395935,
    0.49482810497283936,
    0.47911709547042847,
    0.43971696496009827,
    0.41913285851478577,
    0.44876784086227417,
    0.4470461905002594,
    0.4497809112071991,
    0.39480867981910706,
    0.38980793952941895,
    0.3694300949573517,
    0.3980114459991455,
    0.36901047825813293,
    0.3916173279285431,
    0.3837513029575348,
    0.35101816058158875,
    0.3434533476829529,
    0.32779043912887573,
    0.32023346424102783,
    0.3267093002796173,
    0.3280631899833679,
    0.3193555474281311,
    0.3231876492500305,
    0.3159985840320587,
    0.3151250183582306,
    0.31982627511024475,
    0.3178543448448181,
    0.3056419789791107,
    0.3100956082344055,
    0.29622846841812134,
    0.308774471282959,
    0.3210313022136688,
    0.29827216267585754,
    0.2954307794570923,
    0.3064364194869995,
    0.32560810446739197,
    0.3078765571117401,
    0.28956693410873413,
    0.29049599170684814,
    0.29374900460243225,
    0.296002060174942,
    0.29107555747032166
  ],
  "val_accuracy": [
    0.8135592937469482,
    0.8135592937469482,
    0.8305084705352783,
    0.8983050584793091,
    0.8983050584793091,
    0.8983050584793091,
    0.8813559412956238,
    0.8983050584793091,
    0.8644067645072937,
    0.8813559412956238,
    0.8983050584793091,
    0.8983050584793091,
    0.9152542352676392,
    0.8813559412956238,
    0.8813559412956238,
    0.8644067645072937,
    0.8644067645072937,
    0.8813559412956238,
    0.8983050584793091,
    0.8474576473236084,
    0.8305084705352783,
    0.8474576473236084,
    0.8644067645072937,
    0.8813559412956238,
    0.8813559412956238,
    0.8813559412956238,
    0.8813559412956238,
    0.8644067645072937,
    0.8983050584793091,
    0.8644067645072937,
    0.8474576473236084,
    0.8813559412956238,
    0.8644067645072937,
    0.8644067645072937,
    0.8644067645072937,
    0.8644067645072937,
    0.8305084705352783,
    0.8474576473236084,
    0.8644067645072937,
    0.8474576473236084,
    0.8305084705352783,
    0.8644067645072937,
    0.8474576473236084,
    0.8305084705352783,
    0.8813559412956238,
    0.8644067645072937,
    0.8813559412956238,
    0.8644067645072937,
    0.8813559412956238,
    0.8474576473236084
  ],
  "val_loss": [
    0.7416937351226807,
    0.7198273539543152,
    0.7522640824317932,
    0.6988409757614136,
    0.6568803787231445,
    0.6334851980209351,
    0.6188578605651855,
    0.6333004832267761,
    0.6288139224052429,
    0.5985884666442871,
    0.5857908725738525,
    0.5734484791755676,
    0.6095820665359497,
    0.5833142399787903,
    0.5914468765258789,
    0.6186925768852234,
    0.6360734701156616,
    0.5674346685409546,
    0.5959647297859192,
    0.6204365491867065,
    0.6426895260810852,
    0.6894654035568237,
    0.6276987791061401,
    0.6318019032478333,
    0.6232896447181702,
    0.6501343250274658,
    0.6624065041542053,
    0.6248234510421753,
    0.6467900276184082,
    0.6656371355056763,
    0.6963331699371338,
    0.6049137711524963,
    0.6692681312561035,
    0.6232599020004272,
    0.6661437749862671,
    0.6897633671760559,
    0.8116365671157837,
    0.5927881002426147,
    0.6341414451599121,
    0.6609770059585571,
    0.7121452689170837,
    0.6079534292221069,
    0.7033588886260986,
    0.6356807351112366,
    0.6614865064620972,
    0.6129992008209229,
    0.6753193736076355,
    0.6383885741233826,
    0.6068328619003296,
    0.5593621730804443
  ]
}