{
  "accuracy": [
    0.25,
    0.75,
    0.75,
    0.375,
    0.625,
    0.375,
    0.75,
    0.75,
    0.875,
    0.625,
    0.875,
    1.0,
    0.875,
    0.75,
    0.75,
    0.75,
    0.75,
    0.5,
    0.75,
    0.875,
    0.875,
    0.875,
    0.875,
    0.875,
    0.875,
    0.875,
    0.75,
    0.875,
    0.875,
    0.875,
    0.875,
    0.875,
    0.875,
    0.875,
    0.875,
    0.875,
    0.875,
    0.875,
    0.875,
    0.875,
    0.875,
    0.875,
    0.875,
    0.875,
    0.875,
    0.875,
    0.875,
    0.875,
    0.875,
    0.875
  ],
  "loss": [
    1.2711021900177002,
    9.858039855957031,
    7.131595134735107,
    4.8133769035339355,
    7.206015586853027,
    7.933717250823975,
    2.537302255630493,
    1.686521053314209,
    1.240066409111023,
    1.0186010599136353,
    0.705702543258667,
    0.3474031388759613,
    0.8894219398498535,
    0.6044695973396301,
    0.7694547772407532,
    1.029350757598877,
    0.7544519901275635,
    1.997376561164856,
    1.0251874923706055,
    1.963791012763977,
    1.5151045322418213,
    1.4695335626602173,
    1.1925089359283447,
    0.6331732273101807,
    0.7147979140281677,
    0.737783670425415,
    0.7181220650672913,
    0.715302586555481,
    0.684287965297699,
    0.64158034324646,
    0.6105764508247375,
    0.6844328045845032,
    0.6355370283126831,
    0.6878930926322937,
    0.647693395614624,
    0.5572531223297119,
    0.7557076215744019,
    0.757775068283081,
    0.6087446212768555,
    0.6875552535057068,
    0.6884477138519287,
    0.6852245330810547,
    0.6649559140205383,
    0.6041889786720276,
    0.6182063221931458,
    0.6523174047470093,
    0.6304012537002563,
    0.622854471206665,
    0.6513580679893494,
    0.6868351697921753
  ],
  "val_accuracy": [
    0.5,
    1.0,
    0.5,
    1.0,
    1.0,
    0.5,
    0.5,
    0.5,
    0.5,
    1.0,
    1.0,
    1.0,
    1.0,
    1.0,
    0.5,
    1.0,
    1.0,
    1.0,
    1.0,
    0.5,
    0.5,
    0.5,
    0.5,
    0.5,
    0.5,
    0.5,
    0.5,
    0.5,
    0.5,
    0.5,
    0.5,
    0.5,
    1.0,
    1.0,
    1.0,
    1.0,
    1.0,
    1.0,
    1.0,
    1.0,
    1.0,
    1.0,
    1.0,
    1.0,
    1.0,
    1.0,
    1.0,
    1.0,
    0.5,
    0.5
  ],
  "val_loss": [
    1.7104276418685913,
    0.2694269120693207,
    2.887202024459839,
    0.3577827513217926,
    0.3144780695438385,
    0.6360512971878052,
    1.0365689992904663,
    1.0800085067749023,
    1.0131057500839233,
    0.7792516946792603,
    0.37867602705955505,
    0.30685973167419434,
    0.42389726638793945,
    0.40852198004722595,
    0.7319748997688293,
    0.548823893070221,
    0.3726494610309601,
    0.4256257712841034,
    0.5652211308479309,
    0.744297206401825,
    0.8910724520683289,
    1.0174596309661865,
    1.207558274269104,
    1.4276058673858643,
    1.4537239074707031,
    1.4713044166564941,
    1.3984020948410034,
    1.3165514469146729,
    1.2027478218078613,
    1.0887017250061035,
    0.9796422719955444,
    0.8809521198272705,
    0.7973598837852478,
    0.7369534969329834,
    0.6889344453811646,
    0.6393777132034302,
    0.6289615035057068,
    0.6314829587936401,
    0.6319758892059326,
    0.6389168500900269,
    0.6514508128166199,
    0.6705227494239807,
    0.6884031891822815,
    0.7029606103897095,
    0.7083611488342285,
    0.7424863576889038,
    0.7776258587837219,
    0.8166817426681519,
    0.8588275909423828,
    0.8446040153503418
  ]
}