{
  "accuracy": [
    0.5635592937469482,
    0.7372881174087524,
    0.8220338821411133,
    0.8305084705352783,
    0.8516949415206909,
    0.8432203531265259,
    0.8601694703102112,
    0.8559321761131287,
    0.8771186470985413,
    0.8855932354927063,
    0.8771186470985413,
    0.8983050584793091,
    0.9194915294647217,
    0.9194915294647217,
    0.9406779408454895,
    0.944915235042572,
    0.944915235042572,
    0.9406779408454895,
    0.9618644118309021,
    0.9703390002250671,
    0.9576271176338196,
    0.9618644118309021,
    0.9618644118309021,
    0.9576271176338196,
    0.9661017060279846,
    0.9661017060279846,
    0.9618644118309021,
    0.9703390002250671,
    0.9745762944221497,
    0.9703390002250671,
    0.9703390002250671,
    0.9576271176338196,
    0.9703390002250671,
    0.9618644118309021,
    0.9661017060279846,
    0.9533898234367371,
    0.9661017060279846,
    0.9661017060279846,
    0.9661017060279846,
    0.9661017060279846,
    0.9661017060279846,
    0.9703390002250671,
    0.9661017060279846,
    0.9618644118309021,
    0.9406779408454895,
    0.9491525292396545,
    0.9533898234367371,
    0.9576271176338196,
    0.9703390002250671,
    0.9618644118309021
  ],
  "loss": [
    8.82931900024414,
    1.1953654289245605,
    0.8808309435844421,
    0.8129807710647583,
    0.7694652080535889,
    0.7395874261856079,
    0.6881193518638611,
    0.7178786396980286,
    0.6480478048324585,
    0.6327537894248962,
    0.6108430624008179,
    0.5649251937866211,
    0.551936149597168,
    0.5410141944885254,
    0.4911225140094757,
    0.48569294810295105,
    0.4629605710506439,
    0.44069892168045044,
    0.41392871737480164,
    0.39631086587905884,
    0.4182259738445282,
    0.4118863344192505,
    0.3739837110042572,
    0.3882276713848114,
    0.3612852692604065,
    0.3567346930503845,
    0.3734876215457916,
    0.3552781641483307,
    0.3260365426540375,
    0.31264936923980713,
    0.32194188237190247,
    0.34713226556777954,
    0.31963247060775757,
    0.323360413312912,
    0.3325478732585907,
    0.31542283296585083,
    0.3136116862297058,
    0.3032819330692291,
    0.2990468740463257,
    0.2946537733078003,
    0.30633166432380676,
    0.29141920804977417,
    0.2924192249774933,
    0.2950148284435272,
    0.36617398262023926,
    0.34529945254325867,
    0.3030599057674408,
    0.3172501027584076,
    0.3067900836467743,
    0.30143052339553833
  ],
  "val_accuracy": [
    0.7627118825912476,
    0.7966101765632629,
    0.8135592937469482,
    0.8474576473236084,
    0.8474576473236084,
    0.8474576473236084,
    0.8305084705352783,
    0.8135592937469482,
    0.8135592937469482,
    0.8644067645072937,
    0.8813559412956238,
    0.8644067645072937,
    0.8644067645072937,
    0.8474576473236084,
    0.8305084705352783,
    0.8474576473236084,
    0.8474576473236084,
    0.8474576473236084,
    0.8305084705352783,
    0.8474576473236084,
    0.8305084705352783,
    0.8474576473236084,
    0.8644067645072937,
    0.8474576473236084,
    0.8474576473236084,
    0.8135592937469482,
    0.8305084705352783,
    0.8305084705352783,
    0.8474576473236084,
    0.8305084705352783,
    0.8474576473236084,
    0.8474576473236084,
    0.8305084705352783,
    0.8474576473236084,
    0.8474576473236084,
    0.8305084705352783,
    0.8474576473236084,
    0.8135592937469482,
    0.8305084705352783,
    0.8305084705352783,
    0.8644067645072937,
    0.8474576473236084,
    0.8644067645072937,
    0.7627118825912476,
    0.8305084705352783,
    0.8305084705352783,
    0.8474576473236084,
    0.8644067645072937,
    0.8135592937469482,
    0.8305084705352783
  ],
  "val_loss": [
    0.85846346616745,
    0.8880462646484375,
    0.8623374104499817,
    0.7882664799690247,
    0.7566447854042053,
    0.7424262166023254,
    0.7622405290603638,
    0.762817919254303,
    0.7261196970939636,
    0.738261342048645,
    0.6807190179824829,
    0.6701943278312683,
    0.6768996715545654,
    0.6957384943962097,
    0.6712672114372253,
    0.6789266467094421,
    0.6676733493804932,
    0.6845901012420654,
    0.6683998703956604,
    0.700225293636322,
    0.7090332508087158,
    0.7056076526641846,
    0.6287247538566589,
    0.6268686056137085,
    0.6609750390052795,
    0.6661219000816345,
    0.7052731513977051,
    0.6757708787918091,
    0.678295910358429,
    0.6926076412200928,
    0.7129078507423401,
    0.7490407228469849,
    0.6468501091003418,
    0.7014535069465637,
    0.7219613194465637,
    0.6830576062202454,
    0.7929453253746033,
    0.7045385241508484,
    0.7041170001029968,
    0.7522146701812744,
    0.7238636612892151,
    0.6790242791175842,
    0.7286635637283325,
    0.7763216495513916,
    0.6428711414337158,
    0.778850257396698,
    0.7255785465240479,
    0.6944489479064941,
    0.7047570943832397,
    0.7032538652420044
  ]
}