{
  "accuracy": [
    0.5,
    0.625,
    0.625,
    0.5,
    0.625,
    0.75,
    0.5,
    0.625,
    0.875,
    0.875,
    0.875,
    0.875,
    1.0,
    0.625,
    0.75,
    0.875,
    0.875,
    0.875,
    0.75,
    0.875,
    0.5,
    0.875,
    0.875,
    0.875,
    0.75,
    0.875,
    0.75,
    0.875,
    0.875,
    0.875,
    0.875,
    0.875,
    0.875,
    0.875,
    0.875,
    0.875,
    0.875,
    0.875,
    0.875,
    0.875,
    0.875,
    0.875,
    0.875,
    0.875,
    0.875,
    0.875,
    0.875,
    0.875,
    0.875,
    0.75
  ],
  "loss": [
    0.9733388423919678,
    5.315199375152588,
    7.014227390289307,
    2.371504783630371,
    1.2382735013961792,
    0.7090622782707214,
    1.092250108718872,
    0.8569202423095703,
    0.7867032885551453,
    0.5790756344795227,
    0.5712220668792725,
    1.6275838613510132,
    0.3781387507915497,
    1.3486120700836182,
    1.9398994445800781,
    1.415799856185913,
    1.7238425016403198,
    0.8829569816589355,
    0.8433253765106201,
    0.7033851146697998,
    1.1867883205413818,
    0.6122019290924072,
    0.7456281781196594,
    0.6368553638458252,
    1.2161153554916382,
    0.6987093091011047,
    3.12492036819458,
    0.6272174119949341,
    0.5695005059242249,
    0.622154712677002,
    0.6441962122917175,
    0.8692463636398315,
    0.6847105622291565,
    0.7568560242652893,
    0.6449673175811768,
    0.5945203304290771,
    0.5837876200675964,
    0.6226880550384521,
    0.623155951499939,
    0.5855372548103333,
    0.6690989136695862,
    0.6762611865997314,
    0.640545666217804,
    0.6964643597602844,
    0.566409707069397,
    0.680962324142456,
    0.5616986155509949,
    0.6405563354492188,
    0.5936605930328369,
    1.2985069751739502
  ],
  "val_accuracy": [
    1.0,
    0.5,
    0.5,
    1.0,
    1.0,
    0.0,
    0.5,
    1.0,
    1.0,
    1.0,
    1.0,
    1.0,
    0.5,
    1.0,
    0.5,
    1.0,
    1.0,
    1.0,
    0.5,
    0.0,
    0.5,
    1.0,
    1.0,
    1.0,
    1.0,
    1.0,
    1.0,
    1.0,
    1.0,
    1.0,
    0.5,
    0.5,
    0.5,
    0.5,
    0.5,
    0.5,
    1.0,
    1.0,
    1.0,
    1.0,
    1.0,
    1.0,
    1.0,
    1.0,
    1.0,
    1.0,
    1.0,
    1.0,
    1.0,
    0.5
  ],
  "val_loss": [
    0.2887301743030548,
    1.934382677078247,
    0.7309144139289856,
    0.7058228254318237,
    0.7470845580101013,
    1.0928680896759033,
    0.9266184568405151,
    0.8317839503288269,
    0.7115662693977356,
    0.665482223033905,
    0.33618447184562683,
    0.4490131437778473,
    1.570709228515625,
    0.5975197553634644,
    0.7217071056365967,
    0.5676645040512085,
    0.41027528047561646,
    0.4032633900642395,
    1.5897085666656494,
    4.392866611480713,
    2.3997349739074707,
    0.7829437255859375,
    0.4960489273071289,
    0.473626971244812,
    0.47718971967697144,
    0.48024865984916687,
    0.4794819951057434,
    0.4724683463573456,
    0.5032119154930115,
    0.613098680973053,
    0.7038486003875732,
    1.130860447883606,
    1.4178121089935303,
    1.2412185668945312,
    1.077643871307373,
    0.9477543234825134,
    0.8338776230812073,
    0.7330706119537354,
    0.6464227437973022,
    0.573083758354187,
    0.5074204206466675,
    0.48695608973503113,
    0.48581790924072266,
    0.4919511079788208,
    0.49310585856437683,
    0.5038794279098511,
    0.5113601684570312,
    0.532189667224884,
    0.5630755424499512,
    1.5205987691879272
  ]
}