{
  "accuracy": [
    0.6228813529014587,
    0.7669491767883301,
    0.805084764957428,
    0.7796609997749329,
    0.8601694703102112,
    0.8559321761131287,
    0.8813559412956238,
    0.8813559412956238,
    0.8898305296897888,
    0.9364407062530518,
    0.9067796468734741,
    0.9322034120559692,
    0.9406779408454895,
    0.9491525292396545,
    0.9322034120559692,
    0.9576271176338196,
    0.9491525292396545,
    0.9533898234367371,
    0.9491525292396545,
    0.9533898234367371,
    0.9491525292396545,
    0.9618644118309021,
    0.991525411605835,
    0.9830508232116699,
    0.9618644118309021,
    0.9661017060279846,
    0.9661017060279846,
    0.9872881174087524,
    0.9872881174087524,
    0.9788135886192322,
    0.9576271176338196,
    0.9788135886192322,
    0.9830508232116699,
    0.9830508232116699,
    0.9788135886192322,
    0.9618644118309021,
    0.9830508232116699,
    0.9703390002250671,
    0.991525411605835,
    0.9661017060279846,
    0.991525411605835,
    0.9745762944221497,
    0.991525411605835,
    0.991525411605835,
    0.9830508232116699,
    0.9872881174087524,
    0.991525411605835,
    0.991525411605835,
    0.9872881174087524,
    0.9872881174087524
  ],
  "loss": [
    4.272110462188721,
    1.798596739768982,
    0.8108711242675781,
    0.7467423677444458,
    0.7342346906661987,
    0.6166777610778809,
    0.6104251146316528,
    0.5750997066497803,
    0.5346285104751587,
    0.5101171731948853,
    0.5172772407531738,
    0.47760728001594543,
    0.46135666966438293,
    0.4554162621498108,
    0.42280828952789307,
    0.41322895884513855,
    0.40953776240348816,
    0.4066340923309326,
    0.3824019730091095,
    0.37298333644866943,
    0.3626156151294708,
    0.34704312682151794,
    0.31911784410476685,
    0.29976144433021545,
    0.3426901400089264,
    0.37722358107566833,
    0.35161539912223816,
    0.31820645928382874,
    0.2919333875179291,
    0.29013508558273315,
    0.3194839358329773,
    0.273681104183197,
    0.32675960659980774,
    0.313376247882843,
    0.303096741437912,
    0.30538472533226013,
    0.27506139874458313,
    0.3057781159877777,
    0.2804219126701355,
    0.2750083804130554,
    0.2944026291370392,
    0.2525729238986969,
    0.24966904520988464,
    0.2502591907978058,
    0.2550051808357239,
    0.2513684630393982,
    0.2406536340713501,
    0.23725681006908417,
    0.2534266710281372,
    0.22660286724567413
  ],
  "val_accuracy": [
    0.7288135886192322,
    0.6779661178588867,
    0.7796609997749329,
    0.7796609997749329,
    0.7796609997749329,
    0.7627118825912476,
    0.8135592937469482,
    0.7627118825912476,
    0.7966101765632629,
    0.7966101765632629,
    0.7796609997749329,
    0.8135592937469482,
    0.8135592937469482,
    0.8135592937469482,
    0.7966101765632629,
    0.7966101765632629,
    0.8135592937469482,
    0.8135592937469482,
    0.7966101765632629,
    0.7966101765632629,
    0.7966101765632629,
    0.7966101765632629,
    0.7966101765632629,
    0.7966101765632629,
    0.7966101765632629,
    0.8305084705352783,
    0.8305084705352783,
    0.8135592937469482,
    0.7966101765632629,
    0.8135592937469482,
    0.7966101765632629,
    0.7966101765632629,
    0.8135592937469482,
    0.7966101765632629,
    0.7796609997749329,
    0.8305084705352783,
    0.7966101765632629,
    0.8135592937469482,
    0.8135592937469482,
    0.8135592937469482,
    0.8305084705352783,
    0.8135592937469482,
    0.8135592937469482,
    0.8305084705352783,
    0.8135592937469482,
    0.8135592937469482,
    0.8305084705352783,
    0.7966101765632629,
    0.8135592937469482,
    0.8135592937469482
  ],
  "val_loss": [
    5.536159038543701,
    2.4072248935699463,
    0.9131996035575867,
    0.9250303506851196,
    0.9044158458709717,
    0.7961611747741699,
    0.7223360538482666,
    0.7704183459281921,
    0.7163788676261902,
    0.727365255355835,
    0.7899008393287659,
    0.6980951428413391,
    0.735863208770752,
    0.7045033574104309,
    0.7447993159294128,
    0.8063501715660095,
    0.6876351833343506,
    0.6756369471549988,
    0.7091132998466492,
    0.7338442802429199,
    0.6982622146606445,
    0.7020139694213867,
    0.6979517936706543,
    0.7373666167259216,
    0.7074261903762817,
    0.6791296601295471,
    0.7011970281600952,
    0.7501824498176575,
    0.6988620162010193,
    0.6574608683586121,
    0.7162415385246277,
    0.7148270010948181,
    0.6512731909751892,
    0.6905436515808105,
    0.8325070142745972,
    0.6785162091255188,
    0.7542282342910767,
    0.692199170589447,
    0.6754265427589417,
    0.717252254486084,
    0.685347855091095,
    0.7022049427032471,
    0.6945980787277222,
    0.7050874829292297,
    0.7199779152870178,
    0.7222378253936768,
    0.6796702742576599,
    0.7507367730140686,
    0.7167330980300903,
    0.672029435634613
  ]
}