{
  "accuracy": [
    0.375,
    0.625,
    0.875,
    0.625,
    0.875,
    0.5,
    0.75,
    0.625,
    0.75,
    0.875,
    0.75,
    0.875,
    0.75,
    0.375,
    0.75,
    0.875,
    0.875,
    0.875,
    0.875,
    0.875,
    0.875,
    0.875,
    0.875,
    0.875,
    0.875,
    0.875,
    0.875,
    0.875,
    0.875,
    0.75,
    0.875,
    0.875,
    0.875,
    0.875,
    0.875,
    0.875,
    0.875,
    0.875,
    0.875,
    0.875,
    0.875,
    0.875,
    0.875,
    0.875,
    0.875,
    0.875,
    0.875,
    0.875,
    0.875,
    0.875
  ],
  "loss": [
    1.8282129764556885,
    16.009878158569336,
    12.297521591186523,
    1.9193193912506104,
    2.6935253143310547,
    10.961342811584473,
    3.6114683151245117,
    5.047635078430176,
    3.0042099952697754,
    0.9690860509872437,
    2.4956884384155273,
    1.0557668209075928,
    0.887137234210968,
    1.165719985961914,
    0.7645087838172913,
    0.6637178063392639,
    0.7065187692642212,
    0.6595904231071472,
    0.7310433983802795,
    0.6573209762573242,
    0.649387001991272,
    0.6202160120010376,
    0.6059200763702393,
    0.6665171980857849,
    0.6476752161979675,
    0.6223853826522827,
    0.6403289437294006,
    0.6468846201896667,
    0.6391479969024658,
    0.6834360957145691,
    0.6087476015090942,
    0.8370379209518433,
    0.7368540167808533,
    0.6675970554351807,
    0.6344516277313232,
    0.71355140209198,
    0.7216582298278809,
    0.6304355263710022,
    0.6527315378189087,
    0.6755755543708801,
    0.6782167553901672,
    0.6532226800918579,
    0.5981053709983826,
    0.6610380411148071,
    0.6275529861450195,
    0.6662050485610962,
    0.6680995225906372,
    0.6851027607917786,
    0.6076413989067078,
    0.8959024548530579
  ],
  "val_accuracy": [
    1.0,
    1.0,
    1.0,
    0.5,
    0.0,
    0.5,
    1.0,
    1.0,
    1.0,
    1.0,
    1.0,
    1.0,
    0.5,
    1.0,
    1.0,
    1.0,
    1.0,
    1.0,
    1.0,
    1.0,
    1.0,
    1.0,
    1.0,
    1.0,
    1.0,
    1.0,
    1.0,
    1.0,
    1.0,
    1.0,
    1.0,
    1.0,
    1.0,
    1.0,
    1.0,
    1.0,
    1.0,
    1.0,
    1.0,
    1.0,
    1.0,
    1.0,
    1.0,
    1.0,
    1.0,
    1.0,
    1.0,
    1.0,
    1.0,
    1.0
  ],
  "val_loss": [
    0.299191951751709,
    0.2804506719112396,
    0.2725718319416046,
    5.559436321258545,
    7.233627796173096,
    1.0270979404449463,
    0.35898470878601074,
    0.27750828862190247,
    0.28492745757102966,
    0.2916986048221588,
    0.30332836508750916,
    0.45969176292419434,
    0.6725001335144043,
    0.5665417313575745,
    0.5518994331359863,
    0.5424940586090088,
    0.5484816431999207,
    0.5465127825737,
    0.5485812425613403,
    0.5485413074493408,
    0.5360298156738281,
    0.50541752576828,
    0.4667504131793976,
    0.46019038558006287,
    0.47413378953933716,
    0.4975997507572174,
    0.5016202330589294,
    0.5111131072044373,
    0.5077447891235352,
    0.5111802816390991,
    0.492756724357605,
    0.517135739326477,
    0.557175874710083,
    0.5698964595794678,
    0.5771853923797607,
    0.5854545831680298,
    0.5964194536209106,
    0.5993044972419739,
    0.5846486687660217,
    0.5698162913322449,
    0.55670565366745,
    0.5408928394317627,
    0.5211685299873352,
    0.482243150472641,
    0.4580923318862915,
    0.476390540599823,
    0.6362283825874329,
    0.5067446827888489,
    0.4190647304058075,
    0.41870662569999695
  ]
}