{
  "accuracy": [
    0.25,
    0.5,
    0.375,
    0.75,
    0.875,
    0.875,
    0.875,
    0.75,
    0.875,
    0.625,
    0.625,
    0.625,
    0.875,
    0.625,
    0.75,
    0.75,
    0.875,
    0.75,
    0.75,
    0.75,
    0.625,
    0.75,
    0.875,
    0.875,
    0.875,
    0.875,
    0.875,
    0.875,
    0.875,
    0.875,
    0.875,
    0.875,
    0.75,
    0.875,
    0.875,
    0.875,
    0.875,
    0.875,
    0.875,
    0.875,
    0.75,
    0.875,
    0.875,
    0.875,
    0.875,
    0.875,
    0.875,
    0.875,
    0.875,
    0.875
  ],
  "loss": [
    1.4592950344085693,
    6.581899166107178,
    11.20948600769043,
    1.2608195543289185,
    0.7450799345970154,
    2.6562302112579346,
    2.8428237438201904,
    4.709173202514648,
    0.843895673751831,
    1.1366448402404785,
    1.643714189529419,
    1.771789789199829,
    0.7680637836456299,
    2.0276756286621094,
    0.7150187492370605,
    0.5802623629570007,
    0.5316097140312195,
    1.2560912370681763,
    0.6791726350784302,
    1.193288803100586,
    0.9827687740325928,
    0.5788580775260925,
    0.6958874464035034,
    0.6117447018623352,
    0.5097306966781616,
    0.44410431385040283,
    0.4812185764312744,
    0.5879470109939575,
    0.71617192029953,
    0.5002232789993286,
    0.6721875071525574,
    0.575468897819519,
    0.6324660778045654,
    0.5421501994132996,
    0.5988349318504333,
    0.5702129006385803,
    0.39745280146598816,
    0.6882888674736023,
    0.5107250809669495,
    0.5850601196289062,
    0.6934018135070801,
    0.6335835456848145,
    0.5540492534637451,
    0.5361942052841187,
    0.5590453743934631,
    0.6316689848899841,
    0.5032920837402344,
    0.5906388759613037,
    0.49422186613082886,
    0.5638625025749207
  ],
  "val_accuracy": [
    0.5,
    1.0,
    1.0,
    1.0,
    1.0,
    1.0,
    0.5,
    0.5,
    0.5,
    0.5,
    1.0,
    0.5,
    1.0,
    0.5,
    0.5,
    1.0,
    1.0,
    1.0,
    1.0,
    1.0,
    1.0,
    1.0,
    1.0,
    1.0,
    1.0,
    1.0,
    1.0,
    1.0,
    1.0,
    1.0,
    1.0,
    1.0,
    1.0,
    1.0,
    1.0,
    1.0,
    1.0,
    1.0,
    1.0,
    1.0,
    1.0,
    1.0,
    1.0,
    1.0,
    1.0,
    1.0,
    1.0,
    1.0,
    1.0,
    1.0
  ],
  "val_loss": [
    1.4554767608642578,
    0.5659279823303223,
    0.3210635781288147,
    0.336832731962204,
    0.3612362742424011,
    0.42080748081207275,
    0.8188350796699524,
    1.173626184463501,
    1.2748826742172241,
    0.944277286529541,
    0.9033865928649902,
    0.793891429901123,
    0.719896137714386,
    0.730225145816803,
    0.6840301156044006,
    0.5888189673423767,
    0.5139417052268982,
    0.44754230976104736,
    0.4477314054965973,
    0.4760793447494507,
    0.44897785782814026,
    0.421421617269516,
    0.4364250898361206,
    0.4399205148220062,
    0.43581700325012207,
    0.4207547903060913,
    0.4077916741371155,
    0.39926421642303467,
    0.4009409248828888,
    0.4097208082675934,
    0.415091872215271,
    0.4292498230934143,
    0.43616828322410583,
    0.4350730776786804,
    0.4441867768764496,
    0.44694992899894714,
    0.4432460367679596,
    0.4557768404483795,
    0.45757272839546204,
    0.46023908257484436,
    0.47305092215538025,
    0.4965718686580658,
    0.5090561509132385,
    0.5110036730766296,
    0.5008732676506042,
    0.4946654438972473,
    0.47671037912368774,
    0.4582677185535431,
    0.43737316131591797,
    0.42369043827056885
  ]
}