{
  "accuracy": [
    0.6101694703102112,
    0.7288135886192322,
    0.8389830589294434,
    0.8432203531265259,
    0.8347457647323608,
    0.8940678238868713,
    0.8983050584793091,
    0.9194915294647217,
    0.9152542352676392,
    0.9618644118309021,
    0.9745762944221497,
    0.9872881174087524,
    0.9788135886192322,
    0.9830508232116699,
    0.9872881174087524,
    0.991525411605835,
    0.9872881174087524,
    0.991525411605835,
    0.991525411605835,
    0.991525411605835,
    0.9957627058029175,
    0.9957627058029175,
    0.9957627058029175,
    0.9957627058029175,
    0.991525411605835,
    0.9957627058029175,
    0.9957627058029175,
    0.991525411605835,
    0.991525411605835,
    0.9872881174087524,
    0.991525411605835,
    0.991525411605835,
    0.9872881174087524,
    0.991525411605835,
    0.991525411605835,
    0.991525411605835,
    0.991525411605835,
    0.9957627058029175,
    0.9957627058029175,
    0.991525411605835,
    0.9957627058029175,
    0.9957627058029175,
    0.9957627058029175,
    0.991525411605835,
    0.9872881174087524,
    0.9872881174087524,
    0.9830508232116699,
    0.9872881174087524,
    0.9872881174087524,
    0.9872881174087524
  ],
  "loss": [
    4.931706428527832,
    1.4136096239089966,
    0.7378130555152893,
    0.694006085395813,
    0.7593775391578674,
    0.640029788017273,
    0.5794765949249268,
    0.5706929564476013,
    0.5370097756385803,
    0.4716864228248596,
    0.4092074930667877,
    0.3670298159122467,
    0.3790014982223511,
    0.3570965528488159,
    0.32969048619270325,
    0.3443998694419861,
    0.33430036902427673,
    0.2971622347831726,
    0.283439576625824,
    0.28759241104125977,
    0.26832425594329834,
    0.25735753774642944,
    0.25019633769989014,
    0.24191078543663025,
    0.24317793548107147,
    0.2348485141992569,
    0.23740121722221375,
    0.24164779484272003,
    0.23320415616035461,
    0.23854121565818787,
    0.24782727658748627,
    0.2189706563949585,
    0.233353391289711,
    0.2539307177066803,
    0.23313750326633453,
    0.23392640054225922,
    0.2258845418691635,
    0.22449332475662231,
    0.20453909039497375,
    0.20551246404647827,
    0.20357948541641235,
    0.1913653463125229,
    0.1918996423482895,
    0.19230380654335022,
    0.23881977796554565,
    0.2329528033733368,
    0.20999330282211304,
    0.20289207994937897,
    0.19808408617973328,
    0.20510026812553406
  ],
  "val_accuracy": [
    0.7118644118309021,
    0.7796609997749329,
    0.7457627058029175,
    0.7627118825912476,
    0.8305084705352783,
    0.7627118825912476,
    0.8135592937469482,
    0.8135592937469482,
    0.7796609997749329,
    0.7966101765632629,
    0.7966101765632629,
    0.8135592937469482,
    0.7966101765632629,
    0.7796609997749329,
    0.7796609997749329,
    0.7966101765632629,
    0.7966101765632629,
    0.7796609997749329,
    0.7966101765632629,
    0.7966101765632629,
    0.7966101765632629,
    0.7966101765632629,
    0.7796609997749329,
    0.7966101765632629,
    0.7627118825912476,
    0.7457627058029175,
    0.7966101765632629,
    0.8135592937469482,
    0.7796609997749329,
    0.7796609997749329,
    0.7966101765632629,
    0.7966101765632629,
    0.7966101765632629,
    0.7627118825912476,
    0.7966101765632629,
    0.7457627058029175,
    0.7627118825912476,
    0.7966101765632629,
    0.7966101765632629,
    0.7966101765632629,
    0.7966101765632629,
    0.7966101765632629,
    0.7966101765632629,
    0.694915235042572,
    0.7966101765632629,
    0.8135592937469482,
    0.7796609997749329,
    0.8135592937469482,
    0.8135592937469482,
    0.8135592937469482
  ],
  "val_loss": [
    2.2631208896636963,
    1.2908827066421509,
    0.920233964920044,
    1.4205857515335083,
    0.9898753762245178,
    0.8731478452682495,
    1.1445143222808838,
    1.0515609979629517,
    0.9019007682800293,
    0.7928469181060791,
    0.9671661853790283,
    1.0975725650787354,
    0.8208653330802917,
    0.948928952217102,
    0.8791379928588867,
    0.8823198080062866,
    0.8529998064041138,
    0.894608199596405,
    0.8030489087104797,
    0.8182952404022217,
    0.8310972452163696,
    0.7817200422286987,
    0.865520179271698,
    0.7672256827354431,
    0.9567970633506775,
    0.9630059003829956,
    0.8302375674247742,
    0.7988029718399048,
    0.7926864624023438,
    0.9037541151046753,
    0.7539598345756531,
    0.7329528331756592,
    0.7611637711524963,
    0.8191690444946289,
    0.7194847464561462,
    0.8750903606414795,
    0.8675531148910522,
    0.8109004497528076,
    0.8505762219429016,
    0.8689166307449341,
    0.8682673573493958,
    0.8880211114883423,
    0.8995928764343262,
    1.5654982328414917,
    0.78691166639328,
    0.7147461175918579,
    0.8962860107421875,
    0.7637196183204651,
    0.730957567691803,
    0.7467778325080872
  ]
}