{
  "accuracy": [
    0.6271186470985413,
    0.7754237055778503,
    0.805084764957428,
    0.8220338821411133,
    0.8305084705352783,
    0.8432203531265259,
    0.8855932354927063,
    0.8771186470985413,
    0.9067796468734741,
    0.9194915294647217,
    0.9533898234367371,
    0.9576271176338196,
    0.9576271176338196,
    0.9491525292396545,
    0.9618644118309021,
    0.9703390002250671,
    0.9661017060279846,
    0.9661017060279846,
    0.9576271176338196,
    0.9703390002250671,
    0.9703390002250671,
    0.9661017060279846,
    0.9661017060279846,
    0.9661017060279846,
    0.9661017060279846,
    0.9661017060279846,
    0.9661017060279846,
    0.9533898234367371,
    0.9703390002250671,
    0.9661017060279846,
    0.9661017060279846,
    0.9661017060279846,
    0.9703390002250671,
    0.9745762944221497,
    0.9745762944221497,
    0.9745762944221497,
    0.9703390002250671,
    0.9661017060279846,
    0.9703390002250671,
    0.9576271176338196,
    0.9533898234367371,
    0.9533898234367371,
    0.9322034120559692,
    0.9618644118309021,
    0.9533898234367371,
    0.9703390002250671,
    0.9661017060279846,
    0.9661017060279846,
    0.9533898234367371,
    0.9618644118309021
  ],
  "loss": [
    3.6910860538482666,
    0.8532248735427856,
    0.8277604579925537,
    0.8235158324241638,
    0.7983033657073975,
    0.6740373969078064,
    0.6188457012176514,
    0.5610813498497009,
    0.5295553207397461,
    0.492019921541214,
    0.4463675618171692,
    0.4167401194572449,
    0.4203309416770935,
    0.3988383412361145,
    0.3583296835422516,
    0.35470283031463623,
    0.35709139704704285,
    0.34908080101013184,
    0.3371715545654297,
    0.31733763217926025,
    0.3114922046661377,
    0.3187157213687897,
    0.3074682950973511,
    0.32411450147628784,
    0.30649757385253906,
    0.30091431736946106,
    0.28756028413772583,
    0.32523876428604126,
    0.2960525453090668,
    0.2896798551082611,
    0.26871341466903687,
    0.28704750537872314,
    0.2816508710384369,
    0.2592398226261139,
    0.24456284940242767,
    0.2526613473892212,
    0.2505118250846863,
    0.25215238332748413,
    0.2589060664176941,
    0.29277631640434265,
    0.30884772539138794,
    0.3150286376476288,
    0.39084649085998535,
    0.3074203431606293,
    0.32972463965415955,
    0.2932083010673523,
    0.2868213951587677,
    0.2860858738422394,
    0.2956676781177521,
    0.29303601384162903
  ],
  "val_accuracy": [
    0.8135592937469482,
    0.7796609997749329,
    0.7796609997749329,
    0.8135592937469482,
    0.8305084705352783,
    0.8135592937469482,
    0.8135592937469482,
    0.8305084705352783,
    0.8135592937469482,
    0.8135592937469482,
    0.8305084705352783,
    0.7966101765632629,
    0.7796609997749329,
    0.7966101765632629,
    0.8135592937469482,
    0.8135592937469482,
    0.8305084705352783,
    0.8305084705352783,
    0.8305084705352783,
    0.8135592937469482,
    0.8305084705352783,
    0.7966101765632629,
    0.7966101765632629,
    0.7966101765632629,
    0.8135592937469482,
    0.8305084705352783,
    0.8135592937469482,
    0.8135592937469482,
    0.8135592937469482,
    0.8135592937469482,
    0.8135592937469482,
    0.8135592937469482,
    0.8135592937469482,
    0.8305084705352783,
    0.8305084705352783,
    0.8135592937469482,
    0.8135592937469482,
    0.8135592937469482,
    0.8135592937469482,
    0.7796609997749329,
    0.8135592937469482,
    0.8305084705352783,
    0.7966101765632629,
    0.7796609997749329,
    0.7796609997749329,
    0.8305084705352783,
    0.8135592937469482,
    0.7966101765632629,
    0.7796609997749329,
    0.8135592937469482
  ],
  "val_loss": [
    0.8328794240951538,
    0.9061028957366943,
    0.8310340046882629,
    0.7951093912124634,
    0.8014709949493408,
    0.7177724242210388,
    0.7039284110069275,
    0.6710649728775024,
    0.6795132160186768,
    0.6998090744018555,
    0.7163840532302856,
    0.7342339754104614,
    0.6701299548149109,
    0.7138352394104004,
    0.6839116811752319,
    0.7183886170387268,
    0.8051992058753967,
    0.750747799873352,
    0.6680107712745667,
    0.7459390163421631,
    0.6663303971290588,
    0.6845988631248474,
    0.8022133708000183,
    0.6902890801429749,
    0.81299889087677,
    0.7354908585548401,
    0.7775007486343384,
    0.7373769879341125,
    0.8135732412338257,
    0.8061622381210327,
    0.9532231688499451,
    0.8027113676071167,
    0.8364666700363159,
    0.8037005662918091,
    0.8857551217079163,
    0.8701245784759521,
    0.8389325141906738,
    0.9642213582992554,
    0.9952635765075684,
    0.8119646310806274,
    0.664116382598877,
    0.7629924416542053,
    0.8714830875396729,
    0.7864356637001038,
    0.7768648862838745,
    0.8619588017463684,
    1.0314946174621582,
    1.1120359897613525,
    0.9044983386993408,
    1.0762481689453125
  ]
}