{
  "accuracy": [
    0.6398305296897888,
    0.741525411605835,
    0.7966101765632629,
    0.8644067645072937,
    0.8813559412956238,
    0.8728813529014587,
    0.9152542352676392,
    0.9152542352676392,
    0.944915235042572,
    0.9533898234367371,
    0.944915235042572,
    0.9533898234367371,
    0.9618644118309021,
    0.9703390002250671,
    0.9661017060279846,
    0.9661017060279846,
    0.9745762944221497,
    0.9745762944221497,
    0.9703390002250671,
    0.9703390002250671,
    0.9703390002250671,
    0.9703390002250671,
    0.9745762944221497,
    0.9661017060279846,
    0.9745762944221497,
    0.9703390002250671,
    0.9745762944221497,
    0.9703390002250671,
    0.9745762944221497,
    0.9661017060279846,
    0.9661017060279846,
    0.9364407062530518,
    0.9703390002250671,
    0.9618644118309021,
    0.9576271176338196,
    0.9618644118309021,
    0.9661017060279846,
    0.9661017060279846,
    0.9745762944221497,
    0.9703390002250671,
    0.9745762944221497,
    0.9703390002250671,
    0.9703390002250671,
    0.9703390002250671,
    0.9745762944221497,
    0.9618644118309021,
    0.9703390002250671,
    0.9661017060279846,
    0.9745762944221497,
    0.9703390002250671
  ],
  "loss": [
    7.764512538909912,
    2.044787645339966,
    0.8562497496604919,
    0.7149259448051453,
    0.7001937627792358,
    0.6396282911300659,
    0.5961273312568665,
    0.5608144402503967,
    0.513443112373352,
    0.48470383882522583,
    0.48637229204177856,
    0.4436238706111908,
    0.44350409507751465,
    0.41040050983428955,
    0.3957654535770416,
    0.37338533997535706,
    0.349590927362442,
    0.3405761122703552,
    0.340157687664032,
    0.33057844638824463,
    0.33305639028549194,
    0.3576711118221283,
    0.31762850284576416,
    0.31858089566230774,
    0.2941562235355377,
    0.31189313530921936,
    0.2864548861980438,
    0.28989177942276,
    0.29161107540130615,
    0.3220740258693695,
    0.2880449593067169,
    0.37557217478752136,
    0.2893490493297577,
    0.3117557764053345,
    0.32338517904281616,
    0.30999982357025146,
    0.31780576705932617,
    0.3175375163555145,
    0.2896820306777954,
    0.2842559516429901,
    0.27389639616012573,
    0.26027095317840576,
    0.27988970279693604,
    0.2608010768890381,
    0.25383928418159485,
    0.27449652552604675,
    0.2657538652420044,
    0.2665059566497803,
    0.25478479266166687,
    0.2559749186038971
  ],
  "val_accuracy": [
    0.7627118825912476,
    0.7118644118309021,
    0.8135592937469482,
    0.8644067645072937,
    0.8305084705352783,
    0.8644067645072937,
    0.8474576473236084,
    0.8305084705352783,
    0.8644067645072937,
    0.8474576473236084,
    0.7966101765632629,
    0.8305084705352783,
    0.8813559412956238,
    0.8305084705352783,
    0.8644067645072937,
    0.8305084705352783,
    0.8474576473236084,
    0.8474576473236084,
    0.8644067645072937,
    0.8813559412956238,
    0.8474576473236084,
    0.8474576473236084,
    0.8813559412956238,
    0.8474576473236084,
    0.8474576473236084,
    0.8474576473236084,
    0.8813559412956238,
    0.8474576473236084,
    0.8474576473236084,
    0.8305084705352783,
    0.8813559412956238,
    0.8474576473236084,
    0.8813559412956238,
    0.8474576473236084,
    0.8813559412956238,
    0.8305084705352783,
    0.8983050584793091,
    0.8305084705352783,
    0.8644067645072937,
    0.8644067645072937,
    0.8644067645072937,
    0.8474576473236084,
    0.8644067645072937,
    0.8644067645072937,
    0.8813559412956238,
    0.8305084705352783,
    0.8813559412956238,
    0.8644067645072937,
    0.8644067645072937,
    0.8813559412956238
  ],
  "val_loss": [
    1.9700024127960205,
    0.8688053488731384,
    0.8012489676475525,
    0.7658376097679138,
    0.7158617973327637,
    0.7041573524475098,
    0.6747643351554871,
    0.728050708770752,
    0.6810929775238037,
    0.7293189167976379,
    0.7212387919425964,
    0.6527306437492371,
    0.6574634909629822,
    0.6690858006477356,
    0.7285146117210388,
    0.6766495704650879,
    0.69920414686203,
    0.6883424520492554,
    0.7468667030334473,
    0.781563401222229,
    0.6635249257087708,
    0.6608070731163025,
    0.6634813547134399,
    0.672460675239563,
    0.6257386803627014,
    0.6420809030532837,
    0.6791397333145142,
    0.6891840100288391,
    0.6724737286567688,
    0.7323611378669739,
    0.5662689805030823,
    0.5604598522186279,
    0.5974207520484924,
    0.6258196830749512,
    0.5485730171203613,
    0.5943882465362549,
    0.6386747360229492,
    0.5308911800384521,
    0.5641604065895081,
    0.6263768076896667,
    0.5916351079940796,
    0.5764090418815613,
    0.5894935131072998,
    0.5512228608131409,
    0.6198183298110962,
    0.5193777084350586,
    0.5417964458465576,
    0.5042164325714111,
    0.4984496235847473,
    0.5699915289878845
  ]
}