{
  "accuracy": [
    0.5677965879440308,
    0.7881355881690979,
    0.75,
    0.8093220591545105,
    0.7923728823661804,
    0.8601694703102112,
    0.8855932354927063,
    0.8983050584793091,
    0.9194915294647217,
    0.9279661178588867,
    0.9406779408454895,
    0.9618644118309021,
    0.991525411605835,
    0.9830508232116699,
    0.9703390002250671,
    0.9703390002250671,
    0.9618644118309021,
    0.9830508232116699,
    0.9830508232116699,
    0.9830508232116699,
    0.9745762944221497,
    0.9703390002250671,
    0.9872881174087524,
    0.991525411605835,
    0.9872881174087524,
    0.991525411605835,
    0.9872881174087524,
    0.9872881174087524,
    0.9872881174087524,
    0.991525411605835,
    0.991525411605835,
    0.991525411605835,
    0.991525411605835,
    0.991525411605835,
    0.991525411605835,
    0.991525411605835,
    0.991525411605835,
    0.991525411605835,
    0.991525411605835,
    0.991525411605835,
    0.991525411605835,
    0.9872881174087524,
    0.9830508232116699,
    0.9830508232116699,
    0.9872881174087524,
    0.991525411605835,
    0.991525411605835,
    0.9957627058029175,
    0.991525411605835,
    0.9957627058029175
  ],
  "loss": [
    8.128214836120605,
    0.9621984362602234,
    1.2931796312332153,
    1.164914608001709,
    1.0602740049362183,
    0.8899691700935364,
    0.8262600898742676,
    0.7421517372131348,
    0.6779035329818726,
    0.622060239315033,
    0.5679704546928406,
    0.5381968021392822,
    0.474704772233963,
    0.4366515576839447,
    0.43799400329589844,
    0.434625506401062,
    0.42566293478012085,
    0.40112021565437317,
    0.3994944393634796,
    0.3658634126186371,
    0.4174725413322449,
    0.3816179633140564,
    0.36191725730895996,
    0.3228590488433838,
    0.331112265586853,
    0.31841543316841125,
    0.3035452365875244,
    0.2968348264694214,
    0.285741925239563,
    0.27845388650894165,
    0.3015240430831909,
    0.2796971797943115,
    0.27872729301452637,
    0.26590925455093384,
    0.2711843252182007,
    0.2547396719455719,
    0.25412821769714355,
    0.24331256747245789,
    0.24473720788955688,
    0.23051591217517853,
    0.2320781797170639,
    0.23868776857852936,
    0.24141868948936462,
    0.23079445958137512,
    0.22809889912605286,
    0.2168658971786499,
    0.2152143120765686,
    0.19894260168075562,
    0.2107306271791458,
    0.20495186746120453
  ],
  "val_accuracy": [
    0.6779661178588867,
    0.2542372941970825,
    0.6779661178588867,
    0.694915235042572,
    0.7118644118309021,
    0.8305084705352783,
    0.8135592937469482,
    0.8305084705352783,
    0.8305084705352783,
    0.8135592937469482,
    0.7627118825912476,
    0.8135592937469482,
    0.8305084705352783,
    0.8305084705352783,
    0.8305084705352783,
    0.8305084705352783,
    0.8135592937469482,
    0.8305084705352783,
    0.8135592937469482,
    0.8305084705352783,
    0.8305084705352783,
    0.8135592937469482,
    0.8305084705352783,
    0.8474576473236084,
    0.8305084705352783,
    0.8305084705352783,
    0.8474576473236084,
    0.8474576473236084,
    0.8474576473236084,
    0.8474576473236084,
    0.8474576473236084,
    0.8305084705352783,
    0.8474576473236084,
    0.8474576473236084,
    0.8474576473236084,
    0.8474576473236084,
    0.8474576473236084,
    0.8474576473236084,
    0.8305084705352783,
    0.8305084705352783,
    0.8305084705352783,
    0.8305084705352783,
    0.8135592937469482,
    0.8305084705352783,
    0.8135592937469482,
    0.7966101765632629,
    0.8135592937469482,
    0.8135592937469482,
    0.7966101765632629,
    0.7966101765632629
  ],
  "val_loss": [
    12.124576568603516,
    5.81221866607666,
    2.633774518966675,
    2.154721260070801,
    1.091598629951477,
    1.070328712463379,
    0.9608274698257446,
    0.9254685044288635,
    0.9317668080329895,
    0.8336003422737122,
    1.2278274297714233,
    0.9543805122375488,
    0.9381082653999329,
    0.9885776042938232,
    0.9328854084014893,
    0.9181108474731445,
    0.9326519966125488,
    0.8175713419914246,
    1.0472257137298584,
    0.9677733182907104,
    0.7442613244056702,
    1.0825821161270142,
    0.7596465349197388,
    0.7812421321868896,
    0.8914580345153809,
    0.8802952170372009,
    0.8780926465988159,
    0.83530592918396,
    0.846055269241333,
    0.9565017223358154,
    0.8948453664779663,
    0.8368645310401917,
    0.9409669637680054,
    0.968203604221344,
    0.8730847239494324,
    0.7960016131401062,
    0.8053802251815796,
    0.8406621813774109,
    0.8178547620773315,
    0.7954794764518738,
    0.9116594791412354,
    0.6941856741905212,
    0.8381962180137634,
    0.7164634466171265,
    0.7535364031791687,
    0.9225735664367676,
    0.8383345603942871,
    0.7978619337081909,
    0.9607369303703308,
    0.9225303530693054
  ]
}