{
  "accuracy": [
    0.375,
    0.625,
    0.75,
    0.75,
    0.875,
    0.5,
    0.5,
    0.875,
    0.75,
    0.875,
    0.5,
    0.875,
    0.875,
    0.5,
    0.75,
    0.875,
    0.875,
    0.875,
    0.875,
    0.875,
    0.875,
    0.875,
    0.875,
    0.875,
    0.875,
    0.875,
    0.875,
    0.875,
    0.875,
    0.5,
    0.625,
    0.875,
    0.875,
    0.875,
    0.875,
    0.875,
    0.875,
    0.875,
    0.875,
    0.875,
    0.875,
    0.875,
    0.875,
    0.875,
    0.875,
    0.875,
    0.875,
    0.875,
    0.875,
    0.875
  ],
  "loss": [
    1.3655601739883423,
    13.82087516784668,
    9.534969329833984,
    2.016754388809204,
    0.40831249952316284,
    4.228888034820557,
    3.769885540008545,
    1.6535115242004395,
    0.6896469593048096,
    0.8885191082954407,
    3.3459279537200928,
    0.555332362651825,
    0.5092795491218567,
    2.055105447769165,
    0.99387127161026,
    1.4475857019424438,
    0.6095237135887146,
    0.6434175372123718,
    0.6671830415725708,
    0.6484734416007996,
    0.7162625193595886,
    0.6376315951347351,
    0.5814002752304077,
    0.6037442088127136,
    0.5859702229499817,
    0.6125356554985046,
    0.9102460741996765,
    0.6243542432785034,
    0.7315865755081177,
    0.9299763441085815,
    0.6914142966270447,
    0.6893149614334106,
    0.6519447565078735,
    0.6345239281654358,
    0.7637651562690735,
    0.570441722869873,
    0.7014147639274597,
    0.6002486944198608,
    0.7825365662574768,
    0.6279172301292419,
    0.6939275860786438,
    0.6799712777137756,
    0.6589670777320862,
    0.6983267068862915,
    0.7172496318817139,
    0.6648988127708435,
    0.6055713891983032,
    0.6903342604637146,
    0.6462875604629517,
    0.7000465393066406
  ],
  "val_accuracy": [
    0.5,
    1.0,
    1.0,
    1.0,
    1.0,
    1.0,
    1.0,
    0.5,
    0.5,
    0.5,
    0.5,
    0.5,
    1.0,
    1.0,
    1.0,
    1.0,
    1.0,
    1.0,
    1.0,
    1.0,
    1.0,
    1.0,
    1.0,
    1.0,
    1.0,
    1.0,
    1.0,
    1.0,
    1.0,
    1.0,
    1.0,
    1.0,
    1.0,
    1.0,
    1.0,
    1.0,
    1.0,
    1.0,
    1.0,
    1.0,
    1.0,
    1.0,
    1.0,
    1.0,
    1.0,
    1.0,
    1.0,
    1.0,
    1.0,
    1.0
  ],
  "val_loss": [
    4.7066168785095215,
    0.2759372889995575,
    0.2648164927959442,
    0.2710345387458801,
    0.33545124530792236,
    0.3240601420402527,
    0.3467797040939331,
    0.7720046639442444,
    1.4026824235916138,
    1.8989005088806152,
    1.547245979309082,
    1.118327260017395,
    0.8378419280052185,
    0.40547987818717957,
    0.32547324895858765,
    0.35478755831718445,
    0.39145326614379883,
    0.4553815722465515,
    0.5250905156135559,
    0.5272229313850403,
    0.5352869033813477,
    0.4974806010723114,
    0.457220196723938,
    0.4638243019580841,
    0.4409622848033905,
    0.47430339455604553,
    0.5375609397888184,
    0.5643323659896851,
    0.6026943922042847,
    0.6356088519096375,
    0.6071754097938538,
    0.6091781854629517,
    0.5868170261383057,
    0.5486996173858643,
    0.5547053813934326,
    0.5426627993583679,
    0.5670974254608154,
    0.6013264656066895,
    0.650871992111206,
    0.6818346381187439,
    0.7159387469291687,
    0.71407550573349,
    0.7050338983535767,
    0.7000380754470825,
    0.7050729990005493,
    0.715177059173584,
    0.7156078219413757,
    0.6454813480377197,
    0.550112247467041,
    0.5164186954498291
  ]
}