{
  "accuracy": [
    0.6059321761131287,
    0.6483050584793091,
    0.741525411605835,
    0.8389830589294434,
    0.8389830589294434,
    0.8813559412956238,
    0.8855932354927063,
    0.8855932354927063,
    0.8898305296897888,
    0.8898305296897888,
    0.8940678238868713,
    0.8983050584793091,
    0.9364407062530518,
    0.9194915294647217,
    0.9364407062530518,
    0.9279661178588867,
    0.9576271176338196,
    0.9533898234367371,
    0.9533898234367371,
    0.9406779408454895,
    0.9576271176338196,
    0.9661017060279846,
    0.9533898234367371,
    0.9576271176338196,
    0.9491525292396545,
    0.9703390002250671,
    0.9618644118309021,
    0.9703390002250671,
    0.9745762944221497,
    0.9703390002250671,
    0.9745762944221497,
    0.9703390002250671,
    0.9745762944221497,
    0.9703390002250671,
    0.9745762944221497,
    0.9745762944221497,
    0.9703390002250671,
    0.9703390002250671,
    0.9703390002250671,
    0.9661017060279846,
    0.9703390002250671,
    0.9745762944221497,
    0.9703390002250671,
    0.9745762944221497,
    0.9745762944221497,
    0.9661017060279846,
    0.9745762944221497,
    0.9618644118309021,
    0.9745762944221497,
    0.9703390002250671
  ],
  "loss": [
    6.439243316650391,
    2.2995262145996094,
    1.107226014137268,
    0.7449364066123962,
    0.7002592086791992,
    0.6532393097877502,
    0.598846435546875,
    0.547217607498169,
    0.5730442404747009,
    0.5561127662658691,
    0.5059435367584229,
    0.4871307909488678,
    0.4690456688404083,
    0.5081987380981445,
    0.45262521505355835,
    0.4381970167160034,
    0.39114460349082947,
    0.3999446630477905,
    0.39021214842796326,
    0.38738831877708435,
    0.37703055143356323,
    0.3737529516220093,
    0.3778829872608185,
    0.37251585721969604,
    0.4075097441673279,
    0.3446241021156311,
    0.36365562677383423,
    0.3305864632129669,
    0.3298380374908447,
    0.333457887172699,
    0.3062840700149536,
    0.328757643699646,
    0.31313633918762207,
    0.3119087815284729,
    0.3012295365333557,
    0.2937670946121216,
    0.30017295479774475,
    0.296317994594574,
    0.2889997661113739,
    0.2946160137653351,
    0.2846781313419342,
    0.27739953994750977,
    0.2801978588104248,
    0.2795107364654541,
    0.2804993987083435,
    0.28320494294166565,
    0.2842805087566376,
    0.2941237986087799,
    0.27551767230033875,
    0.2758963108062744
  ],
  "val_accuracy": [
    0.7288135886192322,
    0.7627118825912476,
    0.7457627058029175,
    0.8474576473236084,
    0.7966101765632629,
    0.7796609997749329,
    0.8135592937469482,
    0.7966101765632629,
    0.8644067645072937,
    0.8644067645072937,
    0.8474576473236084,
    0.8644067645072937,
    0.8474576473236084,
    0.8474576473236084,
    0.8474576473236084,
    0.8474576473236084,
    0.8644067645072937,
    0.8474576473236084,
    0.8305084705352783,
    0.8474576473236084,
    0.8474576473236084,
    0.8474576473236084,
    0.8474576473236084,
    0.8305084705352783,
    0.8474576473236084,
    0.8474576473236084,
    0.8644067645072937,
    0.8644067645072937,
    0.8474576473236084,
    0.8644067645072937,
    0.8813559412956238,
    0.8644067645072937,
    0.8474576473236084,
    0.8305084705352783,
    0.8474576473236084,
    0.8305084705352783,
    0.8474576473236084,
    0.8135592937469482,
    0.8474576473236084,
    0.8474576473236084,
    0.8644067645072937,
    0.8474576473236084,
    0.8474576473236084,
    0.8474576473236084,
    0.8474576473236084,
    0.8474576473236084,
    0.8474576473236084,
    0.8474576473236084,
    0.8474576473236084,
    0.8474576473236084
  ],
  "val_loss": [
    1.231231689453125,
    0.8237196207046509,
    0.8492609262466431,
    0.7847008109092712,
    0.7556068301200867,
    0.7269297242164612,
    0.698941171169281,
    0.7036691308021545,
    0.6594055891036987,
    0.6414665579795837,
    0.6290827393531799,
    0.628373920917511,
    0.6100674867630005,
    0.6477899551391602,
    0.6370826959609985,
    0.639293372631073,
    0.6239636540412903,
    0.648556649684906,
    0.6725924611091614,
    0.6647881865501404,
    0.6379452347755432,
    0.6137458682060242,
    0.6174922585487366,
    0.6067242622375488,
    0.6397759318351746,
    0.5827311873435974,
    0.5824084281921387,
    0.5873634219169617,
    0.6037633419036865,
    0.5882048606872559,
    0.5814617872238159,
    0.6320410966873169,
    0.6483500599861145,
    0.6318458914756775,
    0.6374178528785706,
    0.6183493733406067,
    0.6313115358352661,
    0.6961893439292908,
    0.6606613993644714,
    0.5971282720565796,
    0.5949779152870178,
    0.6305114030838013,
    0.6584848165512085,
    0.6554899215698242,
    0.6812300682067871,
    0.6088850498199463,
    0.630357027053833,
    0.6122555732727051,
    0.5915230512619019,
    0.6137160062789917
  ]
}