{
  "accuracy": [
    0.6567796468734741,
    0.6906779408454895,
    0.8305084705352783,
    0.8093220591545105,
    0.8559321761131287,
    0.8601694703102112,
    0.8983050584793091,
    0.8898305296897888,
    0.8940678238868713,
    0.9194915294647217,
    0.9110169410705566,
    0.9364407062530518,
    0.9279661178588867,
    0.9533898234367371,
    0.9576271176338196,
    0.944915235042572,
    0.9703390002250671,
    0.9491525292396545,
    0.9703390002250671,
    0.9576271176338196,
    0.9576271176338196,
    0.9491525292396545,
    0.9661017060279846,
    0.9661017060279846,
    0.9661017060279846,
    0.9745762944221497,
    0.9661017060279846,
    0.9618644118309021,
    0.9661017060279846,
    0.9745762944221497,
    0.9703390002250671,
    0.9703390002250671,
    0.9618644118309021,
    0.9661017060279846,
    0.9703390002250671,
    0.9703390002250671,
    0.9703390002250671,
    0.9661017060279846,
    0.9618644118309021,
    0.9661017060279846,
    0.9703390002250671,
    0.9661017060279846,
    0.9745762944221497,
    0.9703390002250671,
    0.9745762944221497,
    0.9703390002250671,
    0.9745762944221497,
    0.9661017060279846,
    0.9745762944221497,
    0.9745762944221497
  ],
  "loss": [
    3.7921876907348633,
    1.5715460777282715,
    0.8158369660377502,
    0.691326916217804,
    0.6519226431846619,
    0.6116042733192444,
    0.5552430152893066,
    0.5492531061172485,
    0.5433230996131897,
    0.49206700921058655,
    0.4854394197463989,
    0.4628868103027344,
    0.4306555986404419,
    0.4269441068172455,
    0.39253202080726624,
    0.40312790870666504,
    0.35020512342453003,
    0.35757574439048767,
    0.33451220393180847,
    0.35673752427101135,
    0.32870814204216003,
    0.35939767956733704,
    0.3194900453090668,
    0.3114781081676483,
    0.3146866261959076,
    0.29015418887138367,
    0.30572864413261414,
    0.338081955909729,
    0.3276394009590149,
    0.3184053599834442,
    0.3044758439064026,
    0.31066110730171204,
    0.28921830654144287,
    0.29035842418670654,
    0.3013167679309845,
    0.29443585872650146,
    0.2950229346752167,
    0.27917832136154175,
    0.3017593324184418,
    0.2840927839279175,
    0.27450239658355713,
    0.2947343587875366,
    0.27127110958099365,
    0.27140238881111145,
    0.25560709834098816,
    0.2735021412372589,
    0.25749409198760986,
    0.279093861579895,
    0.2658102214336395,
    0.2521405518054962
  ],
  "val_accuracy": [
    0.8474576473236084,
    0.7966101765632629,
    0.8135592937469482,
    0.8135592937469482,
    0.8474576473236084,
    0.8813559412956238,
    0.8813559412956238,
    0.8644067645072937,
    0.8813559412956238,
    0.8813559412956238,
    0.8813559412956238,
    0.8813559412956238,
    0.8813559412956238,
    0.8813559412956238,
    0.8644067645072937,
    0.8813559412956238,
    0.8813559412956238,
    0.8644067645072937,
    0.8644067645072937,
    0.8644067645072937,
    0.8644067645072937,
    0.8644067645072937,
    0.8644067645072937,
    0.8813559412956238,
    0.8474576473236084,
    0.8644067645072937,
    0.8644067645072937,
    0.8813559412956238,
    0.8813559412956238,
    0.8813559412956238,
    0.8474576473236084,
    0.8644067645072937,
    0.8474576473236084,
    0.8474576473236084,
    0.8474576473236084,
    0.8305084705352783,
    0.8813559412956238,
    0.8305084705352783,
    0.8644067645072937,
    0.8813559412956238,
    0.8983050584793091,
    0.8983050584793091,
    0.8813559412956238,
    0.8644067645072937,
    0.8644067645072937,
    0.8474576473236084,
    0.8813559412956238,
    0.8474576473236084,
    0.8644067645072937,
    0.8644067645072937
  ],
  "val_loss": [
    0.7382715344429016,
    0.7003494501113892,
    0.7344858050346375,
    0.7125025391578674,
    0.7184460163116455,
    0.6424705386161804,
    0.6125484108924866,
    0.6405723690986633,
    0.6329505443572998,
    0.5888271927833557,
    0.6053593754768372,
    0.6052932143211365,
    0.5779887437820435,
    0.5953300595283508,
    0.6477574706077576,
    0.5835387706756592,
    0.5790658593177795,
    0.6070144772529602,
    0.6275596022605896,
    0.6025727987289429,
    0.6275084018707275,
    0.6242796182632446,
    0.6121514439582825,
    0.5850849747657776,
    0.6210098266601562,
    0.6578221917152405,
    0.6479182839393616,
    0.6151829957962036,
    0.5590665340423584,
    0.6123097538948059,
    0.5604888200759888,
    0.6052759289741516,
    0.5913825631141663,
    0.5732870697975159,
    0.6409574151039124,
    0.5661570429801941,
    0.5842255353927612,
    0.5679527521133423,
    0.5682253837585449,
    0.5625618100166321,
    0.546072244644165,
    0.5349176526069641,
    0.543960690498352,
    0.5575894117355347,
    0.5957865118980408,
    0.5337160229682922,
    0.5776697993278503,
    0.5332532525062561,
    0.5930823087692261,
    0.6240836977958679
  ]
}