{
  "accuracy": [
    0.5847457647323608,
    0.7330508232116699,
    0.7838982939720154,
    0.8135592937469482,
    0.8728813529014587,
    0.8771186470985413,
    0.8855932354927063,
    0.9110169410705566,
    0.9067796468734741,
    0.9364407062530518,
    0.9279661178588867,
    0.9364407062530518,
    0.9322034120559692,
    0.9364407062530518,
    0.9533898234367371,
    0.9618644118309021,
    0.944915235042572,
    0.9703390002250671,
    0.9703390002250671,
    0.9661017060279846,
    0.9703390002250671,
    0.9491525292396545,
    0.9703390002250671,
    0.9661017060279846,
    0.9618644118309021,
    0.9576271176338196,
    0.9703390002250671,
    0.9576271176338196,
    0.9661017060279846,
    0.9618644118309021,
    0.9618644118309021,
    0.9491525292396545,
    0.9703390002250671,
    0.9745762944221497,
    0.9661017060279846,
    0.9745762944221497,
    0.9703390002250671,
    0.9703390002250671,
    0.9745762944221497,
    0.9745762944221497,
    0.9745762944221497,
    0.9661017060279846,
    0.9661017060279846,
    0.9618644118309021,
    0.9661017060279846,
    0.9703390002250671,
    0.9618644118309021,
    0.9703390002250671,
    0.9703390002250671,
    0.9703390002250671
  ],
  "loss": [
    7.897294044494629,
    2.479731559753418,
    1.0416513681411743,
    0.7670424580574036,
    0.7206317186355591,
    0.6856038570404053,
    0.6558179259300232,
    0.5609849691390991,
    0.5876712203025818,
    0.5367048382759094,
    0.5099730491638184,
    0.48519909381866455,
    0.4648764431476593,
    0.44780096411705017,
    0.4300612509250641,
    0.3967030644416809,
    0.384034663438797,
    0.4002161920070648,
    0.3635830879211426,
    0.35772013664245605,
    0.3535979092121124,
    0.3681723475456238,
    0.32998961210250854,
    0.32859259843826294,
    0.3449088931083679,
    0.3256576359272003,
    0.30418241024017334,
    0.3185637891292572,
    0.3178921639919281,
    0.33269959688186646,
    0.36085689067840576,
    0.39358705282211304,
    0.3663814961910248,
    0.3147810697555542,
    0.3267788589000702,
    0.29486775398254395,
    0.30178478360176086,
    0.3000180721282959,
    0.27731090784072876,
    0.29436203837394714,
    0.29251962900161743,
    0.2752675414085388,
    0.29895201325416565,
    0.2811996042728424,
    0.2827511131763458,
    0.26542389392852783,
    0.28547143936157227,
    0.29484954476356506,
    0.27519556879997253,
    0.2670363187789917
  ],
  "val_accuracy": [
    0.8305084705352783,
    0.7796609997749329,
    0.7796609997749329,
    0.7966101765632629,
    0.7966101765632629,
    0.8305084705352783,
    0.8305084705352783,
    0.8305084705352783,
    0.8644067645072937,
    0.8305084705352783,
    0.8305084705352783,
    0.8135592937469482,
    0.8135592937469482,
    0.8305084705352783,
    0.8135592937469482,
    0.8135592937469482,
    0.8305084705352783,
    0.8305084705352783,
    0.8135592937469482,
    0.8305084705352783,
    0.8305084705352783,
    0.8305084705352783,
    0.8135592937469482,
    0.8135592937469482,
    0.8135592937469482,
    0.8305084705352783,
    0.8474576473236084,
    0.8135592937469482,
    0.8644067645072937,
    0.8305084705352783,
    0.8474576473236084,
    0.8474576473236084,
    0.8474576473236084,
    0.8135592937469482,
    0.8135592937469482,
    0.8135592937469482,
    0.8135592937469482,
    0.8135592937469482,
    0.7966101765632629,
    0.8474576473236084,
    0.8305084705352783,
    0.8474576473236084,
    0.8305084705352783,
    0.7966101765632629,
    0.8474576473236084,
    0.8305084705352783,
    0.8305084705352783,
    0.8474576473236084,
    0.8474576473236084,
    0.8135592937469482
  ],
  "val_loss": [
    1.3121769428253174,
    0.8827923536300659,
    0.8885042667388916,
    0.807647705078125,
    0.7913928627967834,
    0.78261798620224,
    0.7827886939048767,
    0.7557022571563721,
    0.7411652207374573,
    0.7568377256393433,
    0.7339288592338562,
    0.774732232093811,
    0.7262665629386902,
    0.7050487995147705,
    0.763130784034729,
    0.7745457291603088,
    0.6879735589027405,
    0.7962021231651306,
    0.7602347135543823,
    0.7730529308319092,
    0.7523225545883179,
    0.7460684776306152,
    0.7530972957611084,
    0.7203625440597534,
    0.7711705565452576,
    0.8063754439353943,
    0.6693045496940613,
    0.7718777656555176,
    0.6630051136016846,
    0.7497779726982117,
    0.6740125417709351,
    0.5826069712638855,
    0.68777996301651,
    0.7502561807632446,
    0.7357509136199951,
    0.7340006232261658,
    0.7313458919525146,
    0.8089629411697388,
    0.87654709815979,
    0.7357197999954224,
    0.7180022597312927,
    0.6790841221809387,
    0.7261818051338196,
    0.7369138598442078,
    0.6297501921653748,
    0.6688241362571716,
    0.6555755138397217,
    0.6781808733940125,
    0.6990219354629517,
    0.767469584941864
  ]
}