{
  "accuracy": [
    0.25,
    0.625,
    0.75,
    0.625,
    0.75,
    0.75,
    0.875,
    0.875,
    0.875,
    0.875,
    0.375,
    0.875,
    0.875,
    0.875,
    0.875,
    0.875,
    0.875,
    0.875,
    0.875,
    0.875,
    0.875,
    0.875,
    0.875,
    0.875,
    0.875,
    0.75,
    0.875,
    0.875,
    0.875,
    0.875,
    0.875,
    0.875,
    0.875,
    0.875,
    0.875,
    0.875,
    0.875,
    0.875,
    0.875,
    0.875,
    0.875,
    0.875,
    0.875,
    0.875,
    0.875,
    0.875,
    0.75,
    0.875,
    0.875,
    0.875
  ],
  "loss": [
    1.3229475021362305,
    14.632901191711426,
    6.084852695465088,
    5.356935024261475,
    1.8218053579330444,
    1.0279062986373901,
    0.5542466640472412,
    0.6512997150421143,
    0.726327657699585,
    0.6932999491691589,
    0.8158910274505615,
    0.8276416063308716,
    0.9628438353538513,
    0.6789359450340271,
    0.6972066164016724,
    0.6581785082817078,
    0.6248822212219238,
    0.6216633915901184,
    0.6973539590835571,
    0.5531419515609741,
    0.7134391069412231,
    0.6950132250785828,
    0.6010352373123169,
    0.6076169610023499,
    0.6342230439186096,
    0.981532633304596,
    0.5355651378631592,
    0.6085525155067444,
    0.6595143675804138,
    0.5863145589828491,
    0.5806548595428467,
    0.5443788766860962,
    0.5784084796905518,
    0.6704539060592651,
    0.6361383199691772,
    0.7481337785720825,
    0.6256790161132812,
    0.694417417049408,
    0.6261340379714966,
    0.5892162322998047,
    0.6346588730812073,
    0.5950788259506226,
    0.5501463413238525,
    0.6385425329208374,
    0.6505155563354492,
    0.563382089138031,
    1.046941876411438,
    0.7285498380661011,
    0.5764560699462891,
    0.682853639125824
  ],
  "val_accuracy": [
    0.5,
    1.0,
    0.5,
    1.0,
    1.0,
    1.0,
    1.0,
    1.0,
    1.0,
    0.5,
    1.0,
    1.0,
    1.0,
    1.0,
    1.0,
    1.0,
    1.0,
    1.0,
    1.0,
    1.0,
    1.0,
    1.0,
    0.5,
    0.5,
    0.5,
    0.5,
    1.0,
    1.0,
    1.0,
    1.0,
    1.0,
    1.0,
    1.0,
    1.0,
    1.0,
    1.0,
    1.0,
    1.0,
    1.0,
    1.0,
    1.0,
    1.0,
    0.5,
    0.5,
    0.5,
    0.5,
    1.0,
    1.0,
    1.0,
    1.0
  ],
  "val_loss": [
    2.3434112071990967,
    0.2723497450351715,
    0.7697849273681641,
    0.36283254623413086,
    0.5518789887428284,
    0.5539854168891907,
    0.5160622596740723,
    0.467458575963974,
    0.554691731929779,
    0.7291465997695923,
    0.5196429491043091,
    0.4706144630908966,
    0.5488672256469727,
    0.6412346363067627,
    0.6372535228729248,
    0.6162864565849304,
    0.5859410762786865,
    0.552200198173523,
    0.5226123332977295,
    0.4810621440410614,
    0.467348575592041,
    0.5551007390022278,
    1.0132064819335938,
    1.7309943437576294,
    2.308135986328125,
    1.1502165794372559,
    0.5595117211341858,
    0.4749546945095062,
    0.47094136476516724,
    0.47046560049057007,
    0.4680437743663788,
    0.4625471830368042,
    0.45556917786598206,
    0.4574440121650696,
    0.4655012786388397,
    0.4823269844055176,
    0.4944632053375244,
    0.5094201564788818,
    0.5217916369438171,
    0.5313413739204407,
    0.5654194951057434,
    0.6691856980323792,
    0.904961347579956,
    1.2695995569229126,
    1.6197623014450073,
    1.8702967166900635,
    0.7127962708473206,
    0.4514605700969696,
    0.4334840476512909,
    0.45640531182289124
  ]
}