{
  "accuracy": [
    0.6228813529014587,
    0.6694915294647217,
    0.6737288236618042,
    0.8474576473236084,
    0.8347457647323608,
    0.8644067645072937,
    0.8728813529014587,
    0.8855932354927063,
    0.9110169410705566,
    0.9279661178588867,
    0.9406779408454895,
    0.9533898234367371,
    0.9703390002250671,
    0.9576271176338196,
    0.9703390002250671,
    0.9745762944221497,
    0.9618644118309021,
    0.9576271176338196,
    0.9618644118309021,
    0.9745762944221497,
    0.9703390002250671,
    0.9661017060279846,
    0.9745762944221497,
    0.9745762944221497,
    0.9745762944221497,
    0.9576271176338196,
    0.9745762944221497,
    0.9745762944221497,
    0.9661017060279846,
    0.9661017060279846,
    0.9703390002250671,
    0.9745762944221497,
    0.9661017060279846,
    0.9703390002250671,
    0.9618644118309021,
    0.9661017060279846,
    0.9745762944221497,
    0.9703390002250671,
    0.9491525292396545,
    0.9533898234367371,
    0.9576271176338196,
    0.9703390002250671,
    0.9618644118309021,
    0.9618644118309021,
    0.9703390002250671,
    0.9703390002250671,
    0.9703390002250671,
    0.9703390002250671,
    0.9703390002250671,
    0.9703390002250671
  ],
  "loss": [
    4.518695831298828,
    1.8274918794631958,
    0.9691781997680664,
    0.8165118098258972,
    0.7821130752563477,
    0.6937872171401978,
    0.6718561053276062,
    0.6290052533149719,
    0.5533013343811035,
    0.5180028676986694,
    0.5006284117698669,
    0.4567537009716034,
    0.4291229546070099,
    0.45577341318130493,
    0.4058695137500763,
    0.3966980278491974,
    0.4037056863307953,
    0.3924289643764496,
    0.38239824771881104,
    0.36529189348220825,
    0.3538147807121277,
    0.3370510935783386,
    0.32761460542678833,
    0.3140381872653961,
    0.3352573812007904,
    0.3475904166698456,
    0.3113718330860138,
    0.3136756420135498,
    0.3138079345226288,
    0.31338462233543396,
    0.32453662157058716,
    0.28299373388290405,
    0.2921447157859802,
    0.3010149300098419,
    0.3015267252922058,
    0.2923538386821747,
    0.27428939938545227,
    0.27232781052589417,
    0.33113691210746765,
    0.31264954805374146,
    0.3109682500362396,
    0.3041953146457672,
    0.3063797950744629,
    0.29570621252059937,
    0.31208035349845886,
    0.27892541885375977,
    0.28236961364746094,
    0.26122602820396423,
    0.2882120907306671,
    0.25747421383857727
  ],
  "val_accuracy": [
    0.5423728823661804,
    0.6610169410705566,
    0.8474576473236084,
    0.8474576473236084,
    0.8135592937469482,
    0.8474576473236084,
    0.8135592937469482,
    0.8644067645072937,
    0.8305084705352783,
    0.8644067645072937,
    0.8474576473236084,
    0.8474576473236084,
    0.8474576473236084,
    0.8474576473236084,
    0.8305084705352783,
    0.8474576473236084,
    0.8135592937469482,
    0.8474576473236084,
    0.8305084705352783,
    0.8305084705352783,
    0.8305084705352783,
    0.8474576473236084,
    0.8474576473236084,
    0.8644067645072937,
    0.8474576473236084,
    0.8305084705352783,
    0.8474576473236084,
    0.8474576473236084,
    0.8305084705352783,
    0.8135592937469482,
    0.8474576473236084,
    0.8135592937469482,
    0.8305084705352783,
    0.8305084705352783,
    0.8813559412956238,
    0.8474576473236084,
    0.8474576473236084,
    0.7796609997749329,
    0.8305084705352783,
    0.8135592937469482,
    0.8644067645072937,
    0.8644067645072937,
    0.8813559412956238,
    0.8644067645072937,
    0.8813559412956238,
    0.8813559412956238,
    0.8644067645072937,
    0.8474576473236084,
    0.8474576473236084,
    0.8813559412956238
  ],
  "val_loss": [
    1.6895532608032227,
    0.8720559477806091,
    0.8371531367301941,
    0.7655514478683472,
    0.7639801502227783,
    0.7118034958839417,
    0.7453625798225403,
    0.6968601942062378,
    0.7077417969703674,
    0.6476191878318787,
    0.6780723929405212,
    0.7073254585266113,
    0.6358431577682495,
    0.6575353145599365,
    0.6202566027641296,
    0.7144580483436584,
    0.7247791886329651,
    0.6897943019866943,
    0.6186440587043762,
    0.6473860740661621,
    0.6786465644836426,
    0.7184431552886963,
    0.5818885564804077,
    0.5970970988273621,
    0.6499059796333313,
    0.6147446632385254,
    0.5985502004623413,
    0.6101957559585571,
    0.7332101464271545,
    0.5523722767829895,
    0.6121274828910828,
    0.5557340383529663,
    0.6112124919891357,
    0.6666373610496521,
    0.5141698718070984,
    0.6181243062019348,
    0.6150879859924316,
    0.8091099262237549,
    0.6566300392150879,
    0.556067168712616,
    0.515501081943512,
    0.5680704712867737,
    0.597147524356842,
    0.49124830961227417,
    0.5468911528587341,
    0.5774657726287842,
    0.6763565540313721,
    0.5367372035980225,
    0.5010371804237366,
    0.5902971029281616
  ]
}