{
  "accuracy": [
    0.6779661178588867,
    0.7457627058029175,
    0.8305084705352783,
    0.8644067645072937,
    0.8601694703102112,
    0.8855932354927063,
    0.9237288236618042,
    0.9194915294647217,
    0.9533898234367371,
    0.9406779408454895,
    0.9110169410705566,
    0.9576271176338196,
    0.9576271176338196,
    0.9618644118309021,
    0.9703390002250671,
    0.9703390002250671,
    0.9661017060279846,
    0.9533898234367371,
    0.9618644118309021,
    0.9661017060279846,
    0.9703390002250671,
    0.9703390002250671,
    0.9661017060279846,
    0.9745762944221497,
    0.9745762944221497,
    0.9661017060279846,
    0.9491525292396545,
    0.9576271176338196,
    0.9618644118309021,
    0.944915235042572,
    0.9703390002250671,
    0.9618644118309021,
    0.9703390002250671,
    0.9661017060279846,
    0.9661017060279846,
    0.9703390002250671,
    0.9661017060279846,
    0.9703390002250671,
    0.9661017060279846,
    0.9745762944221497,
    0.9703390002250671,
    0.9745762944221497,
    0.9703390002250671,
    0.9745762944221497,
    0.9618644118309021,
    0.9703390002250671,
    0.9703390002250671,
    0.9661017060279846,
    0.9661017060279846,
    0.9661017060279846
  ],
  "loss": [
    4.301659107208252,
    1.2311010360717773,
    0.8080043196678162,
    0.7263539433479309,
    0.6683652400970459,
    0.6571389436721802,
    0.6014618277549744,
    0.5458490252494812,
    0.5054634809494019,
    0.49088627099990845,
    0.537244439125061,
    0.47557535767555237,
    0.4290468692779541,
    0.3998354971408844,
    0.39394277334213257,
    0.38342347741127014,
    0.370873361825943,
    0.37273773550987244,
    0.364737331867218,
    0.3368684947490692,
    0.32734414935112,
    0.3209635317325592,
    0.31396862864494324,
    0.30222102999687195,
    0.3004252314567566,
    0.3106198012828827,
    0.3657611608505249,
    0.358602911233902,
    0.3352144956588745,
    0.3560531437397003,
    0.3200325071811676,
    0.3208858072757721,
    0.30778220295906067,
    0.30812427401542664,
    0.2885517179965973,
    0.2992870807647705,
    0.28248655796051025,
    0.29590338468551636,
    0.26841798424720764,
    0.255784809589386,
    0.2600357234477997,
    0.2510387599468231,
    0.26098522543907166,
    0.24989069998264313,
    0.2633509933948517,
    0.25226202607154846,
    0.2637736201286316,
    0.2532210946083069,
    0.2521267235279083,
    0.26120954751968384
  ],
  "val_accuracy": [
    0.7457627058029175,
    0.7796609997749329,
    0.8474576473236084,
    0.8135592937469482,
    0.8644067645072937,
    0.8474576473236084,
    0.8135592937469482,
    0.8474576473236084,
    0.8135592937469482,
    0.8135592937469482,
    0.8135592937469482,
    0.8305084705352783,
    0.8305084705352783,
    0.8135592937469482,
    0.7966101765632629,
    0.8305084705352783,
    0.8474576473236084,
    0.8305084705352783,
    0.8474576473236084,
    0.8474576473236084,
    0.8474576473236084,
    0.8305084705352783,
    0.8305084705352783,
    0.8305084705352783,
    0.8305084705352783,
    0.8135592937469482,
    0.7796609997749329,
    0.8644067645072937,
    0.8644067645072937,
    0.8644067645072937,
    0.8813559412956238,
    0.8474576473236084,
    0.8474576473236084,
    0.8305084705352783,
    0.8474576473236084,
    0.8305084705352783,
    0.8474576473236084,
    0.8474576473236084,
    0.8474576473236084,
    0.8305084705352783,
    0.8305084705352783,
    0.8305084705352783,
    0.8305084705352783,
    0.8305084705352783,
    0.8135592937469482,
    0.8644067645072937,
    0.8305084705352783,
    0.8474576473236084,
    0.8474576473236084,
    0.7966101765632629
  ],
  "val_loss": [
    0.9735837578773499,
    0.8159866333007812,
    0.8368929624557495,
    0.7956099510192871,
    0.7306830286979675,
    0.7613658308982849,
    0.7723292708396912,
    0.7392633557319641,
    0.7320731282234192,
    0.7059082388877869,
    0.7202871441841125,
    0.7172682285308838,
    0.7441791892051697,
    0.7027415037155151,
    0.7275872826576233,
    0.7052674293518066,
    0.7972570657730103,
    0.7064254283905029,
    0.6865468621253967,
    0.6499996781349182,
    0.7018216848373413,
    0.7054263353347778,
    0.6965859532356262,
    0.7354634404182434,
    0.7348183393478394,
    0.6834631562232971,
    0.7029935121536255,
    0.6348238587379456,
    0.6177036762237549,
    0.5750786662101746,
    0.6105659604072571,
    0.7006009817123413,
    0.6827622056007385,
    0.6487550735473633,
    0.5976950526237488,
    0.7339581251144409,
    0.5993738770484924,
    0.6908459663391113,
    0.7324381470680237,
    0.7289158701896667,
    0.6719030737876892,
    0.6547569632530212,
    0.7613837718963623,
    0.7464986443519592,
    0.6316686272621155,
    0.6139642596244812,
    0.575821042060852,
    0.6470656394958496,
    0.7797850966453552,
    0.631637454032898
  ]
}