{
  "accuracy": [
    0.375,
    0.75,
    0.75,
    0.625,
    0.75,
    0.875,
    0.5,
    0.625,
    0.875,
    0.625,
    0.75,
    0.625,
    1.0,
    0.75,
    0.75,
    0.875,
    0.875,
    0.875,
    0.625,
    0.75,
    0.75,
    0.75,
    0.875,
    0.875,
    0.875,
    0.875,
    0.875,
    0.75,
    0.875,
    0.875,
    0.875,
    0.875,
    0.875,
    0.875,
    0.875,
    0.875,
    0.875,
    0.875,
    0.875,
    0.875,
    0.875,
    0.875,
    0.875,
    0.875,
    0.875,
    0.875,
    0.875,
    0.875,
    0.875,
    0.875
  ],
  "loss": [
    1.2440356016159058,
    0.8885389566421509,
    7.902421951293945,
    9.078094482421875,
    16.332609176635742,
    8.116424560546875,
    3.378157377243042,
    3.1348297595977783,
    0.9173014163970947,
    2.6236255168914795,
    1.5601129531860352,
    0.926794707775116,
    0.2637684643268585,
    2.2612011432647705,
    1.3219958543777466,
    0.8414216041564941,
    1.345017671585083,
    0.6421531438827515,
    0.6821140646934509,
    0.8877676129341125,
    0.5611220002174377,
    0.8506174087524414,
    0.4492224454879761,
    0.6509639620780945,
    0.5822281241416931,
    0.7763462066650391,
    0.538326621055603,
    0.5946904420852661,
    0.5490033626556396,
    0.5756158232688904,
    0.5955452919006348,
    0.5229689478874207,
    0.5453905463218689,
    0.6474167108535767,
    0.531557023525238,
    0.5925833582878113,
    0.547857403755188,
    0.5818268656730652,
    0.6228438019752502,
    0.5434739589691162,
    0.5150874853134155,
    0.47159096598625183,
    0.5476772785186768,
    0.7233545780181885,
    0.6707477569580078,
    0.561694324016571,
    0.49195191264152527,
    0.6098160147666931,
    0.687660813331604,
    0.531563401222229
  ],
  "val_accuracy": [
    1.0,
    1.0,
    1.0,
    1.0,
    1.0,
    1.0,
    1.0,
    1.0,
    1.0,
    1.0,
    1.0,
    1.0,
    1.0,
    1.0,
    1.0,
    1.0,
    1.0,
    1.0,
    0.5,
    1.0,
    1.0,
    1.0,
    1.0,
    1.0,
    1.0,
    1.0,
    1.0,
    1.0,
    1.0,
    1.0,
    1.0,
    1.0,
    1.0,
    1.0,
    1.0,
    1.0,
    1.0,
    1.0,
    1.0,
    1.0,
    1.0,
    1.0,
    1.0,
    1.0,
    1.0,
    1.0,
    1.0,
    1.0,
    1.0,
    1.0
  ],
  "val_loss": [
    0.3672885298728943,
    0.3887992799282074,
    0.2839457392692566,
    0.27831172943115234,
    0.30363190174102783,
    0.33421626687049866,
    0.3400828540325165,
    0.3584901690483093,
    0.46845516562461853,
    0.3176250457763672,
    0.28432899713516235,
    0.2684217691421509,
    0.2615075409412384,
    0.26286816596984863,
    0.27042195200920105,
    0.2899021804332733,
    0.33949464559555054,
    0.4881410598754883,
    0.7454186677932739,
    0.5620620846748352,
    0.4641436040401459,
    0.4303663372993469,
    0.40882426500320435,
    0.407512903213501,
    0.41850706934928894,
    0.4439657926559448,
    0.47564879059791565,
    0.5041385293006897,
    0.523347795009613,
    0.5322725772857666,
    0.531521737575531,
    0.5285961627960205,
    0.5236663222312927,
    0.5193315148353577,
    0.5133203268051147,
    0.5069161057472229,
    0.49896788597106934,
    0.4925713539123535,
    0.4783188998699188,
    0.4532615542411804,
    0.42686474323272705,
    0.39245808124542236,
    0.38391751050949097,
    0.4041033089160919,
    0.4320466220378876,
    0.4587554633617401,
    0.4757673740386963,
    0.48965388536453247,
    0.4950706362724304,
    0.49738895893096924
  ]
}