{
  "accuracy": [
    0.6355932354927063,
    0.7372881174087524,
    0.7838982939720154,
    0.8220338821411133,
    0.8177965879440308,
    0.8516949415206909,
    0.8601694703102112,
    0.8516949415206909,
    0.8728813529014587,
    0.9237288236618042,
    0.8771186470985413,
    0.9152542352676392,
    0.9279661178588867,
    0.8983050584793091,
    0.9322034120559692,
    0.9618644118309021,
    0.9322034120559692,
    0.9661017060279846,
    0.9491525292396545,
    0.9279661178588867,
    0.9576271176338196,
    0.9576271176338196,
    0.9576271176338196,
    0.9533898234367371,
    0.9576271176338196,
    0.9406779408454895,
    0.9576271176338196,
    0.9576271176338196,
    0.9618644118309021,
    0.9576271176338196,
    0.9576271176338196,
    0.9533898234367371,
    0.9618644118309021,
    0.9703390002250671,
    0.9661017060279846,
    0.9533898234367371,
    0.9576271176338196,
    0.9533898234367371,
    0.9661017060279846,
    0.9576271176338196,
    0.9533898234367371,
    0.9576271176338196,
    0.9533898234367371,
    0.9576271176338196,
    0.944915235042572,
    0.9364407062530518,
    0.9703390002250671,
    0.9703390002250671,
    0.9661017060279846,
    0.9618644118309021
  ],
  "loss": [
    4.7267231941223145,
    0.9866119623184204,
    0.8693878054618835,
    0.7860535383224487,
    0.7986759543418884,
    0.6850985288619995,
    0.6605193614959717,
    0.6157666444778442,
    0.626379668712616,
    0.5483386516571045,
    0.569926917552948,
    0.5152837038040161,
    0.45644381642341614,
    0.461628258228302,
    0.4357963502407074,
    0.41264277696609497,
    0.4233081042766571,
    0.39921319484710693,
    0.4215126633644104,
    0.40321311354637146,
    0.3612781763076782,
    0.36468201875686646,
    0.36874425411224365,
    0.33621689677238464,
    0.35087335109710693,
    0.3476882576942444,
    0.3268898129463196,
    0.32071083784103394,
    0.32239529490470886,
    0.3177300691604614,
    0.2976294457912445,
    0.30617204308509827,
    0.3389912247657776,
    0.29621919989585876,
    0.31783074140548706,
    0.3326951563358307,
    0.3065250515937805,
    0.29828742146492004,
    0.27844128012657166,
    0.31305935978889465,
    0.33218416571617126,
    0.32807010412216187,
    0.3293134868144989,
    0.2942849397659302,
    0.3268333971500397,
    0.3349131643772125,
    0.279359370470047,
    0.2842808663845062,
    0.2725863456726074,
    0.27261272072792053
  ],
  "val_accuracy": [
    0.7627118825912476,
    0.8135592937469482,
    0.8135592937469482,
    0.8135592937469482,
    0.8474576473236084,
    0.8474576473236084,
    0.8644067645072937,
    0.8813559412956238,
    0.8644067645072937,
    0.8644067645072937,
    0.8983050584793091,
    0.8983050584793091,
    0.8644067645072937,
    0.8813559412956238,
    0.8305084705352783,
    0.8305084705352783,
    0.8305084705352783,
    0.8644067645072937,
    0.8644067645072937,
    0.8305084705352783,
    0.8135592937469482,
    0.8135592937469482,
    0.8305084705352783,
    0.8305084705352783,
    0.8474576473236084,
    0.8474576473236084,
    0.8644067645072937,
    0.8813559412956238,
    0.8474576473236084,
    0.8474576473236084,
    0.8305084705352783,
    0.8474576473236084,
    0.8305084705352783,
    0.8474576473236084,
    0.8305084705352783,
    0.8644067645072937,
    0.8474576473236084,
    0.8474576473236084,
    0.7966101765632629,
    0.8135592937469482,
    0.8305084705352783,
    0.8474576473236084,
    0.8644067645072937,
    0.8644067645072937,
    0.8644067645072937,
    0.8644067645072937,
    0.8644067645072937,
    0.8305084705352783,
    0.8474576473236084,
    0.8305084705352783
  ],
  "val_loss": [
    0.9416541457176208,
    0.8717179298400879,
    0.821065366268158,
    0.7949959635734558,
    0.7490766048431396,
    0.6930963397026062,
    0.6504004597663879,
    0.6331526041030884,
    0.6574094295501709,
    0.614414393901825,
    0.6081241965293884,
    0.6076949834823608,
    0.608345091342926,
    0.5884583592414856,
    0.6045202016830444,
    0.6332331299781799,
    0.5859212279319763,
    0.6241462230682373,
    0.5938726663589478,
    0.6246663928031921,
    0.6086515188217163,
    0.6326441168785095,
    0.6255269646644592,
    0.6562395095825195,
    0.6423500776290894,
    0.5622035264968872,
    0.5768057703971863,
    0.5547730922698975,
    0.5930028557777405,
    0.6450276970863342,
    0.6076139211654663,
    0.5588119029998779,
    0.6928044557571411,
    0.586563229560852,
    0.6447726488113403,
    0.620039701461792,
    0.63602614402771,
    0.6717447638511658,
    0.9019485712051392,
    0.7052770256996155,
    0.6692569255828857,
    0.6286811232566833,
    0.5913392901420593,
    0.5642837285995483,
    0.622490406036377,
    0.5539464950561523,
    0.6225853562355042,
    0.6617192029953003,
    0.5945543646812439,
    0.6851514577865601
  ]
}