{
  "accuracy": [
    0.6652542352676392,
    0.7288135886192322,
    0.75,
    0.8093220591545105,
    0.8601694703102112,
    0.8771186470985413,
    0.8983050584793091,
    0.9194915294647217,
    0.9237288236618042,
    0.9491525292396545,
    0.9237288236618042,
    0.9406779408454895,
    0.944915235042572,
    0.9576271176338196,
    0.9661017060279846,
    0.9661017060279846,
    0.9618644118309021,
    0.9703390002250671,
    0.9703390002250671,
    0.9576271176338196,
    0.9661017060279846,
    0.9661017060279846,
    0.9703390002250671,
    0.9703390002250671,
    0.9745762944221497,
    0.9703390002250671,
    0.9745762944221497,
    0.9618644118309021,
    0.9745762944221497,
    0.9745762944221497,
    0.9745762944221497,
    0.9745762944221497,
    0.9703390002250671,
    0.9703390002250671,
    0.9745762944221497,
    0.9661017060279846,
    0.9703390002250671,
    0.9703390002250671,
    0.9703390002250671,
    0.9745762944221497,
    0.9703390002250671,
    0.944915235042572,
    0.9322034120559692,
    0.944915235042572,
    0.9322034120559692,
    0.9533898234367371,
    0.9703390002250671,
    0.9703390002250671,
    0.9703390002250671,
    0.9703390002250671
  ],
  "loss": [
    6.697841644287109,
    2.855548858642578,
    1.352357268333435,
    0.9122675061225891,
    0.8003599643707275,
    0.6671046614646912,
    0.6273963451385498,
    0.5888720154762268,
    0.5256780982017517,
    0.5023511052131653,
    0.5247143507003784,
    0.5048624873161316,
    0.46439969539642334,
    0.45236894488334656,
    0.41963574290275574,
    0.4107808470726013,
    0.4066695272922516,
    0.38767531514167786,
    0.3757796287536621,
    0.3955574929714203,
    0.37624573707580566,
    0.36579564213752747,
    0.34617647528648376,
    0.3424716889858246,
    0.3174155056476593,
    0.32676759362220764,
    0.32158586382865906,
    0.3093410134315491,
    0.31391826272010803,
    0.3019532561302185,
    0.29481008648872375,
    0.28692081570625305,
    0.29173317551612854,
    0.2892346680164337,
    0.28632715344429016,
    0.31287962198257446,
    0.29912838339805603,
    0.29224345088005066,
    0.28068873286247253,
    0.28296226263046265,
    0.2754765748977661,
    0.48627257347106934,
    0.42641445994377136,
    0.39214810729026794,
    0.39177200198173523,
    0.35544848442077637,
    0.3213003873825073,
    0.33455032110214233,
    0.3151729106903076,
    0.2991400957107544
  ],
  "val_accuracy": [
    0.694915235042572,
    0.7966101765632629,
    0.8474576473236084,
    0.7796609997749329,
    0.7796609997749329,
    0.8474576473236084,
    0.8474576473236084,
    0.8644067645072937,
    0.8305084705352783,
    0.8305084705352783,
    0.7966101765632629,
    0.8305084705352783,
    0.8305084705352783,
    0.8474576473236084,
    0.8474576473236084,
    0.8474576473236084,
    0.8474576473236084,
    0.8474576473236084,
    0.8474576473236084,
    0.8474576473236084,
    0.8474576473236084,
    0.8305084705352783,
    0.8474576473236084,
    0.8305084705352783,
    0.8305084705352783,
    0.8305084705352783,
    0.8305084705352783,
    0.8644067645072937,
    0.8644067645072937,
    0.8305084705352783,
    0.8474576473236084,
    0.8474576473236084,
    0.8135592937469482,
    0.8644067645072937,
    0.8644067645072937,
    0.7966101765632629,
    0.8474576473236084,
    0.8135592937469482,
    0.8474576473236084,
    0.8474576473236084,
    0.8644067645072937,
    0.8305084705352783,
    0.7118644118309021,
    0.8474576473236084,
    0.8305084705352783,
    0.8305084705352783,
    0.8305084705352783,
    0.8305084705352783,
    0.8474576473236084,
    0.8474576473236084
  ],
  "val_loss": [
    2.684401273727417,
    1.2018665075302124,
    0.8016878366470337,
    0.7927336692810059,
    0.7960357666015625,
    0.7466134428977966,
    0.7152161598205566,
    0.6794291138648987,
    0.716719388961792,
    0.7190648317337036,
    0.66875821352005,
    0.7097824215888977,
    0.6652536392211914,
    0.7013372182846069,
    0.664699375629425,
    0.6688079833984375,
    0.6546242833137512,
    0.6587560772895813,
    0.6729170083999634,
    0.6102910041809082,
    0.7405321598052979,
    0.6204726696014404,
    0.6550520658493042,
    0.6524761915206909,
    0.6661512851715088,
    0.7084583640098572,
    0.6784350872039795,
    0.6197762489318848,
    0.59635990858078,
    0.5917336344718933,
    0.6099677681922913,
    0.6160911321640015,
    0.6048938035964966,
    0.6777152419090271,
    0.6220096945762634,
    0.5965042114257812,
    0.6228027939796448,
    0.6197106242179871,
    0.6436195969581604,
    0.544981062412262,
    0.6980900168418884,
    0.894635021686554,
    0.76094651222229,
    0.6391041874885559,
    0.6518545746803284,
    0.7191762328147888,
    0.704204261302948,
    0.6957845091819763,
    0.7502424716949463,
    0.6739928126335144
  ]
}