{
  "accuracy": [
    0.5466101765632629,
    0.6567796468734741,
    0.8474576473236084,
    0.8347457647323608,
    0.8432203531265259,
    0.8389830589294434,
    0.8686440587043762,
    0.8686440587043762,
    0.8771186470985413,
    0.8855932354927063,
    0.9152542352676392,
    0.8940678238868713,
    0.9110169410705566,
    0.9491525292396545,
    0.9279661178588867,
    0.9279661178588867,
    0.944915235042572,
    0.944915235042572,
    0.9618644118309021,
    0.9533898234367371,
    0.9533898234367371,
    0.9406779408454895,
    0.9661017060279846,
    0.9661017060279846,
    0.9703390002250671,
    0.9661017060279846,
    0.9661017060279846,
    0.9703390002250671,
    0.9661017060279846,
    0.9533898234367371,
    0.9618644118309021,
    0.9661017060279846,
    0.9703390002250671,
    0.9703390002250671,
    0.9618644118309021,
    0.9703390002250671,
    0.9618644118309021,
    0.9279661178588867,
    0.9618644118309021,
    0.944915235042572,
    0.9576271176338196,
    0.9703390002250671,
    0.9618644118309021,
    0.9745762944221497,
    0.9661017060279846,
    0.9618644118309021,
    0.9703390002250671,
    0.9576271176338196,
    0.9703390002250671,
    0.9703390002250671
  ],
  "loss": [
    9.89438533782959,
    1.2537850141525269,
    0.8108022809028625,
    0.813698410987854,
    0.7444936633110046,
    0.7321171164512634,
    0.6928372979164124,
    0.6332377195358276,
    0.5941652655601501,
    0.59139084815979,
    0.558278501033783,
    0.58474200963974,
    0.5367855429649353,
    0.5817095637321472,
    0.49711301922798157,
    0.5145190358161926,
    0.45616164803504944,
    0.43625760078430176,
    0.4211992919445038,
    0.39897510409355164,
    0.4106327295303345,
    0.4173450469970703,
    0.39502713084220886,
    0.3718605637550354,
    0.3289629817008972,
    0.35450413823127747,
    0.35747209191322327,
    0.3469929099082947,
    0.3319053053855896,
    0.3575884699821472,
    0.3523167073726654,
    0.3228992521762848,
    0.32347458600997925,
    0.32065075635910034,
    0.3183884620666504,
    0.32494300603866577,
    0.3013492226600647,
    0.35919490456581116,
    0.3489627242088318,
    0.34764885902404785,
    0.3409637212753296,
    0.3191486895084381,
    0.3399735987186432,
    0.2988625168800354,
    0.30553826689720154,
    0.32142484188079834,
    0.29665419459342957,
    0.30261170864105225,
    0.29526764154434204,
    0.2920725643634796
  ],
  "val_accuracy": [
    0.6440678238868713,
    0.8305084705352783,
    0.8135592937469482,
    0.7966101765632629,
    0.7796609997749329,
    0.8474576473236084,
    0.8135592937469482,
    0.8474576473236084,
    0.8305084705352783,
    0.8305084705352783,
    0.7966101765632629,
    0.8305084705352783,
    0.8644067645072937,
    0.8813559412956238,
    0.8644067645072937,
    0.8644067645072937,
    0.8305084705352783,
    0.8644067645072937,
    0.8474576473236084,
    0.8474576473236084,
    0.8135592937469482,
    0.7796609997749329,
    0.8644067645072937,
    0.8983050584793091,
    0.8644067645072937,
    0.8644067645072937,
    0.8474576473236084,
    0.8474576473236084,
    0.8644067645072937,
    0.8474576473236084,
    0.8474576473236084,
    0.8474576473236084,
    0.8474576473236084,
    0.8474576473236084,
    0.8305084705352783,
    0.8474576473236084,
    0.8474576473236084,
    0.8135592937469482,
    0.8644067645072937,
    0.8305084705352783,
    0.8135592937469482,
    0.7966101765632629,
    0.8305084705352783,
    0.8644067645072937,
    0.8644067645072937,
    0.8474576473236084,
    0.8644067645072937,
    0.8644067645072937,
    0.8644067645072937,
    0.8644067645072937
  ],
  "val_loss": [
    0.9572575688362122,
    0.8200879693031311,
    0.858530580997467,
    0.802509605884552,
    0.7805646657943726,
    0.7527393698692322,
    0.7157915234565735,
    0.6879438161849976,
    0.6643201112747192,
    0.718734085559845,
    0.7843226790428162,
    0.7034851908683777,
    0.6529803276062012,
    0.6976861357688904,
    0.6249696016311646,
    0.7066885828971863,
    0.6853148937225342,
    0.6756446957588196,
    0.6981005668640137,
    0.7157849669456482,
    0.6670587658882141,
    0.8384214639663696,
    0.6105838418006897,
    0.6218137741088867,
    0.6720340251922607,
    0.6389089226722717,
    0.7091220021247864,
    0.72962486743927,
    0.7123214602470398,
    0.6252195835113525,
    0.6213195323944092,
    0.6371976137161255,
    0.6693452596664429,
    0.7001050710678101,
    0.7014350891113281,
    0.7204322814941406,
    0.7001191973686218,
    0.8130104541778564,
    0.5874636769294739,
    0.6102390885353088,
    0.6946169137954712,
    0.9062520861625671,
    0.635111927986145,
    0.7354631423950195,
    0.6851357221603394,
    0.6640971302986145,
    0.5433663725852966,
    0.5457508563995361,
    0.6345892548561096,
    0.6022219061851501
  ]
}