{
  "accuracy": [
    0.375,
    0.625,
    0.75,
    0.625,
    0.875,
    0.625,
    0.875,
    0.625,
    0.875,
    0.875,
    0.75,
    0.875,
    0.875,
    0.875,
    0.75,
    0.5,
    0.625,
    0.875,
    0.875,
    0.75,
    0.875,
    0.875,
    0.75,
    0.625,
    0.75,
    0.875,
    0.875,
    0.875,
    0.875,
    0.875,
    0.875,
    0.875,
    0.875,
    0.875,
    0.875,
    0.875,
    0.875,
    0.875,
    0.875,
    0.875,
    0.875,
    0.875,
    0.875,
    0.875,
    0.875,
    0.875,
    0.875,
    0.875,
    0.875,
    0.875
  ],
  "loss": [
    2.199408769607544,
    3.1329407691955566,
    1.1328068971633911,
    4.111847877502441,
    0.46826085448265076,
    7.022242546081543,
    3.8005151748657227,
    10.193929672241211,
    4.401918888092041,
    1.8728665113449097,
    2.3888535499572754,
    2.068000316619873,
    0.8395161032676697,
    0.45463132858276367,
    0.7975960969924927,
    0.993436336517334,
    0.8391640186309814,
    0.516575038433075,
    0.382687509059906,
    0.7695479393005371,
    0.6127857565879822,
    0.8752590417861938,
    0.5832415819168091,
    0.6798099875450134,
    0.5419183373451233,
    0.628045916557312,
    0.6151694655418396,
    0.46285831928253174,
    0.49463391304016113,
    0.5350005626678467,
    0.43578824400901794,
    0.5579943060874939,
    0.5346196889877319,
    0.40597087144851685,
    0.6676395535469055,
    0.5989338755607605,
    0.6825981736183167,
    0.6563543081283569,
    0.6537626385688782,
    0.497785747051239,
    0.5624111294746399,
    0.528817355632782,
    0.5584301352500916,
    0.5715316534042358,
    0.6575819849967957,
    0.532841145992279,
    0.4915885031223297,
    0.6127817630767822,
    0.5718205571174622,
    0.5127238631248474
  ],
  "val_accuracy": [
    0.5,
    0.5,
    1.0,
    1.0,
    1.0,
    1.0,
    1.0,
    1.0,
    1.0,
    1.0,
    1.0,
    1.0,
    1.0,
    1.0,
    1.0,
    1.0,
    1.0,
    1.0,
    1.0,
    1.0,
    1.0,
    1.0,
    1.0,
    1.0,
    1.0,
    1.0,
    1.0,
    1.0,
    1.0,
    1.0,
    1.0,
    1.0,
    1.0,
    1.0,
    1.0,
    1.0,
    1.0,
    1.0,
    1.0,
    1.0,
    1.0,
    1.0,
    1.0,
    1.0,
    1.0,
    1.0,
    1.0,
    1.0,
    1.0,
    1.0
  ],
  "val_loss": [
    2.221651792526245,
    0.8997671008110046,
    0.5400596261024475,
    0.5009933710098267,
    0.3813936710357666,
    0.3058907091617584,
    0.29354843497276306,
    0.28346723318099976,
    0.2750777304172516,
    0.2824770212173462,
    0.34056171774864197,
    0.4573306441307068,
    0.5645081996917725,
    0.5508145093917847,
    0.5544706583023071,
    0.4629906117916107,
    0.39526110887527466,
    0.377321720123291,
    0.3706555664539337,
    0.37083396315574646,
    0.3852786719799042,
    0.41117995977401733,
    0.43477576971054077,
    0.44713521003723145,
    0.4538613557815552,
    0.47174328565597534,
    0.4993464946746826,
    0.5111132860183716,
    0.5264992117881775,
    0.5433756709098816,
    0.5588469505310059,
    0.5892672538757324,
    0.6187547445297241,
    0.6410738825798035,
    0.6776255965232849,
    0.660662829875946,
    0.6290932297706604,
    0.6134523749351501,
    0.6105288863182068,
    0.6059105396270752,
    0.6021909117698669,
    0.5968944430351257,
    0.5902663469314575,
    0.5837007761001587,
    0.5733514428138733,
    0.561355471611023,
    0.5450423359870911,
    0.530944287776947,
    0.5156332850456238,
    0.49775129556655884
  ]
}