{
  "accuracy": [
    0.555084764957428,
    0.7627118825912476,
    0.7542372941970825,
    0.8177965879440308,
    0.8644067645072937,
    0.8940678238868713,
    0.8983050584793091,
    0.8813559412956238,
    0.9110169410705566,
    0.9110169410705566,
    0.9194915294647217,
    0.9364407062530518,
    0.9406779408454895,
    0.9618644118309021,
    0.944915235042572,
    0.9661017060279846,
    0.9576271176338196,
    0.9576271176338196,
    0.9703390002250671,
    0.9703390002250671,
    0.9533898234367371,
    0.9533898234367371,
    0.9661017060279846,
    0.9661017060279846,
    0.9618644118309021,
    0.9661017060279846,
    0.9576271176338196,
    0.9703390002250671,
    0.9745762944221497,
    0.9745762944221497,
    0.9661017060279846,
    0.9745762944221497,
    0.9576271176338196,
    0.9745762944221497,
    0.9576271176338196,
    0.9406779408454895,
    0.9491525292396545,
    0.9322034120559692,
    0.9661017060279846,
    0.9491525292396545,
    0.9661017060279846,
    0.9661017060279846,
    0.9661017060279846,
    0.9703390002250671,
    0.9491525292396545,
    0.9703390002250671,
    0.9703390002250671,
    0.9576271176338196,
    0.9661017060279846,
    0.9745762944221497
  ],
  "loss": [
    6.257972717285156,
    2.065439224243164,
    1.1141504049301147,
    0.8152446150779724,
    0.7352219223976135,
    0.673064649105072,
    0.6412705779075623,
    0.6306472420692444,
    0.5894740223884583,
    0.5540235638618469,
    0.5200714468955994,
    0.500815212726593,
    0.482536643743515,
    0.4605356454849243,
    0.44835591316223145,
    0.42174622416496277,
    0.4053208827972412,
    0.39263880252838135,
    0.37946128845214844,
    0.37219706177711487,
    0.3952285349369049,
    0.3685961663722992,
    0.37664446234703064,
    0.35480207204818726,
    0.3637896478176117,
    0.3658788502216339,
    0.34134170413017273,
    0.34433239698410034,
    0.3144679665565491,
    0.31035828590393066,
    0.29719433188438416,
    0.2936258912086487,
    0.31570497155189514,
    0.30726325511932373,
    0.34392625093460083,
    0.36373278498649597,
    0.3718108534812927,
    0.3618500828742981,
    0.3188629746437073,
    0.34066200256347656,
    0.31930088996887207,
    0.32783976197242737,
    0.3085821866989136,
    0.3005082607269287,
    0.31840527057647705,
    0.290205717086792,
    0.2838003635406494,
    0.31496506929397583,
    0.2933795154094696,
    0.27093246579170227
  ],
  "val_accuracy": [
    0.7966101765632629,
    0.7627118825912476,
    0.8135592937469482,
    0.8474576473236084,
    0.8644067645072937,
    0.8644067645072937,
    0.8474576473236084,
    0.8644067645072937,
    0.8644067645072937,
    0.8644067645072937,
    0.8474576473236084,
    0.8644067645072937,
    0.8813559412956238,
    0.8474576473236084,
    0.8644067645072937,
    0.8644067645072937,
    0.8305084705352783,
    0.8305084705352783,
    0.8474576473236084,
    0.8474576473236084,
    0.8305084705352783,
    0.8305084705352783,
    0.8474576473236084,
    0.8305084705352783,
    0.8644067645072937,
    0.8644067645072937,
    0.8305084705352783,
    0.8474576473236084,
    0.8644067645072937,
    0.8644067645072937,
    0.8305084705352783,
    0.8305084705352783,
    0.8644067645072937,
    0.8305084705352783,
    0.8135592937469482,
    0.8135592937469482,
    0.7796609997749329,
    0.7966101765632629,
    0.8474576473236084,
    0.8305084705352783,
    0.8474576473236084,
    0.8305084705352783,
    0.8135592937469482,
    0.8135592937469482,
    0.8305084705352783,
    0.8135592937469482,
    0.8135592937469482,
    0.8305084705352783,
    0.8474576473236084,
    0.8305084705352783
  ],
  "val_loss": [
    1.658730387687683,
    0.8523424863815308,
    0.8247413635253906,
    0.7956100702285767,
    0.7396368384361267,
    0.7422632575035095,
    0.6914781332015991,
    0.7093754410743713,
    0.6656217575073242,
    0.6485140919685364,
    0.7103559970855713,
    0.6881208419799805,
    0.6456350684165955,
    0.6940456032752991,
    0.6710922718048096,
    0.6487740874290466,
    0.6422029137611389,
    0.6806524395942688,
    0.6837687492370605,
    0.6933398246765137,
    0.65765380859375,
    0.6868504881858826,
    0.6764073967933655,
    0.6335768103599548,
    0.6005234122276306,
    0.6578953862190247,
    0.6658691167831421,
    0.6166154146194458,
    0.6017974615097046,
    0.6023808121681213,
    0.6574946045875549,
    0.6713559031486511,
    0.5768318772315979,
    0.599855363368988,
    0.8431848883628845,
    0.7244361042976379,
    0.7259292602539062,
    0.6222036480903625,
    0.7226208448410034,
    0.6752908229827881,
    0.6675598621368408,
    0.6711586117744446,
    0.684108555316925,
    0.7017906308174133,
    0.6840078234672546,
    0.6529158353805542,
    0.6655974388122559,
    0.6268698573112488,
    0.6008328199386597,
    0.5843197703361511
  ]
}