{
  "accuracy": [
    0.6059321761131287,
    0.6906779408454895,
    0.7203390002250671,
    0.8177965879440308,
    0.8389830589294434,
    0.8771186470985413,
    0.8940678238868713,
    0.8898305296897888,
    0.9067796468734741,
    0.9025423526763916,
    0.9322034120559692,
    0.9406779408454895,
    0.9491525292396545,
    0.9364407062530518,
    0.944915235042572,
    0.9322034120559692,
    0.9406779408454895,
    0.9618644118309021,
    0.9322034120559692,
    0.9533898234367371,
    0.9491525292396545,
    0.9533898234367371,
    0.9618644118309021,
    0.9661017060279846,
    0.9491525292396545,
    0.9661017060279846,
    0.9576271176338196,
    0.9661017060279846,
    0.9703390002250671,
    0.9618644118309021,
    0.9618644118309021,
    0.9661017060279846,
    0.9661017060279846,
    0.9618644118309021,
    0.9661017060279846,
    0.9703390002250671,
    0.9661017060279846,
    0.9703390002250671,
    0.9703390002250671,
    0.9618644118309021,
    0.9491525292396545,
    0.9576271176338196,
    0.9661017060279846,
    0.9576271176338196,
    0.944915235042572,
    0.9618644118309021,
    0.9576271176338196,
    0.9533898234367371,
    0.9661017060279846,
    0.9703390002250671
  ],
  "loss": [
    4.7148871421813965,
    2.183943033218384,
    0.8887401223182678,
    0.7339004874229431,
    0.6621796488761902,
    0.5870522856712341,
    0.5679628849029541,
    0.5865272879600525,
    0.5449355244636536,
    0.5053247213363647,
    0.4703580439090729,
    0.487360417842865,
    0.43330514430999756,
    0.4614318907260895,
    0.4187124967575073,
    0.42742741107940674,
    0.4133720099925995,
    0.3832018971443176,
    0.4193858206272125,
    0.3909604549407959,
    0.393661767244339,
    0.37573137879371643,
    0.35306331515312195,
    0.3670658767223358,
    0.3716965913772583,
    0.3804663419723511,
    0.36297598481178284,
    0.32422077655792236,
    0.31947454810142517,
    0.33719325065612793,
    0.31776896119117737,
    0.32853418588638306,
    0.32088136672973633,
    0.303137868642807,
    0.32895854115486145,
    0.3137904703617096,
    0.31699860095977783,
    0.2997451722621918,
    0.30315929651260376,
    0.30226194858551025,
    0.31488871574401855,
    0.315956175327301,
    0.3397768437862396,
    0.3130185902118683,
    0.32335227727890015,
    0.3156949281692505,
    0.29894980788230896,
    0.30136632919311523,
    0.31322282552719116,
    0.3014611005783081
  ],
  "val_accuracy": [
    0.6440678238868713,
    0.7457627058029175,
    0.7627118825912476,
    0.7966101765632629,
    0.8644067645072937,
    0.8474576473236084,
    0.8644067645072937,
    0.8813559412956238,
    0.8644067645072937,
    0.8644067645072937,
    0.8644067645072937,
    0.8644067645072937,
    0.8644067645072937,
    0.8305084705352783,
    0.8474576473236084,
    0.8474576473236084,
    0.8644067645072937,
    0.8135592937469482,
    0.8474576473236084,
    0.8644067645072937,
    0.8644067645072937,
    0.8813559412956238,
    0.8813559412956238,
    0.8644067645072937,
    0.8474576473236084,
    0.8644067645072937,
    0.8644067645072937,
    0.8474576473236084,
    0.8644067645072937,
    0.8474576473236084,
    0.8644067645072937,
    0.8474576473236084,
    0.8644067645072937,
    0.8644067645072937,
    0.8644067645072937,
    0.8474576473236084,
    0.8644067645072937,
    0.8474576473236084,
    0.8644067645072937,
    0.7966101765632629,
    0.7966101765632629,
    0.8305084705352783,
    0.8305084705352783,
    0.8644067645072937,
    0.8644067645072937,
    0.8474576473236084,
    0.8474576473236084,
    0.8644067645072937,
    0.8474576473236084,
    0.8474576473236084
  ],
  "val_loss": [
    1.4306172132492065,
    0.7834206223487854,
    0.7877002358436584,
    0.7451664805412292,
    0.6990921497344971,
    0.6642330884933472,
    0.6493582129478455,
    0.6655198335647583,
    0.6429190635681152,
    0.6443163156509399,
    0.6177088618278503,
    0.6275603175163269,
    0.6726018190383911,
    0.7018498182296753,
    0.613558292388916,
    0.6886454224586487,
    0.6269716024398804,
    0.7620643973350525,
    0.6100088357925415,
    0.623809814453125,
    0.6120414137840271,
    0.6118105053901672,
    0.5889191627502441,
    0.5828827619552612,
    0.6805933117866516,
    0.6463121175765991,
    0.6210634708404541,
    0.6123963594436646,
    0.6529403924942017,
    0.620834231376648,
    0.7296690344810486,
    0.6800583600997925,
    0.6649081707000732,
    0.6185917258262634,
    0.6213833689689636,
    0.6472507119178772,
    0.7370681762695312,
    0.665769636631012,
    0.7823712825775146,
    0.6503366231918335,
    0.8581617474555969,
    0.5933645367622375,
    0.6576036214828491,
    0.6573556065559387,
    0.6163725852966309,
    0.5678068399429321,
    0.618327260017395,
    0.6590763926506042,
    0.613436222076416,
    0.6031898856163025
  ]
}