{
  "accuracy": [
    0.6694915294647217,
    0.6228813529014587,
    0.7457627058029175,
    0.8177965879440308,
    0.8008474707603455,
    0.8262711763381958,
    0.8347457647323608,
    0.8389830589294434,
    0.8644067645072937,
    0.8855932354927063,
    0.9025423526763916,
    0.8940678238868713,
    0.9237288236618042,
    0.9237288236618042,
    0.944915235042572,
    0.9194915294647217,
    0.9491525292396545,
    0.9533898234367371,
    0.9618644118309021,
    0.9576271176338196,
    0.9406779408454895,
    0.9618644118309021,
    0.9576271176338196,
    0.9618644118309021,
    0.9745762944221497,
    0.9703390002250671,
    0.9576271176338196,
    0.9533898234367371,
    0.9618644118309021,
    0.9661017060279846,
    0.9576271176338196,
    0.9745762944221497,
    0.9661017060279846,
    0.9661017060279846,
    0.9576271176338196,
    0.9576271176338196,
    0.9618644118309021,
    0.9576271176338196,
    0.9661017060279846,
    0.9703390002250671,
    0.9745762944221497,
    0.9661017060279846,
    0.9703390002250671,
    0.9745762944221497,
    0.9745762944221497,
    0.9745762944221497,
    0.9661017060279846,
    0.9533898234367371,
    0.9661017060279846,
    0.9661017060279846
  ],
  "loss": [
    5.288259029388428,
    3.0087685585021973,
    1.137190580368042,
    0.8174360394477844,
    0.7186372876167297,
    0.6862337589263916,
    0.685474693775177,
    0.6483773589134216,
    0.5888450741767883,
    0.5822724103927612,
    0.5523931980133057,
    0.5271171927452087,
    0.5211084485054016,
    0.4895724058151245,
    0.46931976079940796,
    0.4783029854297638,
    0.4570824205875397,
    0.41201528906822205,
    0.4102412760257721,
    0.39853599667549133,
    0.4202255308628082,
    0.38899266719818115,
    0.35759374499320984,
    0.37140047550201416,
    0.3614174425601959,
    0.3438335955142975,
    0.35706159472465515,
    0.37878838181495667,
    0.3677413761615753,
    0.34474343061447144,
    0.36510875821113586,
    0.3345748782157898,
    0.34105926752090454,
    0.3403814733028412,
    0.3306639492511749,
    0.35240671038627625,
    0.3253723382949829,
    0.3197074234485626,
    0.32261741161346436,
    0.3069663643836975,
    0.30081188678741455,
    0.3149663209915161,
    0.30777209997177124,
    0.3101535439491272,
    0.29622265696525574,
    0.29724791646003723,
    0.29865604639053345,
    0.31372249126434326,
    0.2923361659049988,
    0.2910461723804474
  ],
  "val_accuracy": [
    0.6440678238868713,
    0.7796609997749329,
    0.7627118825912476,
    0.8135592937469482,
    0.8135592937469482,
    0.7966101765632629,
    0.8305084705352783,
    0.8305084705352783,
    0.8474576473236084,
    0.8813559412956238,
    0.8644067645072937,
    0.8474576473236084,
    0.8983050584793091,
    0.8813559412956238,
    0.8644067645072937,
    0.8813559412956238,
    0.8644067645072937,
    0.8644067645072937,
    0.8644067645072937,
    0.8644067645072937,
    0.8305084705352783,
    0.8644067645072937,
    0.8474576473236084,
    0.8813559412956238,
    0.8135592937469482,
    0.8644067645072937,
    0.8305084705352783,
    0.8644067645072937,
    0.8474576473236084,
    0.8644067645072937,
    0.8644067645072937,
    0.8644067645072937,
    0.8644067645072937,
    0.8644067645072937,
    0.8305084705352783,
    0.8305084705352783,
    0.8305084705352783,
    0.8135592937469482,
    0.8305084705352783,
    0.8305084705352783,
    0.8644067645072937,
    0.8135592937469482,
    0.8644067645072937,
    0.8474576473236084,
    0.8474576473236084,
    0.8474576473236084,
    0.8305084705352783,
    0.8305084705352783,
    0.8474576473236084,
    0.8474576473236084
  ],
  "val_loss": [
    1.6961344480514526,
    0.8365272879600525,
    0.7731497883796692,
    0.786460816860199,
    0.7833545207977295,
    0.7530805468559265,
    0.7399272322654724,
    0.729232668876648,
    0.6847546100616455,
    0.6502974033355713,
    0.661266028881073,
    0.657776951789856,
    0.6124162673950195,
    0.6489829421043396,
    0.6204246878623962,
    0.6056457161903381,
    0.6303271055221558,
    0.5997208952903748,
    0.632920503616333,
    0.6069521903991699,
    0.6116499900817871,
    0.6146455407142639,
    0.6032190322875977,
    0.6095166206359863,
    0.5909166932106018,
    0.6113943457603455,
    0.6140587329864502,
    0.5948033332824707,
    0.5916334390640259,
    0.5878157615661621,
    0.5753524899482727,
    0.5935930013656616,
    0.5728803873062134,
    0.6173098683357239,
    0.5914574265480042,
    0.5928825736045837,
    0.6152710914611816,
    0.5974130034446716,
    0.6129146218299866,
    0.595474362373352,
    0.6544212698936462,
    0.5865980386734009,
    0.6265061497688293,
    0.618841290473938,
    0.5987634062767029,
    0.6418878436088562,
    0.6146933436393738,
    0.6488296985626221,
    0.5541366338729858,
    0.5571451783180237
  ]
}