{
  "accuracy": [
    0.5762711763381958,
    0.6652542352676392,
    0.7923728823661804,
    0.7923728823661804,
    0.8093220591545105,
    0.8389830589294434,
    0.8686440587043762,
    0.8898305296897888,
    0.8686440587043762,
    0.9067796468734741,
    0.9025423526763916,
    0.9067796468734741,
    0.9152542352676392,
    0.9322034120559692,
    0.9110169410705566,
    0.9279661178588867,
    0.944915235042572,
    0.9322034120559692,
    0.9491525292396545,
    0.9322034120559692,
    0.9576271176338196,
    0.9576271176338196,
    0.9533898234367371,
    0.9533898234367371,
    0.9533898234367371,
    0.9406779408454895,
    0.9406779408454895,
    0.9618644118309021,
    0.9618644118309021,
    0.9618644118309021,
    0.9491525292396545,
    0.9533898234367371,
    0.9576271176338196,
    0.9618644118309021,
    0.9618644118309021,
    0.9618644118309021,
    0.9703390002250671,
    0.9703390002250671,
    0.9661017060279846,
    0.9703390002250671,
    0.9703390002250671,
    0.9661017060279846,
    0.9576271176338196,
    0.9661017060279846,
    0.9661017060279846,
    0.9703390002250671,
    0.9533898234367371,
    0.9661017060279846,
    0.9533898234367371,
    0.9322034120559692
  ],
  "loss": [
    5.913088321685791,
    0.9966424107551575,
    0.8761519193649292,
    0.957796573638916,
    0.8215155005455017,
    0.8319047689437866,
    0.7141450643539429,
    0.6841802000999451,
    0.6351112723350525,
    0.6129601001739502,
    0.5977267026901245,
    0.5342320799827576,
    0.49646180868148804,
    0.5134520530700684,
    0.48816999793052673,
    0.48413020372390747,
    0.43482184410095215,
    0.4408109188079834,
    0.4104587733745575,
    0.42337778210639954,
    0.40579354763031006,
    0.39230799674987793,
    0.3959704637527466,
    0.3787706792354584,
    0.37553897500038147,
    0.40224000811576843,
    0.3908993601799011,
    0.36511725187301636,
    0.37023380398750305,
    0.35375669598579407,
    0.35508081316947937,
    0.33769160509109497,
    0.32374656200408936,
    0.3151381313800812,
    0.2987891733646393,
    0.3205016851425171,
    0.2961903214454651,
    0.3096042573451996,
    0.3123999536037445,
    0.289160817861557,
    0.2837306261062622,
    0.2765577733516693,
    0.2828637659549713,
    0.2743898630142212,
    0.2776813805103302,
    0.27605703473091125,
    0.3121925890445709,
    0.2780079245567322,
    0.3505636751651764,
    0.3556153178215027
  ],
  "val_accuracy": [
    0.5762711763381958,
    0.7796609997749329,
    0.7966101765632629,
    0.7796609997749329,
    0.7627118825912476,
    0.8135592937469482,
    0.8305084705352783,
    0.8474576473236084,
    0.8474576473236084,
    0.8644067645072937,
    0.8474576473236084,
    0.8474576473236084,
    0.8644067645072937,
    0.8644067645072937,
    0.8474576473236084,
    0.8813559412956238,
    0.8644067645072937,
    0.8474576473236084,
    0.8644067645072937,
    0.8474576473236084,
    0.8644067645072937,
    0.8474576473236084,
    0.8644067645072937,
    0.8474576473236084,
    0.8474576473236084,
    0.8474576473236084,
    0.8474576473236084,
    0.8474576473236084,
    0.8474576473236084,
    0.8474576473236084,
    0.8644067645072937,
    0.8644067645072937,
    0.8813559412956238,
    0.8474576473236084,
    0.8474576473236084,
    0.8305084705352783,
    0.8474576473236084,
    0.8474576473236084,
    0.8474576473236084,
    0.8305084705352783,
    0.8305084705352783,
    0.8305084705352783,
    0.8644067645072937,
    0.8305084705352783,
    0.8474576473236084,
    0.8305084705352783,
    0.8644067645072937,
    0.8983050584793091,
    0.8813559412956238,
    0.8813559412956238
  ],
  "val_loss": [
    0.9507688879966736,
    0.8374244570732117,
    0.8150819540023804,
    0.846176266670227,
    0.8300958275794983,
    0.8274399638175964,
    0.7659227848052979,
    0.701360285282135,
    0.6805297136306763,
    0.6747961640357971,
    0.6678870320320129,
    0.6925598382949829,
    0.6620858311653137,
    0.6353497505187988,
    0.7208356857299805,
    0.6443883776664734,
    0.6618859767913818,
    0.7032042741775513,
    0.6986818313598633,
    0.680302619934082,
    0.6967915892601013,
    0.6543464660644531,
    0.7541536092758179,
    0.7292747497558594,
    0.7855868935585022,
    0.7940165400505066,
    0.7306215763092041,
    0.6671690940856934,
    0.6538416743278503,
    0.7720866799354553,
    0.6814941167831421,
    0.6587160229682922,
    0.6313696503639221,
    0.6547929048538208,
    0.7480700612068176,
    0.6680037379264832,
    0.6682173013687134,
    0.7356590628623962,
    0.8008888959884644,
    0.9289069175720215,
    0.754231870174408,
    0.6690924763679504,
    0.7898232340812683,
    0.6996098160743713,
    0.5877301096916199,
    0.6537133455276489,
    0.7832671403884888,
    0.5308334827423096,
    0.8713905811309814,
    0.587229311466217
  ]
}