{
  "accuracy": [
    0.6101694703102112,
    0.741525411605835,
    0.7627118825912476,
    0.8347457647323608,
    0.8559321761131287,
    0.8813559412956238,
    0.8855932354927063,
    0.8898305296897888,
    0.9237288236618042,
    0.9110169410705566,
    0.9025423526763916,
    0.9322034120559692,
    0.9491525292396545,
    0.9364407062530518,
    0.9661017060279846,
    0.9576271176338196,
    0.9745762944221497,
    0.9661017060279846,
    0.9576271176338196,
    0.944915235042572,
    0.9618644118309021,
    0.9661017060279846,
    0.9618644118309021,
    0.9618644118309021,
    0.9703390002250671,
    0.9661017060279846,
    0.9618644118309021,
    0.9576271176338196,
    0.9406779408454895,
    0.9745762944221497,
    0.9661017060279846,
    0.9618644118309021,
    0.9533898234367371,
    0.9703390002250671,
    0.9661017060279846,
    0.9745762944221497,
    0.9703390002250671,
    0.9661017060279846,
    0.9661017060279846,
    0.9703390002250671,
    0.9618644118309021,
    0.9576271176338196,
    0.9661017060279846,
    0.9703390002250671,
    0.9703390002250671,
    0.9576271176338196,
    0.9703390002250671,
    0.9745762944221497,
    0.9703390002250671,
    0.9745762944221497
  ],
  "loss": [
    2.6518349647521973,
    1.0131235122680664,
    0.7742059230804443,
    0.6878915429115295,
    0.6432657837867737,
    0.5928140878677368,
    0.583296537399292,
    0.5602942705154419,
    0.5126451253890991,
    0.503363311290741,
    0.4851461946964264,
    0.4676092863082886,
    0.447518914937973,
    0.45254528522491455,
    0.4044123888015747,
    0.39531004428863525,
    0.3648713231086731,
    0.3692765235900879,
    0.380429744720459,
    0.3711250424385071,
    0.36189886927604675,
    0.36188554763793945,
    0.34626200795173645,
    0.34255439043045044,
    0.31962159276008606,
    0.3353598713874817,
    0.33408045768737793,
    0.33139315247535706,
    0.3536425828933716,
    0.33005040884017944,
    0.33560025691986084,
    0.29777729511260986,
    0.331429660320282,
    0.31732964515686035,
    0.30087950825691223,
    0.2915250062942505,
    0.28363069891929626,
    0.3109568953514099,
    0.2915678918361664,
    0.3110952079296112,
    0.29885366559028625,
    0.30840352177619934,
    0.28033870458602905,
    0.2820766270160675,
    0.2887846827507019,
    0.29601389169692993,
    0.2681950330734253,
    0.263140469789505,
    0.27766290307044983,
    0.2646053731441498
  ],
  "val_accuracy": [
    0.7627118825912476,
    0.7627118825912476,
    0.8305084705352783,
    0.8474576473236084,
    0.8644067645072937,
    0.8813559412956238,
    0.8813559412956238,
    0.8644067645072937,
    0.8135592937469482,
    0.8813559412956238,
    0.8813559412956238,
    0.8813559412956238,
    0.8474576473236084,
    0.8305084705352783,
    0.8474576473236084,
    0.8474576473236084,
    0.8305084705352783,
    0.8644067645072937,
    0.8305084705352783,
    0.8644067645072937,
    0.8474576473236084,
    0.8135592937469482,
    0.8135592937469482,
    0.8135592937469482,
    0.8135592937469482,
    0.8135592937469482,
    0.8644067645072937,
    0.8135592937469482,
    0.8135592937469482,
    0.8813559412956238,
    0.8305084705352783,
    0.8474576473236084,
    0.7966101765632629,
    0.8474576473236084,
    0.8813559412956238,
    0.8474576473236084,
    0.8474576473236084,
    0.8474576473236084,
    0.8305084705352783,
    0.8474576473236084,
    0.8644067645072937,
    0.8474576473236084,
    0.8474576473236084,
    0.8135592937469482,
    0.8135592937469482,
    0.8305084705352783,
    0.8305084705352783,
    0.8135592937469482,
    0.8474576473236084,
    0.8644067645072937
  ],
  "val_loss": [
    0.8389384150505066,
    0.8045689463615417,
    0.7411501407623291,
    0.7178781628608704,
    0.6827247142791748,
    0.6542431712150574,
    0.6507806777954102,
    0.6362951397895813,
    0.6660626530647278,
    0.6280314326286316,
    0.6213856339454651,
    0.6231691837310791,
    0.63560950756073,
    0.6622819900512695,
    0.600666344165802,
    0.6149095296859741,
    0.5966927409172058,
    0.5667238235473633,
    0.6651361584663391,
    0.5804105401039124,
    0.6197502017021179,
    0.6460314989089966,
    0.6473490595817566,
    0.6298792362213135,
    0.605742871761322,
    0.7293291091918945,
    0.5840831398963928,
    0.6631692051887512,
    0.5649556517601013,
    0.5449154376983643,
    0.5799323916435242,
    0.541694164276123,
    0.6328840255737305,
    0.555852472782135,
    0.5548856258392334,
    0.5585845708847046,
    0.5944786667823792,
    0.6211817860603333,
    0.6322659850120544,
    0.6533722281455994,
    0.5563849210739136,
    0.6644437909126282,
    0.6221475005149841,
    0.6252076625823975,
    0.6331877708435059,
    0.610278308391571,
    0.6857033371925354,
    0.6935325264930725,
    0.5633738040924072,
    0.5394589900970459
  ]
}