{
  "accuracy": [
    0.5762711763381958,
    0.758474588394165,
    0.7330508232116699,
    0.8347457647323608,
    0.8432203531265259,
    0.8432203531265259,
    0.8686440587043762,
    0.8728813529014587,
    0.8728813529014587,
    0.8898305296897888,
    0.8983050584793091,
    0.8983050584793091,
    0.9279661178588867,
    0.9364407062530518,
    0.9237288236618042,
    0.9322034120559692,
    0.9533898234367371,
    0.9406779408454895,
    0.9576271176338196,
    0.9406779408454895,
    0.9406779408454895,
    0.9533898234367371,
    0.9533898234367371,
    0.944915235042572,
    0.9533898234367371,
    0.9661017060279846,
    0.9576271176338196,
    0.9745762944221497,
    0.9618644118309021,
    0.9661017060279846,
    0.9661017060279846,
    0.9576271176338196,
    0.9661017060279846,
    0.9618644118309021,
    0.9533898234367371,
    0.9576271176338196,
    0.9661017060279846,
    0.9618644118309021,
    0.9576271176338196,
    0.9703390002250671,
    0.9703390002250671,
    0.9745762944221497,
    0.9661017060279846,
    0.9618644118309021,
    0.9661017060279846,
    0.9703390002250671,
    0.9533898234367371,
    0.9576271176338196,
    0.9703390002250671,
    0.9618644118309021
  ],
  "loss": [
    5.34132194519043,
    1.1839663982391357,
    0.8238968849182129,
    0.7001826167106628,
    0.6796442866325378,
    0.6357385516166687,
    0.6192601323127747,
    0.5823056697845459,
    0.5551010966300964,
    0.5151464343070984,
    0.5404422283172607,
    0.523045003414154,
    0.484247624874115,
    0.4699726402759552,
    0.4412681758403778,
    0.4536462426185608,
    0.42253178358078003,
    0.4064732491970062,
    0.386179119348526,
    0.392140656709671,
    0.3893296420574188,
    0.4114728271961212,
    0.382325142621994,
    0.3784428834915161,
    0.3835042417049408,
    0.3337748646736145,
    0.34775853157043457,
    0.31067362427711487,
    0.3512607216835022,
    0.32077980041503906,
    0.33011138439178467,
    0.3363654911518097,
    0.32664918899536133,
    0.3207474648952484,
    0.31405001878738403,
    0.3425455391407013,
    0.3425707221031189,
    0.3389424681663513,
    0.29927781224250793,
    0.3205587565898895,
    0.28985536098480225,
    0.2858515679836273,
    0.3203597366809845,
    0.312039315700531,
    0.2773236036300659,
    0.2897810637950897,
    0.3128773868083954,
    0.3058224618434906,
    0.2808176279067993,
    0.289252370595932
  ],
  "val_accuracy": [
    0.7796609997749329,
    0.7796609997749329,
    0.8305084705352783,
    0.8305084705352783,
    0.8135592937469482,
    0.8305084705352783,
    0.8474576473236084,
    0.8644067645072937,
    0.8813559412956238,
    0.8644067645072937,
    0.8644067645072937,
    0.8983050584793091,
    0.8644067645072937,
    0.8644067645072937,
    0.8644067645072937,
    0.8644067645072937,
    0.8644067645072937,
    0.8813559412956238,
    0.8813559412956238,
    0.8813559412956238,
    0.8644067645072937,
    0.8644067645072937,
    0.8644067645072937,
    0.8644067645072937,
    0.8644067645072937,
    0.8813559412956238,
    0.8644067645072937,
    0.8813559412956238,
    0.8474576473236084,
    0.8813559412956238,
    0.8644067645072937,
    0.8813559412956238,
    0.8474576473236084,
    0.8644067645072937,
    0.8644067645072937,
    0.8305084705352783,
    0.8474576473236084,
    0.8644067645072937,
    0.8474576473236084,
    0.8474576473236084,
    0.8305084705352783,
    0.8474576473236084,
    0.8474576473236084,
    0.8305084705352783,
    0.8135592937469482,
    0.8305084705352783,
    0.8474576473236084,
    0.8474576473236084,
    0.8474576473236084,
    0.8474576473236084
  ],
  "val_loss": [
    0.9471336603164673,
    0.8446771502494812,
    0.7662296891212463,
    0.7482579350471497,
    0.7098665237426758,
    0.6504487991333008,
    0.6723052859306335,
    0.6440796852111816,
    0.6235468983650208,
    0.5941264033317566,
    0.6031743884086609,
    0.5891638398170471,
    0.6079774498939514,
    0.6002781987190247,
    0.5857875347137451,
    0.5963685512542725,
    0.5915200114250183,
    0.5740293264389038,
    0.5748878121376038,
    0.5932455658912659,
    0.5811296701431274,
    0.5724696516990662,
    0.5551053285598755,
    0.5536916851997375,
    0.5300358533859253,
    0.553680419921875,
    0.5680107474327087,
    0.546194314956665,
    0.5539805293083191,
    0.574638307094574,
    0.5254753828048706,
    0.5759449601173401,
    0.5701681971549988,
    0.5465939044952393,
    0.5796080827713013,
    0.5466796159744263,
    0.5967000126838684,
    0.602523922920227,
    0.6061670184135437,
    0.5925013422966003,
    0.5924692153930664,
    0.5630264282226562,
    0.6351614594459534,
    0.6215859055519104,
    0.5733498334884644,
    0.5690454244613647,
    0.5476617813110352,
    0.5229966044425964,
    0.5662887096405029,
    0.522783637046814
  ]
}