{
  "accuracy": [
    0.6567796468734741,
    0.8347457647323608,
    0.8474576473236084,
    0.8771186470985413,
    0.8601694703102112,
    0.8983050584793091,
    0.8855932354927063,
    0.8983050584793091,
    0.8898305296897888,
    0.9364407062530518,
    0.9364407062530518,
    0.9533898234367371,
    0.9491525292396545,
    0.9576271176338196,
    0.9703390002250671,
    0.9576271176338196,
    0.9703390002250671,
    0.9661017060279846,
    0.9703390002250671,
    0.9745762944221497,
    0.9745762944221497,
    0.9745762944221497,
    0.9745762944221497,
    0.9745762944221497,
    0.9745762944221497,
    0.9745762944221497,
    0.9745762944221497,
    0.9661017060279846,
    0.9745762944221497,
    0.9745762944221497,
    0.9703390002250671,
    0.9745762944221497,
    0.9703390002250671,
    0.9745762944221497,
    0.9745762944221497,
    0.9745762944221497,
    0.9745762944221497,
    0.9745762944221497,
    0.9745762944221497,
    0.9703390002250671,
    0.9745762944221497,
    0.9745762944221497,
    0.9745762944221497,
    0.9703390002250671,
    0.9661017060279846,
    0.9703390002250671,
    0.9661017060279846,
    0.9703390002250671,
    0.9703390002250671,
    0.9745762944221497
  ],
  "loss": [
    3.507154703140259,
    0.8812668323516846,
    0.7532786130905151,
    0.7238603234291077,
    0.6911444664001465,
    0.6008338332176208,
    0.6057912111282349,
    0.7818475961685181,
    0.6473053097724915,
    0.5443734526634216,
    0.5050691962242126,
    0.45752477645874023,
    0.44296157360076904,
    0.4196125864982605,
    0.4190952479839325,
    0.40064680576324463,
    0.373654842376709,
    0.39223799109458923,
    0.3470633924007416,
    0.3395058810710907,
    0.321218878030777,
    0.31030428409576416,
    0.31666985154151917,
    0.3091718256473541,
    0.2855589985847473,
    0.28413379192352295,
    0.46593329310417175,
    0.3003861904144287,
    0.5112019777297974,
    0.2828309237957001,
    0.2865188717842102,
    0.27539095282554626,
    0.27400991320610046,
    0.2706274688243866,
    0.26847442984580994,
    0.2608126699924469,
    0.263284295797348,
    0.2599751055240631,
    0.24976477026939392,
    0.24716965854167938,
    0.23227037489414215,
    0.23602207005023956,
    0.23341701924800873,
    0.23973338305950165,
    0.261974036693573,
    0.253572553396225,
    0.2423733025789261,
    0.24549272656440735,
    0.23576772212982178,
    0.22603492438793182
  ],
  "val_accuracy": [
    0.8135592937469482,
    0.7796609997749329,
    0.8644067645072937,
    0.8644067645072937,
    0.8813559412956238,
    0.8474576473236084,
    0.8644067645072937,
    0.7796609997749329,
    0.8305084705352783,
    0.8644067645072937,
    0.8305084705352783,
    0.8644067645072937,
    0.8135592937469482,
    0.8644067645072937,
    0.8813559412956238,
    0.8644067645072937,
    0.8644067645072937,
    0.8305084705352783,
    0.8474576473236084,
    0.8644067645072937,
    0.8305084705352783,
    0.8813559412956238,
    0.8644067645072937,
    0.8644067645072937,
    0.8474576473236084,
    0.8813559412956238,
    0.8644067645072937,
    0.8474576473236084,
    0.8135592937469482,
    0.8474576473236084,
    0.8813559412956238,
    0.8474576473236084,
    0.8305084705352783,
    0.8813559412956238,
    0.8813559412956238,
    0.8813559412956238,
    0.8644067645072937,
    0.8305084705352783,
    0.8983050584793091,
    0.8644067645072937,
    0.8474576473236084,
    0.8644067645072937,
    0.8644067645072937,
    0.8305084705352783,
    0.8474576473236084,
    0.8474576473236084,
    0.7966101765632629,
    0.8474576473236084,
    0.7966101765632629,
    0.8644067645072937
  ],
  "val_loss": [
    0.853744387626648,
    0.8865254521369934,
    0.7857975363731384,
    0.7587013244628906,
    0.7095251083374023,
    0.7048962116241455,
    0.7407756447792053,
    0.8227722644805908,
    0.7802779078483582,
    0.7380204200744629,
    0.7876925468444824,
    0.7379302978515625,
    0.710608184337616,
    0.6499983072280884,
    0.6386911273002625,
    0.6395134329795837,
    0.6395875215530396,
    0.6834424138069153,
    0.6958780884742737,
    0.7256842255592346,
    0.7881124019622803,
    0.7529521584510803,
    0.7363914251327515,
    0.7207189202308655,
    0.7246366143226624,
    0.7537618279457092,
    0.7780172228813171,
    0.7696335315704346,
    0.6995797753334045,
    0.6610544323921204,
    0.7348780035972595,
    0.7709147930145264,
    0.7053178548812866,
    0.7888990640640259,
    0.7439691424369812,
    0.6865541934967041,
    0.8118243217468262,
    0.6764745116233826,
    0.6660038828849792,
    0.687592089176178,
    0.6979643702507019,
    0.7020750045776367,
    0.7255579829216003,
    0.5719377994537354,
    0.6057037115097046,
    0.6532283425331116,
    0.6925103068351746,
    0.670396089553833,
    0.6518523693084717,
    0.7556220293045044
  ]
}