{
  "accuracy": [
    0.6355932354927063,
    0.7881355881690979,
    0.8389830589294434,
    0.8305084705352783,
    0.8728813529014587,
    0.8940678238868713,
    0.9025423526763916,
    0.9067796468734741,
    0.9152542352676392,
    0.944915235042572,
    0.9322034120559692,
    0.9406779408454895,
    0.9279661178588867,
    0.9364407062530518,
    0.9618644118309021,
    0.9533898234367371,
    0.9576271176338196,
    0.9618644118309021,
    0.9618644118309021,
    0.9661017060279846,
    0.9533898234367371,
    0.9703390002250671,
    0.9703390002250671,
    0.9661017060279846,
    0.9703390002250671,
    0.9745762944221497,
    0.9364407062530518,
    0.9703390002250671,
    0.9703390002250671,
    0.9703390002250671,
    0.9661017060279846,
    0.9745762944221497,
    0.9745762944221497,
    0.9745762944221497,
    0.9661017060279846,
    0.9661017060279846,
    0.9279661178588867,
    0.9491525292396545,
    0.9703390002250671,
    0.9618644118309021,
    0.9618644118309021,
    0.9618644118309021,
    0.9703390002250671,
    0.9745762944221497,
    0.9745762944221497,
    0.9703390002250671,
    0.9745762944221497,
    0.9745762944221497,
    0.9745762944221497,
    0.9745762944221497
  ],
  "loss": [
    2.7010724544525146,
    1.2093840837478638,
    0.6717360615730286,
    0.6461865901947021,
    0.6129936575889587,
    0.5860690474510193,
    0.5523321032524109,
    0.5403274893760681,
    0.49959835410118103,
    0.4781063199043274,
    0.5078146457672119,
    0.46307262778282166,
    0.46447423100471497,
    0.4447419047355652,
    0.3994116485118866,
    0.38715946674346924,
    0.38203009963035583,
    0.3821246027946472,
    0.3490515351295471,
    0.3504909574985504,
    0.3519420325756073,
    0.3322342336177826,
    0.3214171826839447,
    0.33427974581718445,
    0.326651394367218,
    0.34176841378211975,
    0.35256505012512207,
    0.33000242710113525,
    0.3090321123600006,
    0.3100638687610626,
    0.31779900193214417,
    0.29691386222839355,
    0.32269883155822754,
    0.29786428809165955,
    0.2977633774280548,
    0.327173113822937,
    0.38187041878700256,
    0.3480457663536072,
    0.3194625973701477,
    0.32485198974609375,
    0.3247854709625244,
    0.29617756605148315,
    0.2934572696685791,
    0.29423606395721436,
    0.2826802432537079,
    0.26140981912612915,
    0.2880595624446869,
    0.25839686393737793,
    0.2602676749229431,
    0.26056620478630066
  ],
  "val_accuracy": [
    0.7966101765632629,
    0.8305084705352783,
    0.8135592937469482,
    0.8305084705352783,
    0.8474576473236084,
    0.8813559412956238,
    0.8474576473236084,
    0.8474576473236084,
    0.8813559412956238,
    0.8474576473236084,
    0.8644067645072937,
    0.8305084705352783,
    0.8644067645072937,
    0.8644067645072937,
    0.8644067645072937,
    0.8135592937469482,
    0.8474576473236084,
    0.8305084705352783,
    0.8305084705352783,
    0.8644067645072937,
    0.8135592937469482,
    0.8305084705352783,
    0.8305084705352783,
    0.8474576473236084,
    0.8474576473236084,
    0.8644067645072937,
    0.8474576473236084,
    0.8135592937469482,
    0.8135592937469482,
    0.8305084705352783,
    0.8305084705352783,
    0.8644067645072937,
    0.8474576473236084,
    0.8305084705352783,
    0.8474576473236084,
    0.7457627058029175,
    0.8644067645072937,
    0.8305084705352783,
    0.8474576473236084,
    0.8474576473236084,
    0.8305084705352783,
    0.8474576473236084,
    0.8474576473236084,
    0.8474576473236084,
    0.8474576473236084,
    0.8305084705352783,
    0.8305084705352783,
    0.8305084705352783,
    0.8474576473236084,
    0.8474576473236084
  ],
  "val_loss": [
    0.7621587514877319,
    0.7149360775947571,
    0.7499229907989502,
    0.7182172536849976,
    0.7088867425918579,
    0.6518906950950623,
    0.661961555480957,
    0.6768519878387451,
    0.6239484548568726,
    0.674946129322052,
    0.6444510817527771,
    0.7014940977096558,
    0.6289967894554138,
    0.6480229496955872,
    0.6446898579597473,
    0.6431791186332703,
    0.6595862507820129,
    0.7159432768821716,
    0.6433793306350708,
    0.6223844289779663,
    0.6304669380187988,
    0.6416614055633545,
    0.6693800687789917,
    0.6934522986412048,
    0.6796069145202637,
    0.7090865969657898,
    0.6266301870346069,
    0.6656363606452942,
    0.6368346214294434,
    0.7871743440628052,
    0.6673531532287598,
    0.7082999348640442,
    0.6737467646598816,
    0.6848093271255493,
    0.6811762452125549,
    1.0753374099731445,
    0.6146931052207947,
    0.5692391395568848,
    0.5880858898162842,
    0.6395750045776367,
    0.7244972586631775,
    0.5927003622055054,
    0.60576993227005,
    0.6385039687156677,
    0.6580467820167542,
    0.6726090908050537,
    0.6811846494674683,
    0.6865822672843933,
    0.6515778303146362,
    0.6976795792579651
  ]
}