{
  "accuracy": [
    0.25,
    0.625,
    0.75,
    0.625,
    0.75,
    0.5,
    0.75,
    0.875,
    0.75,
    0.75,
    0.875,
    0.875,
    0.875,
    0.875,
    0.625,
    0.625,
    0.875,
    0.875,
    0.875,
    0.875,
    0.875,
    0.875,
    0.875,
    0.875,
    0.875,
    0.875,
    0.875,
    0.875,
    0.875,
    0.875,
    0.875,
    0.875,
    0.875,
    0.875,
    0.875,
    0.875,
    0.875,
    0.875,
    0.875,
    0.875,
    0.875,
    0.875,
    0.875,
    0.875,
    0.875,
    0.875,
    0.875,
    0.875,
    0.875,
    0.875
  ],
  "loss": [
    1.169388771057129,
    12.754454612731934,
    6.3636860847473145,
    6.522781848907471,
    3.384993553161621,
    6.534789562225342,
    3.4577925205230713,
    0.8158148527145386,
    0.897661566734314,
    0.6936746835708618,
    0.6615159511566162,
    0.6426652669906616,
    0.9760392904281616,
    0.7397258281707764,
    0.7227749824523926,
    0.8631604313850403,
    0.5884908437728882,
    0.6212981939315796,
    0.7968452572822571,
    0.7594823837280273,
    0.6169648170471191,
    0.6008471250534058,
    0.7094535231590271,
    0.7549909949302673,
    0.694767415523529,
    0.6468684673309326,
    0.659691333770752,
    0.625374972820282,
    0.6166205406188965,
    0.694046139717102,
    0.6078288555145264,
    0.5968290567398071,
    0.6793498992919922,
    0.6559627056121826,
    0.6238818168640137,
    0.6008719801902771,
    0.6248340010643005,
    0.6623373627662659,
    0.6088011264801025,
    0.5158237218856812,
    0.5201886296272278,
    0.6075364351272583,
    0.5797061920166016,
    0.627899706363678,
    0.6759352087974548,
    0.4977352023124695,
    0.6323193907737732,
    0.6681146025657654,
    0.7006504535675049,
    0.6389428377151489
  ],
  "val_accuracy": [
    0.5,
    0.5,
    1.0,
    1.0,
    1.0,
    1.0,
    1.0,
    1.0,
    1.0,
    1.0,
    1.0,
    1.0,
    1.0,
    1.0,
    0.5,
    1.0,
    1.0,
    1.0,
    1.0,
    1.0,
    1.0,
    1.0,
    1.0,
    1.0,
    1.0,
    1.0,
    1.0,
    1.0,
    1.0,
    1.0,
    1.0,
    1.0,
    1.0,
    1.0,
    1.0,
    1.0,
    1.0,
    1.0,
    1.0,
    1.0,
    1.0,
    1.0,
    1.0,
    1.0,
    1.0,
    1.0,
    1.0,
    1.0,
    1.0,
    1.0
  ],
  "val_loss": [
    3.939882278442383,
    0.7961467504501343,
    0.3644079267978668,
    0.25453099608421326,
    0.25222277641296387,
    0.266562283039093,
    0.36730459332466125,
    0.4389612078666687,
    0.42326855659484863,
    0.4018946588039398,
    0.384750097990036,
    0.37938064336776733,
    0.41242846846580505,
    0.6510526537895203,
    0.801029622554779,
    0.5363875031471252,
    0.46032771468162537,
    0.44579190015792847,
    0.4825630784034729,
    0.5736913084983826,
    0.6525866985321045,
    0.6865256428718567,
    0.6791698336601257,
    0.651260256767273,
    0.6100687384605408,
    0.5919276475906372,
    0.5567775368690491,
    0.46189525723457336,
    0.4219193160533905,
    0.43131738901138306,
    0.4828297793865204,
    0.5425488948822021,
    0.5567880272865295,
    0.554227352142334,
    0.5480589866638184,
    0.5394782423973083,
    0.5293287634849548,
    0.5204107761383057,
    0.5110101103782654,
    0.49735844135284424,
    0.48230618238449097,
    0.4689667522907257,
    0.45833754539489746,
    0.4507163166999817,
    0.46425119042396545,
    0.4730722904205322,
    0.5125952363014221,
    0.4916567802429199,
    0.48945823311805725,
    0.5783420205116272
  ]
}