{
  "accuracy": [
    0.5932203531265259,
    0.7669491767883301,
    0.8135592937469482,
    0.8347457647323608,
    0.8686440587043762,
    0.8898305296897888,
    0.9110169410705566,
    0.9322034120559692,
    0.9237288236618042,
    0.9491525292396545,
    0.9406779408454895,
    0.9406779408454895,
    0.9491525292396545,
    0.944915235042572,
    0.9576271176338196,
    0.9533898234367371,
    0.9618644118309021,
    0.944915235042572,
    0.9491525292396545,
    0.9618644118309021,
    0.9703390002250671,
    0.9618644118309021,
    0.9703390002250671,
    0.9745762944221497,
    0.9703390002250671,
    0.9703390002250671,
    0.9745762944221497,
    0.9703390002250671,
    0.9533898234367371,
    0.9661017060279846,
    0.9661017060279846,
    0.9703390002250671,
    0.9703390002250671,
    0.9661017060279846,
    0.9703390002250671,
    0.9661017060279846,
    0.9703390002250671,
    0.9703390002250671,
    0.9661017060279846,
    0.9703390002250671,
    0.9661017060279846,
    0.9703390002250671,
    0.9661017060279846,
    0.9703390002250671,
    0.9703390002250671,
    0.9661017060279846,
    0.9745762944221497,
    0.9745762944221497,
    0.9745762944221497,
    0.9703390002250671
  ],
  "loss": [
    4.174994468688965,
    0.8936360478401184,
    0.7876711487770081,
    0.7667081952095032,
    0.6933568120002747,
    0.6515746116638184,
    0.6097422242164612,
    0.6052666902542114,
    0.5642372965812683,
    0.5197996497154236,
    0.48981985449790955,
    0.46571433544158936,
    0.43543729186058044,
    0.43023258447647095,
    0.42736876010894775,
    0.4344085156917572,
    0.42371058464050293,
    0.4436420202255249,
    0.4131714999675751,
    0.3967638909816742,
    0.3694511950016022,
    0.4040916860103607,
    0.34534260630607605,
    0.32391852140426636,
    0.33649227023124695,
    0.3259003758430481,
    0.31617018580436707,
    0.3174843192100525,
    0.33504167199134827,
    0.346328467130661,
    0.3368504047393799,
    0.3212614953517914,
    0.30430153012275696,
    0.31335189938545227,
    0.3119454085826874,
    0.30933287739753723,
    0.2978813946247101,
    0.3586249351501465,
    0.3059332072734833,
    0.3134797513484955,
    0.3106573522090912,
    0.2996058464050293,
    0.3059506118297577,
    0.2813337743282318,
    0.2741940915584564,
    0.287274032831192,
    0.2864820957183838,
    0.2596870958805084,
    0.26270589232444763,
    0.25274455547332764
  ],
  "val_accuracy": [
    0.6610169410705566,
    0.8305084705352783,
    0.7796609997749329,
    0.8474576473236084,
    0.8474576473236084,
    0.8305084705352783,
    0.8305084705352783,
    0.7796609997749329,
    0.8474576473236084,
    0.8305084705352783,
    0.8813559412956238,
    0.8474576473236084,
    0.8474576473236084,
    0.8644067645072937,
    0.8474576473236084,
    0.8474576473236084,
    0.8644067645072937,
    0.8305084705352783,
    0.8644067645072937,
    0.8474576473236084,
    0.8474576473236084,
    0.8644067645072937,
    0.8474576473236084,
    0.8813559412956238,
    0.8813559412956238,
    0.8305084705352783,
    0.8644067645072937,
    0.8474576473236084,
    0.8305084705352783,
    0.8474576473236084,
    0.8474576473236084,
    0.8813559412956238,
    0.8983050584793091,
    0.8813559412956238,
    0.8305084705352783,
    0.8474576473236084,
    0.8983050584793091,
    0.8135592937469482,
    0.8644067645072937,
    0.8644067645072937,
    0.8813559412956238,
    0.8813559412956238,
    0.8813559412956238,
    0.8644067645072937,
    0.8135592937469482,
    0.8644067645072937,
    0.8644067645072937,
    0.8644067645072937,
    0.8644067645072937,
    0.8474576473236084
  ],
  "val_loss": [
    0.8863301873207092,
    0.7765281796455383,
    0.8136375546455383,
    0.7534817457199097,
    0.7354416847229004,
    0.7308151125907898,
    0.7131776809692383,
    0.7752333879470825,
    0.6778558492660522,
    0.6668402552604675,
    0.6433419585227966,
    0.7415515184402466,
    0.6365041136741638,
    0.6570541858673096,
    0.712913453578949,
    0.6840322017669678,
    0.6484326124191284,
    0.6346408128738403,
    0.6407628655433655,
    0.7436360716819763,
    0.6103938221931458,
    0.7151304483413696,
    0.6127275228500366,
    0.6195871233940125,
    0.6160275340080261,
    0.6052424311637878,
    0.6007228493690491,
    0.6624499559402466,
    0.6974129676818848,
    0.6259912848472595,
    0.6418169736862183,
    0.6743943095207214,
    0.6786766648292542,
    0.6340630650520325,
    0.6692418456077576,
    0.7387697696685791,
    0.632064938545227,
    0.8854248523712158,
    0.6184053421020508,
    0.6279920935630798,
    0.5842188000679016,
    0.6012203693389893,
    0.706321120262146,
    0.6637739539146423,
    0.7394645810127258,
    0.7249124646186829,
    0.720478892326355,
    0.6354248523712158,
    0.7234753966331482,
    0.7316513061523438
  ]
}