{
  "accuracy": [
    0.5635592937469482,
    0.5974576473236084,
    0.7288135886192322,
    0.7966101765632629,
    0.7711864113807678,
    0.7754237055778503,
    0.8262711763381958,
    0.8262711763381958,
    0.8432203531265259,
    0.8305084705352783,
    0.8559321761131287,
    0.8813559412956238,
    0.8855932354927063,
    0.9025423526763916,
    0.9322034120559692,
    0.8983050584793091,
    0.8813559412956238,
    0.9152542352676392,
    0.9364407062530518,
    0.9618644118309021,
    0.9364407062530518,
    0.9025423526763916,
    0.9533898234367371,
    0.9406779408454895,
    0.9533898234367371,
    0.9491525292396545,
    0.9576271176338196,
    0.9618644118309021,
    0.9576271176338196,
    0.9703390002250671,
    0.9661017060279846,
    0.9703390002250671,
    0.9703390002250671,
    0.9618644118309021,
    0.9661017060279846,
    0.9618644118309021,
    0.9661017060279846,
    0.9661017060279846,
    0.9703390002250671,
    0.9703390002250671,
    0.9703390002250671,
    0.9703390002250671,
    0.9661017060279846,
    0.9661017060279846,
    0.9703390002250671,
    0.9703390002250671,
    0.9703390002250671,
    0.9703390002250671,
    0.9703390002250671,
    0.9703390002250671
  ],
  "loss": [
    3.7081220149993896,
    1.0226768255233765,
    0.9011635184288025,
    0.8340522646903992,
    0.8223253488540649,
    0.7783461213111877,
    0.7563384175300598,
    0.6773583889007568,
    0.7040073871612549,
    0.6811726689338684,
    0.6684485077857971,
    0.5932790040969849,
    0.5363124012947083,
    0.508952796459198,
    0.47028565406799316,
    0.4888654053211212,
    0.6079177856445312,
    0.48070549964904785,
    0.42487627267837524,
    0.3922188878059387,
    0.4003230929374695,
    0.5225480794906616,
    0.38951575756073,
    0.47281503677368164,
    0.3561437427997589,
    0.37155449390411377,
    0.3613804280757904,
    0.3161664307117462,
    0.3519876003265381,
    0.336447536945343,
    0.31583914160728455,
    0.3115355670452118,
    0.30904340744018555,
    0.3069989085197449,
    0.2948549687862396,
    0.29949602484703064,
    0.3099881410598755,
    0.28474003076553345,
    0.27201274037361145,
    0.25921642780303955,
    0.2574908435344696,
    0.2839089334011078,
    0.25707921385765076,
    0.26452064514160156,
    0.24765580892562866,
    0.25509047508239746,
    0.250883549451828,
    0.25293344259262085,
    0.2407352328300476,
    0.23774641752243042
  ],
  "val_accuracy": [
    0.6440678238868713,
    0.7288135886192322,
    0.7627118825912476,
    0.8135592937469482,
    0.8305084705352783,
    0.7627118825912476,
    0.7796609997749329,
    0.8135592937469482,
    0.7796609997749329,
    0.7966101765632629,
    0.8305084705352783,
    0.8305084705352783,
    0.8135592937469482,
    0.8474576473236084,
    0.8474576473236084,
    0.8135592937469482,
    0.8305084705352783,
    0.8305084705352783,
    0.8474576473236084,
    0.8135592937469482,
    0.6271186470985413,
    0.8305084705352783,
    0.8474576473236084,
    0.8474576473236084,
    0.8813559412956238,
    0.8474576473236084,
    0.8644067645072937,
    0.8305084705352783,
    0.8813559412956238,
    0.8305084705352783,
    0.8474576473236084,
    0.8305084705352783,
    0.8135592937469482,
    0.8305084705352783,
    0.8644067645072937,
    0.8474576473236084,
    0.8474576473236084,
    0.8813559412956238,
    0.8474576473236084,
    0.8474576473236084,
    0.8474576473236084,
    0.8474576473236084,
    0.8474576473236084,
    0.8474576473236084,
    0.8305084705352783,
    0.8474576473236084,
    0.8305084705352783,
    0.8474576473236084,
    0.8474576473236084,
    0.8305084705352783
  ],
  "val_loss": [
    0.8876410126686096,
    0.8994536995887756,
    0.8713460564613342,
    0.794982373714447,
    0.7849810123443604,
    0.7459756731987,
    0.7192103862762451,
    0.681533694267273,
    0.7645554542541504,
    0.7054626941680908,
    0.6847557425498962,
    0.6763150691986084,
    0.6228605508804321,
    0.6036291718482971,
    0.6592422723770142,
    0.6676038503646851,
    0.6351746320724487,
    0.6796615123748779,
    0.6095222234725952,
    0.748407781124115,
    0.9509115815162659,
    0.6738891005516052,
    0.6956961750984192,
    0.6079447865486145,
    0.5831097364425659,
    0.713854193687439,
    0.6398232579231262,
    0.6695827841758728,
    0.7047288417816162,
    0.702575147151947,
    0.7094086408615112,
    0.7347320318222046,
    0.9247103333473206,
    0.8730055093765259,
    0.7560219168663025,
    0.741593599319458,
    0.6523522734642029,
    0.7073826193809509,
    0.741043210029602,
    0.7914484143257141,
    0.8437192440032959,
    0.8722451329231262,
    0.7894272804260254,
    0.7851650714874268,
    0.8481613993644714,
    0.8522374033927917,
    0.8867784142494202,
    0.850799560546875,
    0.7793470621109009,
    0.8649933338165283
  ]
}