{
  "accuracy": [
    0.6864407062530518,
    0.7245762944221497,
    0.741525411605835,
    0.8474576473236084,
    0.8262711763381958,
    0.8813559412956238,
    0.8940678238868713,
    0.8983050584793091,
    0.9279661178588867,
    0.9237288236618042,
    0.9279661178588867,
    0.9533898234367371,
    0.9364407062530518,
    0.9491525292396545,
    0.9322034120559692,
    0.9576271176338196,
    0.9406779408454895,
    0.9745762944221497,
    0.9618644118309021,
    0.9661017060279846,
    0.9576271176338196,
    0.9661017060279846,
    0.9703390002250671,
    0.9661017060279846,
    0.9661017060279846,
    0.9661017060279846,
    0.944915235042572,
    0.9745762944221497,
    0.9703390002250671,
    0.9618644118309021,
    0.9703390002250671,
    0.9661017060279846,
    0.9703390002250671,
    0.9618644118309021,
    0.9661017060279846,
    0.9703390002250671,
    0.9745762944221497,
    0.9661017060279846,
    0.9745762944221497,
    0.9703390002250671,
    0.9745762944221497,
    0.9703390002250671,
    0.9745762944221497,
    0.9745762944221497,
    0.9703390002250671,
    0.9745762944221497,
    0.9703390002250671,
    0.9703390002250671,
    0.9745762944221497,
    0.9745762944221497
  ],
  "loss": [
    7.01949405670166,
    2.7131481170654297,
    1.6398053169250488,
    0.8951947093009949,
    0.7411426901817322,
    0.6923795938491821,
    0.6527917981147766,
    0.6062130928039551,
    0.5567810535430908,
    0.5545547008514404,
    0.5279244780540466,
    0.48462042212486267,
    0.4761416018009186,
    0.4480034112930298,
    0.4566001296043396,
    0.4450783431529999,
    0.4506227970123291,
    0.4049617350101471,
    0.3898483216762543,
    0.39337867498397827,
    0.3879268169403076,
    0.37035471200942993,
    0.34519949555397034,
    0.3550303280353546,
    0.35234349966049194,
    0.3365141451358795,
    0.35770222544670105,
    0.3330370783805847,
    0.32506096363067627,
    0.31899362802505493,
    0.3024699091911316,
    0.30207353830337524,
    0.30229803919792175,
    0.3307972252368927,
    0.307587206363678,
    0.30043938755989075,
    0.28964534401893616,
    0.3007465898990631,
    0.2950580418109894,
    0.2758944630622864,
    0.27467837929725647,
    0.2756192088127136,
    0.2648303806781769,
    0.2541535496711731,
    0.2771802246570587,
    0.2613132894039154,
    0.2575749456882477,
    0.262734979391098,
    0.2464146465063095,
    0.2508966028690338
  ],
  "val_accuracy": [
    0.8474576473236084,
    0.7966101765632629,
    0.8135592937469482,
    0.8474576473236084,
    0.8644067645072937,
    0.8813559412956238,
    0.8644067645072937,
    0.8813559412956238,
    0.8644067645072937,
    0.8474576473236084,
    0.8135592937469482,
    0.8474576473236084,
    0.8305084705352783,
    0.8474576473236084,
    0.8474576473236084,
    0.8305084705352783,
    0.8305084705352783,
    0.8474576473236084,
    0.8474576473236084,
    0.8305084705352783,
    0.8474576473236084,
    0.8305084705352783,
    0.8305084705352783,
    0.8644067645072937,
    0.8305084705352783,
    0.8135592937469482,
    0.8474576473236084,
    0.8474576473236084,
    0.8305084705352783,
    0.8305084705352783,
    0.8135592937469482,
    0.8305084705352783,
    0.8305084705352783,
    0.8305084705352783,
    0.8305084705352783,
    0.8135592937469482,
    0.8305084705352783,
    0.8135592937469482,
    0.8305084705352783,
    0.8305084705352783,
    0.8305084705352783,
    0.7966101765632629,
    0.8305084705352783,
    0.8305084705352783,
    0.8474576473236084,
    0.8305084705352783,
    0.8305084705352783,
    0.8305084705352783,
    0.8305084705352783,
    0.8135592937469482
  ],
  "val_loss": [
    2.1204028129577637,
    1.224094271659851,
    0.9193514585494995,
    0.7897170186042786,
    0.7630996704101562,
    0.7483388185501099,
    0.731295645236969,
    0.7083641886711121,
    0.7361106276512146,
    0.6961962580680847,
    0.7151175737380981,
    0.6961138248443604,
    0.6682868599891663,
    0.6966707706451416,
    0.6475000977516174,
    0.7101746797561646,
    0.707077145576477,
    0.6813240647315979,
    0.6635730266571045,
    0.7181259989738464,
    0.6752468943595886,
    0.7088847160339355,
    0.7090467214584351,
    0.6643949151039124,
    0.6944966912269592,
    0.8074521422386169,
    0.5662307143211365,
    0.6029569506645203,
    0.6336267590522766,
    0.6263107061386108,
    0.6521475911140442,
    0.6225290894508362,
    0.6035182476043701,
    0.6038409471511841,
    0.5907648205757141,
    0.638459324836731,
    0.595237135887146,
    0.6384478211402893,
    0.6228888034820557,
    0.6742979288101196,
    0.6342946290969849,
    0.7231615781784058,
    0.6492441892623901,
    0.65162193775177,
    0.6104868650436401,
    0.6058304905891418,
    0.7043741345405579,
    0.6166478991508484,
    0.606763482093811,
    0.6180688738822937
  ]
}