{
  "accuracy": [
    0.6525423526763916,
    0.7796609997749329,
    0.7838982939720154,
    0.8474576473236084,
    0.8898305296897888,
    0.8686440587043762,
    0.8813559412956238,
    0.9152542352676392,
    0.9194915294647217,
    0.8686440587043762,
    0.944915235042572,
    0.9237288236618042,
    0.9533898234367371,
    0.9661017060279846,
    0.9703390002250671,
    0.9661017060279846,
    0.9745762944221497,
    0.9788135886192322,
    0.9830508232116699,
    0.9830508232116699,
    0.9872881174087524,
    0.991525411605835,
    0.9788135886192322,
    0.9872881174087524,
    0.9872881174087524,
    0.9788135886192322,
    0.9830508232116699,
    0.9872881174087524,
    0.9872881174087524,
    0.991525411605835,
    0.9703390002250671,
    0.991525411605835,
    0.9872881174087524,
    0.9661017060279846,
    0.991525411605835,
    0.9872881174087524,
    0.991525411605835,
    0.9830508232116699,
    0.9872881174087524,
    0.9957627058029175,
    0.9957627058029175,
    0.991525411605835,
    0.9830508232116699,
    0.9872881174087524,
    0.991525411605835,
    0.991525411605835,
    0.9957627058029175,
    0.991525411605835,
    0.9830508232116699,
    0.9872881174087524
  ],
  "loss": [
    5.110483169555664,
    1.3476452827453613,
    1.0144485235214233,
    0.833114743232727,
    0.69305819272995,
    0.6588510274887085,
    0.6214586496353149,
    0.5755139589309692,
    0.5631615519523621,
    0.6176738142967224,
    0.5132014751434326,
    0.5128625631332397,
    0.4543188512325287,
    0.437183141708374,
    0.4120831787586212,
    0.39120954275131226,
    0.36902353167533875,
    0.35683557391166687,
    0.33636441826820374,
    0.34567689895629883,
    0.3261767327785492,
    0.316226989030838,
    0.31582343578338623,
    0.28360211849212646,
    0.2697393298149109,
    0.3169357180595398,
    0.27517229318618774,
    0.26874321699142456,
    0.2653920352458954,
    0.25470101833343506,
    0.27404478192329407,
    0.26497548818588257,
    0.2630711793899536,
    0.3511517643928528,
    0.2743300199508667,
    0.2567657232284546,
    0.24953071773052216,
    0.2524450123310089,
    0.24638953804969788,
    0.22919610142707825,
    0.21967582404613495,
    0.2210901826620102,
    0.2165316492319107,
    0.20481885969638824,
    0.20885954797267914,
    0.221262127161026,
    0.2031828761100769,
    0.205367773771286,
    0.19441312551498413,
    0.21681305766105652
  ],
  "val_accuracy": [
    0.6779661178588867,
    0.7796609997749329,
    0.7118644118309021,
    0.7966101765632629,
    0.8813559412956238,
    0.8305084705352783,
    0.8305084705352783,
    0.8305084705352783,
    0.694915235042572,
    0.8305084705352783,
    0.7966101765632629,
    0.8135592937469482,
    0.8474576473236084,
    0.8474576473236084,
    0.7966101765632629,
    0.8135592937469482,
    0.8135592937469482,
    0.7796609997749329,
    0.7796609997749329,
    0.8135592937469482,
    0.8305084705352783,
    0.8305084705352783,
    0.8305084705352783,
    0.8305084705352783,
    0.8135592937469482,
    0.8305084705352783,
    0.8135592937469482,
    0.8135592937469482,
    0.8135592937469482,
    0.8135592937469482,
    0.8135592937469482,
    0.8135592937469482,
    0.7457627058029175,
    0.8305084705352783,
    0.7966101765632629,
    0.8135592937469482,
    0.8135592937469482,
    0.8305084705352783,
    0.8135592937469482,
    0.8305084705352783,
    0.8305084705352783,
    0.8305084705352783,
    0.8305084705352783,
    0.8305084705352783,
    0.8305084705352783,
    0.8305084705352783,
    0.8474576473236084,
    0.8474576473236084,
    0.8135592937469482,
    0.8474576473236084
  ],
  "val_loss": [
    6.870028018951416,
    3.317786693572998,
    1.8329728841781616,
    0.8840909600257874,
    0.7611802816390991,
    0.8258680105209351,
    0.7621760368347168,
    0.7500104904174805,
    1.3984425067901611,
    0.7611933350563049,
    0.792619526386261,
    0.753190279006958,
    0.9151507616043091,
    0.7921279668807983,
    0.7382067441940308,
    0.7978141903877258,
    0.7980536818504333,
    0.8562143445014954,
    0.906722903251648,
    0.794887363910675,
    0.8058088421821594,
    0.76809161901474,
    0.7917799949645996,
    0.8490004539489746,
    0.8126451969146729,
    0.8296115398406982,
    0.766230046749115,
    0.7914800047874451,
    0.7728199362754822,
    0.77693110704422,
    0.7638318538665771,
    0.6846333742141724,
    1.0371721982955933,
    0.7255484461784363,
    0.7275484800338745,
    0.7588437795639038,
    0.7859094738960266,
    0.8005412220954895,
    0.7999343276023865,
    0.7522024512290955,
    0.7432076334953308,
    0.7713547945022583,
    0.7613468766212463,
    0.7909034490585327,
    0.7634718418121338,
    0.6827417016029358,
    0.6896651983261108,
    0.7180411219596863,
    0.8522862195968628,
    0.682587206363678
  ]
}