{
  "accuracy": [
    0.375,
    0.75,
    0.625,
    0.625,
    0.75,
    1.0,
    0.625,
    1.0,
    0.625,
    0.875,
    0.875,
    0.875,
    0.875,
    0.75,
    0.875,
    0.75,
    0.875,
    0.875,
    0.75,
    0.875,
    0.875,
    0.875,
    0.75,
    0.875,
    1.0,
    0.875,
    0.875,
    0.875,
    0.875,
    0.875,
    0.875,
    0.875,
    0.875,
    0.875,
    0.875,
    0.875,
    0.875,
    0.875,
    0.875,
    0.875,
    0.875,
    0.875,
    0.875,
    0.875,
    0.875,
    0.875,
    0.875,
    0.875,
    0.875,
    0.875
  ],
  "loss": [
    1.2179054021835327,
    6.246338367462158,
    8.892894744873047,
    8.245150566101074,
    1.656417965888977,
    0.2519854009151459,
    2.1470766067504883,
    0.33128422498703003,
    1.0502381324768066,
    0.6185788512229919,
    1.0386700630187988,
    0.9682522416114807,
    0.6997846364974976,
    0.5824220776557922,
    0.6131237149238586,
    0.7375893592834473,
    0.5918830633163452,
    0.7129635810852051,
    0.6507384777069092,
    0.5314112901687622,
    0.7539029717445374,
    0.598591148853302,
    0.7056828141212463,
    0.7032209634780884,
    0.5574120879173279,
    0.565860390663147,
    0.7368412613868713,
    0.5314764380455017,
    0.6423414349555969,
    0.7231603264808655,
    0.7454608678817749,
    0.6360270380973816,
    0.6474629044532776,
    0.6389672160148621,
    0.642157256603241,
    0.6570165157318115,
    0.5737221240997314,
    0.5598602890968323,
    0.6817547678947449,
    0.7029181718826294,
    0.6858854293823242,
    0.6120653748512268,
    0.6231989860534668,
    0.5647897720336914,
    0.5561044216156006,
    0.7070443630218506,
    0.6233142018318176,
    0.593855082988739,
    0.6472646594047546,
    0.656603991985321
  ],
  "val_accuracy": [
    1.0,
    0.5,
    0.5,
    0.5,
    1.0,
    0.5,
    1.0,
    1.0,
    1.0,
    1.0,
    1.0,
    1.0,
    1.0,
    1.0,
    1.0,
    1.0,
    1.0,
    0.5,
    0.5,
    0.5,
    1.0,
    1.0,
    1.0,
    1.0,
    1.0,
    1.0,
    1.0,
    1.0,
    1.0,
    1.0,
    1.0,
    1.0,
    1.0,
    1.0,
    1.0,
    1.0,
    1.0,
    1.0,
    1.0,
    1.0,
    1.0,
    1.0,
    1.0,
    1.0,
    1.0,
    1.0,
    1.0,
    1.0,
    1.0,
    1.0
  ],
  "val_loss": [
    0.29130274057388306,
    1.8989001512527466,
    4.876735210418701,
    1.6366709470748901,
    0.43578487634658813,
    0.8260375261306763,
    0.51472008228302,
    0.43592795729637146,
    0.47533902525901794,
    0.3561555743217468,
    0.3596302568912506,
    0.4071477949619293,
    0.4946123957633972,
    0.551428496837616,
    0.5910728573799133,
    0.6379203796386719,
    0.7360327839851379,
    0.8398115038871765,
    0.8397818207740784,
    0.812227725982666,
    0.7555673718452454,
    0.7050016522407532,
    0.6775997281074524,
    0.6474816203117371,
    0.6090484857559204,
    0.5687048435211182,
    0.5651922225952148,
    0.5485399961471558,
    0.5364023447036743,
    0.547221302986145,
    0.5625911951065063,
    0.5583629608154297,
    0.5524168610572815,
    0.5458840727806091,
    0.535346269607544,
    0.5225561261177063,
    0.5033469796180725,
    0.47864487767219543,
    0.4658556878566742,
    0.46463894844055176,
    0.46929362416267395,
    0.4737720787525177,
    0.47811827063560486,
    0.47928386926651,
    0.4786650240421295,
    0.49105530977249146,
    0.5097508430480957,
    0.5357751250267029,
    0.5341442227363586,
    0.5353055596351624
  ]
}