{
  "accuracy": [
    0.625,
    0.625,
    0.875,
    0.75,
    0.875,
    0.75,
    0.5,
    0.75,
    0.625,
    0.75,
    0.25,
    0.75,
    0.75,
    0.75,
    0.75,
    0.75,
    0.75,
    0.625,
    0.75,
    0.5,
    0.75,
    0.875,
    0.75,
    0.75,
    0.875,
    0.75,
    0.875,
    0.875,
    1.0,
    0.875,
    0.75,
    0.875,
    0.75,
    0.875,
    0.875,
    0.75,
    0.75,
    0.875,
    0.875,
    0.875,
    0.875,
    0.875,
    0.875,
    0.875,
    0.875,
    0.875,
    0.875,
    0.875,
    0.875,
    0.875
  ],
  "loss": [
    0.9029359221458435,
    18.955318450927734,
    9.06790542602539,
    7.911298751831055,
    4.572821617126465,
    5.106916904449463,
    10.993204116821289,
    12.821328163146973,
    15.105175018310547,
    4.095012187957764,
    10.248247146606445,
    3.89682674407959,
    3.642812967300415,
    2.289546251296997,
    2.504775047302246,
    2.198442220687866,
    1.1274234056472778,
    1.0440537929534912,
    2.6196515560150146,
    1.6471688747406006,
    0.7690695524215698,
    0.9052647948265076,
    1.9929661750793457,
    1.8669761419296265,
    0.9555920362472534,
    1.194731593132019,
    1.3557885885238647,
    0.5717036128044128,
    0.4154609143733978,
    0.5417814254760742,
    1.0188647508621216,
    0.6859952211380005,
    0.6867501139640808,
    0.6585145592689514,
    0.6128905415534973,
    0.7110248804092407,
    0.7024324536323547,
    0.7068184018135071,
    0.6407195925712585,
    0.6147386431694031,
    0.7595010995864868,
    0.635511577129364,
    0.7716856598854065,
    0.6249565482139587,
    0.6590543985366821,
    0.6984702348709106,
    0.6213474273681641,
    0.6259738802909851,
    0.698973536491394,
    0.6640880107879639
  ],
  "val_accuracy": [
    0.5,
    0.5,
    1.0,
    1.0,
    1.0,
    0.5,
    0.5,
    0.5,
    0.5,
    0.5,
    0.5,
    0.5,
    0.5,
    1.0,
    1.0,
    1.0,
    0.5,
    0.5,
    0.5,
    1.0,
    1.0,
    1.0,
    1.0,
    1.0,
    1.0,
    1.0,
    1.0,
    1.0,
    1.0,
    1.0,
    1.0,
    1.0,
    1.0,
    1.0,
    1.0,
    1.0,
    1.0,
    1.0,
    1.0,
    1.0,
    1.0,
    1.0,
    1.0,
    1.0,
    1.0,
    1.0,
    1.0,
    1.0,
    1.0,
    1.0
  ],
  "val_loss": [
    13.492914199829102,
    4.117446422576904,
    0.25924021005630493,
    0.2511897385120392,
    0.24734970927238464,
    6.256397247314453,
    4.937411785125732,
    1.2552802562713623,
    1.0475667715072632,
    4.119510173797607,
    4.620988845825195,
    3.457334280014038,
    1.2650959491729736,
    0.29684901237487793,
    0.29704761505126953,
    0.4043330252170563,
    0.911551833152771,
    0.9301007986068726,
    0.7438235282897949,
    0.4590982496738434,
    0.37254512310028076,
    0.3566105365753174,
    0.3506626784801483,
    0.3563801348209381,
    0.3694547116756439,
    0.38180461525917053,
    0.39591866731643677,
    0.41413065791130066,
    0.4312435984611511,
    0.4519977867603302,
    0.4735952913761139,
    0.4976101517677307,
    0.5219115614891052,
    0.5378113985061646,
    0.5515029430389404,
    0.5611949563026428,
    0.5712133049964905,
    0.5814130902290344,
    0.5785128474235535,
    0.5741981267929077,
    0.5704064965248108,
    0.5654093623161316,
    0.5622178316116333,
    0.5589646100997925,
    0.555232584476471,
    0.5520925521850586,
    0.5493353605270386,
    0.5464752912521362,
    0.5449750423431396,
    0.543038010597229
  ]
}