{
  "accuracy": [
    0.694915235042572,
    0.6398305296897888,
    0.7796609997749329,
    0.8516949415206909,
    0.8601694703102112,
    0.8516949415206909,
    0.8728813529014587,
    0.8813559412956238,
    0.8855932354927063,
    0.9110169410705566,
    0.9152542352676392,
    0.9110169410705566,
    0.9322034120559692,
    0.9194915294647217,
    0.9491525292396545,
    0.9491525292396545,
    0.944915235042572,
    0.9618644118309021,
    0.944915235042572,
    0.9618644118309021,
    0.9661017060279846,
    0.9576271176338196,
    0.9618644118309021,
    0.9703390002250671,
    0.9661017060279846,
    0.9576271176338196,
    0.9745762944221497,
    0.9661017060279846,
    0.9661017060279846,
    0.9745762944221497,
    0.9618644118309021,
    0.9661017060279846,
    0.9745762944221497,
    0.9745762944221497,
    0.9661017060279846,
    0.9745762944221497,
    0.9745762944221497,
    0.9745762944221497,
    0.9703390002250671,
    0.9745762944221497,
    0.9661017060279846,
    0.9661017060279846,
    0.9661017060279846,
    0.9745762944221497,
    0.9745762944221497,
    0.9745762944221497,
    0.9576271176338196,
    0.9661017060279846,
    0.9745762944221497,
    0.9745762944221497
  ],
  "loss": [
    3.8714072704315186,
    2.011566162109375,
    0.9341151714324951,
    0.7334564924240112,
    0.6441172957420349,
    0.6395456790924072,
    0.5861759781837463,
    0.5765504837036133,
    0.564937174320221,
    0.5452916026115417,
    0.5287980437278748,
    0.4983406364917755,
    0.4982714354991913,
    0.4677911400794983,
    0.4380445182323456,
    0.4532898962497711,
    0.4207472801208496,
    0.405921995639801,
    0.41693246364593506,
    0.3774318993091583,
    0.37585580348968506,
    0.3911590576171875,
    0.3471817076206207,
    0.34733036160469055,
    0.3605339825153351,
    0.36696431040763855,
    0.33263829350471497,
    0.3309219479560852,
    0.30909696221351624,
    0.32619717717170715,
    0.33481383323669434,
    0.30287691950798035,
    0.30471673607826233,
    0.30477631092071533,
    0.32374823093414307,
    0.30023717880249023,
    0.29515570402145386,
    0.2815554141998291,
    0.28590965270996094,
    0.28656288981437683,
    0.32449084520339966,
    0.3093261420726776,
    0.30176621675491333,
    0.2930091619491577,
    0.28218886256217957,
    0.2764260768890381,
    0.29480066895484924,
    0.2906864285469055,
    0.2745112478733063,
    0.26313814520835876
  ],
  "val_accuracy": [
    0.7118644118309021,
    0.7966101765632629,
    0.7966101765632629,
    0.8474576473236084,
    0.7627118825912476,
    0.8305084705352783,
    0.8474576473236084,
    0.7796609997749329,
    0.8135592937469482,
    0.8474576473236084,
    0.8644067645072937,
    0.8305084705352783,
    0.7966101765632629,
    0.8135592937469482,
    0.7966101765632629,
    0.8305084705352783,
    0.8305084705352783,
    0.8474576473236084,
    0.8474576473236084,
    0.8135592937469482,
    0.8474576473236084,
    0.8305084705352783,
    0.8305084705352783,
    0.8305084705352783,
    0.8305084705352783,
    0.8135592937469482,
    0.8305084705352783,
    0.8305084705352783,
    0.8305084705352783,
    0.8305084705352783,
    0.8305084705352783,
    0.8474576473236084,
    0.8305084705352783,
    0.8305084705352783,
    0.8474576473236084,
    0.8305084705352783,
    0.8305084705352783,
    0.8135592937469482,
    0.8305084705352783,
    0.8305084705352783,
    0.8305084705352783,
    0.8305084705352783,
    0.8305084705352783,
    0.8305084705352783,
    0.8474576473236084,
    0.8474576473236084,
    0.8305084705352783,
    0.8305084705352783,
    0.8474576473236084,
    0.8305084705352783
  ],
  "val_loss": [
    0.9591711759567261,
    0.7420717477798462,
    0.7181016206741333,
    0.7431490421295166,
    0.7353704571723938,
    0.7280257940292358,
    0.6795580387115479,
    0.7094883322715759,
    0.7195190787315369,
    0.6624082326889038,
    0.6855605244636536,
    0.6890971064567566,
    0.6940855979919434,
    0.6899062395095825,
    0.6974130272865295,
    0.6768971085548401,
    0.6917230486869812,
    0.65914386510849,
    0.6394479274749756,
    0.6680882573127747,
    0.6944363117218018,
    0.6938557028770447,
    0.69374018907547,
    0.6770021319389343,
    0.6772958636283875,
    0.7317342758178711,
    0.6602807641029358,
    0.6652336716651917,
    0.6808438301086426,
    0.733967125415802,
    0.6901670694351196,
    0.7021284103393555,
    0.6333422660827637,
    0.6497836709022522,
    0.6869919896125793,
    0.627683162689209,
    0.6517239809036255,
    0.7293981909751892,
    0.6701443791389465,
    0.6577222943305969,
    0.6619696021080017,
    0.6817595362663269,
    0.675736129283905,
    0.6556307673454285,
    0.678839921951294,
    0.7027112245559692,
    0.7094353437423706,
    0.696273922920227,
    0.7240891456604004,
    0.7182033061981201
  ]
}