{
  "accuracy": [
    0.5889830589294434,
    0.6864407062530518,
    0.7838982939720154,
    0.8220338821411133,
    0.8559321761131287,
    0.8771186470985413,
    0.8686440587043762,
    0.8855932354927063,
    0.9067796468734741,
    0.9110169410705566,
    0.9067796468734741,
    0.9110169410705566,
    0.9364407062530518,
    0.9322034120559692,
    0.9406779408454895,
    0.944915235042572,
    0.9576271176338196,
    0.9279661178588867,
    0.944915235042572,
    0.9364407062530518,
    0.9661017060279846,
    0.9533898234367371,
    0.9703390002250671,
    0.9703390002250671,
    0.9618644118309021,
    0.9703390002250671,
    0.9745762944221497,
    0.9745762944221497,
    0.9661017060279846,
    0.9703390002250671,
    0.9745762944221497,
    0.9703390002250671,
    0.9661017060279846,
    0.9703390002250671,
    0.9703390002250671,
    0.9703390002250671,
    0.9703390002250671,
    0.9745762944221497,
    0.9661017060279846,
    0.9661017060279846,
    0.9703390002250671,
    0.9745762944221497,
    0.9745762944221497,
    0.9745762944221497,
    0.9703390002250671,
    0.9618644118309021,
    0.9533898234367371,
    0.9703390002250671,
    0.9745762944221497,
    0.9745762944221497
  ],
  "loss": [
    6.161736488342285,
    1.4510586261749268,
    0.8747055530548096,
    0.835647702217102,
    0.8173201084136963,
    0.7405837774276733,
    0.6846404075622559,
    0.6377381086349487,
    0.6039239168167114,
    0.605756402015686,
    0.5657196640968323,
    0.5508114695549011,
    0.5368901491165161,
    0.48911505937576294,
    0.4800321161746979,
    0.45281898975372314,
    0.42823997139930725,
    0.4485507607460022,
    0.4354488253593445,
    0.4751117527484894,
    0.39130422472953796,
    0.36396098136901855,
    0.337338924407959,
    0.35164153575897217,
    0.3527053892612457,
    0.32456082105636597,
    0.3235318064689636,
    0.30809977650642395,
    0.33061474561691284,
    0.32084155082702637,
    0.30735114216804504,
    0.3269743323326111,
    0.3049757480621338,
    0.3021053969860077,
    0.30204087495803833,
    0.27984243631362915,
    0.2812379002571106,
    0.28245702385902405,
    0.3162004053592682,
    0.2965061664581299,
    0.27919885516166687,
    0.2634941041469574,
    0.27844589948654175,
    0.28114715218544006,
    0.26664310693740845,
    0.29561612010002136,
    0.2880963981151581,
    0.26160842180252075,
    0.25392699241638184,
    0.24967052042484283
  ],
  "val_accuracy": [
    0.7288135886192322,
    0.8305084705352783,
    0.7627118825912476,
    0.7966101765632629,
    0.8644067645072937,
    0.8644067645072937,
    0.8644067645072937,
    0.8474576473236084,
    0.8474576473236084,
    0.8474576473236084,
    0.8474576473236084,
    0.8644067645072937,
    0.8305084705352783,
    0.7966101765632629,
    0.8474576473236084,
    0.8474576473236084,
    0.8644067645072937,
    0.8474576473236084,
    0.8135592937469482,
    0.8474576473236084,
    0.8644067645072937,
    0.8474576473236084,
    0.8644067645072937,
    0.8474576473236084,
    0.8474576473236084,
    0.8305084705352783,
    0.8474576473236084,
    0.8644067645072937,
    0.8644067645072937,
    0.8474576473236084,
    0.8474576473236084,
    0.8305084705352783,
    0.8474576473236084,
    0.8474576473236084,
    0.8474576473236084,
    0.8644067645072937,
    0.8305084705352783,
    0.8474576473236084,
    0.8474576473236084,
    0.8474576473236084,
    0.8305084705352783,
    0.8813559412956238,
    0.8644067645072937,
    0.8474576473236084,
    0.8305084705352783,
    0.8135592937469482,
    0.8305084705352783,
    0.8305084705352783,
    0.8305084705352783,
    0.8135592937469482
  ],
  "val_loss": [
    1.037575364112854,
    0.8684401512145996,
    0.8589282035827637,
    0.8592305183410645,
    0.8125321865081787,
    0.7340071797370911,
    0.7358062863349915,
    0.7609541416168213,
    0.7039090991020203,
    0.770127534866333,
    0.7416720390319824,
    0.7191756963729858,
    0.7645161747932434,
    0.8351128697395325,
    0.7946891188621521,
    0.750244140625,
    0.7825008034706116,
    0.6828790307044983,
    0.7039753794670105,
    0.7574483752250671,
    0.7028288841247559,
    0.7156533598899841,
    0.7153462767601013,
    0.7611616849899292,
    0.7365702986717224,
    0.7312836647033691,
    0.7013533115386963,
    0.7029429078102112,
    0.7228339314460754,
    0.7199362516403198,
    0.6556298136711121,
    0.6834834218025208,
    0.6556501388549805,
    0.7327236533164978,
    0.7013896107673645,
    0.6409522891044617,
    0.6721871495246887,
    0.6759305000305176,
    0.6568697690963745,
    0.7139669060707092,
    0.7633101940155029,
    0.7259600162506104,
    0.6839582920074463,
    0.6922144889831543,
    0.9599257707595825,
    0.6408941745758057,
    0.6563867926597595,
    0.7229063510894775,
    0.7601417899131775,
    0.8576493859291077
  ]
}