{
  "accuracy": [
    0.25,
    0.75,
    0.75,
    0.625,
    0.75,
    0.75,
    0.625,
    0.75,
    0.875,
    0.75,
    0.75,
    0.375,
    0.625,
    0.875,
    0.875,
    0.875,
    0.875,
    0.875,
    0.875,
    0.875,
    0.875,
    0.875,
    0.875,
    0.875,
    0.875,
    0.875,
    0.875,
    0.875,
    0.875,
    0.875,
    0.875,
    1.0,
    0.875,
    0.875,
    0.875,
    0.875,
    0.875,
    0.75,
    0.75,
    0.875,
    0.75,
    0.875,
    0.75,
    0.75,
    0.875,
    0.75,
    0.875,
    0.875,
    0.875,
    0.875
  ],
  "loss": [
    2.3072197437286377,
    20.676382064819336,
    26.318967819213867,
    22.62742042541504,
    12.45458984375,
    11.964903831481934,
    9.475310325622559,
    6.151679515838623,
    6.851266860961914,
    5.764746189117432,
    1.3781154155731201,
    4.703862190246582,
    1.8694298267364502,
    0.5072512626647949,
    0.7219624519348145,
    0.5723944306373596,
    0.7397279739379883,
    0.6197149753570557,
    0.7502127885818481,
    0.6432657241821289,
    0.7762944102287292,
    0.7309551239013672,
    0.697035551071167,
    0.6782945990562439,
    0.696024477481842,
    0.7015107870101929,
    0.6598060727119446,
    0.6726568341255188,
    0.5823454856872559,
    0.6610270142555237,
    0.8847887516021729,
    0.5605281591415405,
    0.8134806156158447,
    0.6034266352653503,
    0.6946698427200317,
    0.6517657041549683,
    0.7241467237472534,
    0.6772477030754089,
    0.7656798362731934,
    0.5528900623321533,
    0.8738307356834412,
    0.8467562794685364,
    0.6025269031524658,
    0.6585071682929993,
    0.6396987438201904,
    0.6520401835441589,
    0.6218910217285156,
    0.6382232904434204,
    0.6531592607498169,
    0.6941664814949036
  ],
  "val_accuracy": [
    0.5,
    1.0,
    1.0,
    1.0,
    0.5,
    0.5,
    0.5,
    0.5,
    1.0,
    1.0,
    0.5,
    0.5,
    1.0,
    1.0,
    1.0,
    1.0,
    1.0,
    1.0,
    1.0,
    1.0,
    1.0,
    1.0,
    1.0,
    1.0,
    1.0,
    1.0,
    1.0,
    1.0,
    1.0,
    1.0,
    1.0,
    1.0,
    1.0,
    1.0,
    1.0,
    1.0,
    1.0,
    1.0,
    1.0,
    1.0,
    1.0,
    1.0,
    1.0,
    1.0,
    1.0,
    1.0,
    1.0,
    1.0,
    1.0,
    1.0
  ],
  "val_loss": [
    1.55512535572052,
    0.2754422128200531,
    0.2653002440929413,
    0.32500046491622925,
    2.761927366256714,
    3.6269614696502686,
    2.4179813861846924,
    0.8703191876411438,
    0.3229387104511261,
    0.3329916000366211,
    1.5309139490127563,
    0.8999534249305725,
    0.46105077862739563,
    0.4204658269882202,
    0.4232683479785919,
    0.4084489047527313,
    0.4204444885253906,
    0.43997618556022644,
    0.4713864326477051,
    0.5016120076179504,
    0.5365486741065979,
    0.5714460611343384,
    0.5979155898094177,
    0.6278694868087769,
    0.624957799911499,
    0.5792883038520813,
    0.4923597276210785,
    0.4516216218471527,
    0.4248577654361725,
    0.436066210269928,
    0.4993876814842224,
    0.5381829738616943,
    0.6022257804870605,
    0.6108888983726501,
    0.5950729250907898,
    0.5476659536361694,
    0.5147265791893005,
    0.48124000430107117,
    0.4658759534358978,
    0.45057711005210876,
    0.4554610550403595,
    0.4810863733291626,
    0.508853554725647,
    0.5412904024124146,
    0.5651376843452454,
    0.5681183338165283,
    0.539978563785553,
    0.4985595941543579,
    0.4976731836795807,
    0.5436684489250183
  ]
}