{
  "accuracy": [
    0.6016949415206909,
    0.7372881174087524,
    0.7923728823661804,
    0.8220338821411133,
    0.805084764957428,
    0.8771186470985413,
    0.8432203531265259,
    0.8855932354927063,
    0.8644067645072937,
    0.9067796468734741,
    0.9194915294647217,
    0.9025423526763916,
    0.9279661178588867,
    0.9491525292396545,
    0.9364407062530518,
    0.9576271176338196,
    0.9576271176338196,
    0.9576271176338196,
    0.944915235042572,
    0.9576271176338196,
    0.9745762944221497,
    0.9703390002250671,
    0.9618644118309021,
    0.9703390002250671,
    0.9745762944221497,
    0.9745762944221497,
    0.9703390002250671,
    0.9703390002250671,
    0.9745762944221497,
    0.9703390002250671,
    0.9745762944221497,
    0.9703390002250671,
    0.9703390002250671,
    0.9745762944221497,
    0.9745762944221497,
    0.9745762944221497,
    0.9745762944221497,
    0.9745762944221497,
    0.9745762944221497,
    0.9745762944221497,
    0.9745762944221497,
    0.9703390002250671,
    0.9703390002250671,
    0.9533898234367371,
    0.9406779408454895,
    0.9703390002250671,
    0.9322034120559692,
    0.9661017060279846,
    0.9533898234367371,
    0.9533898234367371
  ],
  "loss": [
    4.655470371246338,
    1.2545506954193115,
    0.9336992502212524,
    0.8379340767860413,
    0.9130899906158447,
    0.7275329232215881,
    0.7163114547729492,
    0.6243249177932739,
    0.6191772222518921,
    0.5565735101699829,
    0.5162085890769958,
    0.49988481402397156,
    0.4645434617996216,
    0.42935648560523987,
    0.4125271737575531,
    0.3982296586036682,
    0.3828228712081909,
    0.37792038917541504,
    0.37521278858184814,
    0.3563177287578583,
    0.3460128903388977,
    0.3428707420825958,
    0.35890570282936096,
    0.3128340244293213,
    0.2956535220146179,
    0.28646621108055115,
    0.29516395926475525,
    0.277022123336792,
    0.28570911288261414,
    0.26607441902160645,
    0.26633208990097046,
    0.25820720195770264,
    0.2582946717739105,
    0.25570380687713623,
    0.24883385002613068,
    0.24714694917201996,
    0.23221001029014587,
    0.26605498790740967,
    0.23363415896892548,
    0.24162094295024872,
    0.2165222018957138,
    0.23677009344100952,
    0.2849969267845154,
    0.2797337472438812,
    0.28982701897621155,
    0.26263391971588135,
    0.3311398923397064,
    0.2550642490386963,
    0.2722000777721405,
    0.2840304970741272
  ],
  "val_accuracy": [
    0.7627118825912476,
    0.7627118825912476,
    0.8474576473236084,
    0.7966101765632629,
    0.8305084705352783,
    0.8474576473236084,
    0.8813559412956238,
    0.8474576473236084,
    0.8644067645072937,
    0.8644067645072937,
    0.8644067645072937,
    0.8474576473236084,
    0.8644067645072937,
    0.8305084705352783,
    0.8305084705352783,
    0.8135592937469482,
    0.7796609997749329,
    0.7966101765632629,
    0.8474576473236084,
    0.8305084705352783,
    0.8305084705352783,
    0.8305084705352783,
    0.8305084705352783,
    0.8305084705352783,
    0.8135592937469482,
    0.8135592937469482,
    0.8305084705352783,
    0.8135592937469482,
    0.8135592937469482,
    0.8135592937469482,
    0.8135592937469482,
    0.8135592937469482,
    0.8305084705352783,
    0.8135592937469482,
    0.8135592937469482,
    0.8305084705352783,
    0.8305084705352783,
    0.8305084705352783,
    0.7796609997749329,
    0.8305084705352783,
    0.8305084705352783,
    0.8305084705352783,
    0.694915235042572,
    0.7966101765632629,
    0.8135592937469482,
    0.7627118825912476,
    0.7796609997749329,
    0.8135592937469482,
    0.7627118825912476,
    0.8305084705352783
  ],
  "val_loss": [
    0.9598401784896851,
    0.9425610303878784,
    0.9042364358901978,
    0.8081583380699158,
    0.7342547178268433,
    0.7646399736404419,
    0.7127763032913208,
    0.7229668498039246,
    0.6795107126235962,
    0.7458152174949646,
    0.7624894380569458,
    0.6906883120536804,
    0.7080186605453491,
    0.7328413724899292,
    0.7787651419639587,
    0.6925202012062073,
    0.9415028095245361,
    0.6699591279029846,
    0.8694747090339661,
    0.7481771111488342,
    0.8034214377403259,
    0.867870032787323,
    0.7248843312263489,
    0.7974841594696045,
    0.8505069017410278,
    0.9006849527359009,
    0.9157839417457581,
    0.8848861455917358,
    0.8882394433021545,
    0.9336249232292175,
    1.0219308137893677,
    1.0293399095535278,
    0.9917445778846741,
    0.9345688223838806,
    0.8881833553314209,
    0.9267156720161438,
    0.8988142013549805,
    0.907818615436554,
    0.9318678975105286,
    0.8773995041847229,
    0.9027014374732971,
    0.9711408615112305,
    0.8034324645996094,
    1.025763988494873,
    0.7595076560974121,
    0.7321667671203613,
    0.8314902186393738,
    1.095386266708374,
    1.07026207447052,
    0.8581469058990479
  ]
}