{
  "Random Forest": {
    "best_params": {
      "model__class_weight": null,
      "model__max_depth": null,
      "model__min_samples_leaf": 1,
      "model__n_estimators": 400
    },
    "best_cv_f1": 0.7715303215303215,
    "threshold_val_f1": 0.5475,
    "val_metrics_default_0_5": {
      "accuracy": 0.8135593220338984,
      "precision": 0.7727272727272727,
      "recall": 0.7391304347826086,
      "f1": 0.7555555555555555,
      "balanced_accuracy": 0.8001207729468599,
      "roc_auc": 0.8007246376811594,
      "pr_auc": 0.7155605601694554
    },
    "val_metrics_tuned": {
      "accuracy": 0.8305084745762712,
      "precision": 0.8095238095238095,
      "recall": 0.7391304347826086,
      "f1": 0.7727272727272727,
      "balanced_accuracy": 0.8140096618357487,
      "roc_auc": 0.8007246376811594,
      "pr_auc": 0.7155605601694554
    },
    "test_metrics_tuned": {
      "accuracy": 0.847457627118644,
      "precision": 0.8888888888888888,
      "recall": 0.6956521739130435,
      "f1": 0.7804878048780488,
      "balanced_accuracy": 0.8200483091787439,
      "roc_auc": 0.9299516908212561,
      "pr_auc": 0.893054859050576
    },
    "confusion_matrix_test": [
      [
        34,
        2
      ],
      [
        7,
        16
      ]
    ]
  },
  "SVM": {
    "best_params": {
      "model__C": 0.01,
      "model__class_weight": null,
      "model__kernel": "linear"
    },
    "best_cv_f1": 0.7462962962962962,
    "threshold_val_f1": 0.4790881681012532,
    "val_metrics_default_0_5": {
      "accuracy": 0.7966101694915254,
      "precision": 0.7391304347826086,
      "recall": 0.7391304347826086,
      "f1": 0.7391304347826086,
      "balanced_accuracy": 0.786231884057971,
      "roc_auc": 0.7916666666666667,
      "pr_auc": 0.7560494035299732
    },
    "val_metrics_tuned": {
      "accuracy": 0.8135593220338984,
      "precision": 0.75,
      "recall": 0.782608695652174,
      "f1": 0.7659574468085106,
      "balanced_accuracy": 0.8079710144927537,
      "roc_auc": 0.7916666666666667,
      "pr_auc": 0.7560494035299732
    },
    "test_metrics_tuned": {
      "accuracy": 0.8813559322033898,
      "precision": 0.8333333333333334,
      "recall": 0.8695652173913043,
      "f1": 0.851063829787234,
      "balanced_accuracy": 0.8792270531400965,
      "roc_auc": 0.8834541062801933,
      "pr_auc": 0.8235243578156486
    },
    "confusion_matrix_test": [
      [
        32,
        4
      ],
      [
        3,
        20
      ]
    ]
  },
  "Regressao Logistica": {
    "best_params": {
      "model__C": 1,
      "model__class_weight": null,
      "model__penalty": "l1"
    },
    "best_cv_f1": 0.7983160358160357,
    "threshold_val_f1": 0.688449261115313,
    "val_metrics_default_0_5": {
      "accuracy": 0.7627118644067796,
      "precision": 0.6956521739130435,
      "recall": 0.6956521739130435,
      "f1": 0.6956521739130435,
      "balanced_accuracy": 0.7506038647342995,
      "roc_auc": 0.8109903381642511,
      "pr_auc": 0.7701383519542278
    },
    "val_metrics_tuned": {
      "accuracy": 0.8135593220338984,
      "precision": 0.8,
      "recall": 0.6956521739130435,
      "f1": 0.7441860465116279,
      "balanced_accuracy": 0.7922705314009661,
      "roc_auc": 0.8109903381642511,
      "pr_auc": 0.7701383519542278
    },
    "test_metrics_tuned": {
      "accuracy": 0.864406779661017,
      "precision": 0.8571428571428571,
      "recall": 0.782608695652174,
      "f1": 0.8181818181818182,
      "balanced_accuracy": 0.8496376811594203,
      "roc_auc": 0.9293478260869565,
      "pr_auc": 0.8489457116204089
    },
    "confusion_matrix_test": [
      [
        33,
        3
      ],
      [
        5,
        18
      ]
    ]
  }
}