{
  "accuracy": [
    0.6610169410705566,
    0.75,
    0.758474588394165,
    0.7627118825912476,
    0.8305084705352783,
    0.8432203531265259,
    0.8728813529014587,
    0.8855932354927063,
    0.9025423526763916,
    0.9110169410705566,
    0.9152542352676392,
    0.9279661178588867,
    0.9237288236618042,
    0.944915235042572,
    0.9406779408454895,
    0.9618644118309021,
    0.9491525292396545,
    0.9576271176338196,
    0.9661017060279846,
    0.9533898234367371,
    0.9661017060279846,
    0.9661017060279846,
    0.9661017060279846,
    0.9703390002250671,
    0.9703390002250671,
    0.9618644118309021,
    0.9661017060279846,
    0.9745762944221497,
    0.9703390002250671,
    0.9576271176338196,
    0.9661017060279846,
    0.9745762944221497,
    0.9703390002250671,
    0.9703390002250671,
    0.9745762944221497,
    0.9703390002250671,
    0.9745762944221497,
    0.9745762944221497,
    0.9703390002250671,
    0.9703390002250671,
    0.9745762944221497,
    0.9703390002250671,
    0.9745762944221497,
    0.9703390002250671,
    0.9661017060279846,
    0.9703390002250671,
    0.9703390002250671,
    0.9745762944221497,
    0.9745762944221497,
    0.9745762944221497
  ],
  "loss": [
    4.224416255950928,
    1.6112921237945557,
    1.0342737436294556,
    0.8149328827857971,
    0.699020504951477,
    0.6303986310958862,
    0.6652432680130005,
    0.6239888072013855,
    0.596142053604126,
    0.5460166931152344,
    0.5216341614723206,
    0.45381519198417664,
    0.501567006111145,
    0.45448318123817444,
    0.42786505818367004,
    0.41625285148620605,
    0.41659727692604065,
    0.38291335105895996,
    0.4244774878025055,
    0.3826359212398529,
    0.39894410967826843,
    0.3615564703941345,
    0.35235142707824707,
    0.34340760111808777,
    0.33758339285850525,
    0.36432069540023804,
    0.3376334011554718,
    0.34094130992889404,
    0.31756922602653503,
    0.3494182527065277,
    0.3229968845844269,
    0.31146788597106934,
    0.31636062264442444,
    0.3164469599723816,
    0.30711302161216736,
    0.29728803038597107,
    0.3022899627685547,
    0.2926814556121826,
    0.29127731919288635,
    0.2897985875606537,
    0.29450637102127075,
    0.29079705476760864,
    0.2873275578022003,
    0.2882367670536041,
    0.29696813225746155,
    0.2739158570766449,
    0.27847322821617126,
    0.26565179228782654,
    0.25362929701805115,
    0.26508858799934387
  ],
  "val_accuracy": [
    0.7796609997749329,
    0.7796609997749329,
    0.8305084705352783,
    0.8135592937469482,
    0.7796609997749329,
    0.8474576473236084,
    0.8644067645072937,
    0.8305084705352783,
    0.8474576473236084,
    0.8135592937469482,
    0.8305084705352783,
    0.8305084705352783,
    0.8305084705352783,
    0.8305084705352783,
    0.8135592937469482,
    0.8135592937469482,
    0.7966101765632629,
    0.8305084705352783,
    0.8305084705352783,
    0.8305084705352783,
    0.8135592937469482,
    0.8305084705352783,
    0.8135592937469482,
    0.8305084705352783,
    0.8135592937469482,
    0.8135592937469482,
    0.8305084705352783,
    0.8135592937469482,
    0.8474576473236084,
    0.8305084705352783,
    0.8135592937469482,
    0.8305084705352783,
    0.8305084705352783,
    0.8474576473236084,
    0.8305084705352783,
    0.8135592937469482,
    0.8305084705352783,
    0.8305084705352783,
    0.8305084705352783,
    0.8305084705352783,
    0.8644067645072937,
    0.8135592937469482,
    0.8305084705352783,
    0.8305084705352783,
    0.8474576473236084,
    0.8305084705352783,
    0.8135592937469482,
    0.8135592937469482,
    0.8644067645072937,
    0.8305084705352783
  ],
  "val_loss": [
    0.9096682667732239,
    0.7615060210227966,
    0.7479515075683594,
    0.7576614618301392,
    0.7561933994293213,
    0.7123025059700012,
    0.6833096146583557,
    0.6962687969207764,
    0.6832921504974365,
    0.6680541038513184,
    0.6716418862342834,
    0.6351540684700012,
    0.6582865118980408,
    0.6610899567604065,
    0.6126971244812012,
    0.6904303431510925,
    0.6708232164382935,
    0.6213852167129517,
    0.6520581245422363,
    0.6794226169586182,
    0.6455672979354858,
    0.618493378162384,
    0.6378621459007263,
    0.6345829367637634,
    0.5916091203689575,
    0.6808351278305054,
    0.6524792313575745,
    0.6087011694908142,
    0.6715365648269653,
    0.6170437335968018,
    0.604668140411377,
    0.6776482462882996,
    0.6188842058181763,
    0.6206824779510498,
    0.6486784815788269,
    0.6458473801612854,
    0.6661079525947571,
    0.6618251204490662,
    0.6429281234741211,
    0.6371938586235046,
    0.6541764736175537,
    0.5941332578659058,
    0.6347638368606567,
    0.6251298189163208,
    0.5557905435562134,
    0.5920370817184448,
    0.5808735489845276,
    0.5776142477989197,
    0.6474128365516663,
    0.5535432696342468
  ]
}