{
  "accuracy": [
    0.675000011920929,
    0.625,
    0.75,
    0.5249999761581421,
    0.800000011920929,
    0.75,
    0.800000011920929,
    0.875,
    0.8999999761581421,
    0.949999988079071,
    0.925000011920929,
    0.949999988079071,
    0.9750000238418579,
    0.9750000238418579,
    0.9750000238418579,
    0.9750000238418579,
    0.9750000238418579,
    0.9750000238418579,
    0.9750000238418579,
    0.9750000238418579,
    0.9750000238418579,
    0.9750000238418579,
    0.9750000238418579,
    0.9750000238418579,
    0.9750000238418579,
    0.9750000238418579,
    0.9750000238418579,
    0.9750000238418579,
    0.9750000238418579,
    0.9750000238418579,
    0.9750000238418579,
    0.9750000238418579,
    0.9750000238418579,
    0.9750000238418579,
    0.9750000238418579,
    0.9750000238418579,
    0.9750000238418579,
    0.9750000238418579,
    0.9750000238418579,
    0.9750000238418579,
    0.9750000238418579,
    0.9750000238418579,
    0.949999988079071,
    0.949999988079071,
    0.9750000238418579,
    0.9750000238418579,
    0.9750000238418579,
    0.9750000238418579,
    0.9750000238418579,
    0.9750000238418579
  ],
  "loss": [
    1.1982554197311401,
    10.431851387023926,
    3.945866107940674,
    4.326655387878418,
    1.147961139678955,
    0.9867188334465027,
    0.8157802820205688,
    0.5638269186019897,
    0.5983309745788574,
    0.5677090883255005,
    0.548012375831604,
    0.5233770608901978,
    0.5002323389053345,
    0.4600008428096771,
    0.4465827941894531,
    0.5025802850723267,
    0.4393793046474457,
    0.41372281312942505,
    0.47356852889060974,
    0.4380572736263275,
    0.3773375153541565,
    0.4322536587715149,
    0.40614113211631775,
    0.4219430387020111,
    0.4172240197658539,
    0.39802560210227966,
    0.40940290689468384,
    0.40858393907546997,
    0.37944042682647705,
    0.40262705087661743,
    0.3942175805568695,
    0.41795316338539124,
    0.39410775899887085,
    0.36604544520378113,
    0.3695833384990692,
    0.3666142225265503,
    0.36014753580093384,
    0.37645119428634644,
    0.3677079975605011,
    0.38209524750709534,
    0.3805660605430603,
    0.3599523901939392,
    0.39450526237487793,
    0.4001508355140686,
    0.33024540543556213,
    0.32962560653686523,
    0.3415899872779846,
    0.35037729144096375,
    0.3118353486061096,
    0.33894482254981995
  ],
  "val_accuracy": [
    0.4000000059604645,
    0.5,
    0.4000000059604645,
    0.800000011920929,
    0.699999988079071,
    0.699999988079071,
    0.699999988079071,
    0.699999988079071,
    0.8999999761581421,
    0.8999999761581421,
    0.800000011920929,
    0.800000011920929,
    0.800000011920929,
    0.800000011920929,
    0.800000011920929,
    0.800000011920929,
    0.800000011920929,
    0.800000011920929,
    0.800000011920929,
    0.800000011920929,
    0.800000011920929,
    0.800000011920929,
    0.800000011920929,
    0.800000011920929,
    0.800000011920929,
    0.800000011920929,
    0.800000011920929,
    0.800000011920929,
    0.800000011920929,
    0.800000011920929,
    0.800000011920929,
    0.800000011920929,
    0.800000011920929,
    0.800000011920929,
    0.800000011920929,
    0.800000011920929,
    0.800000011920929,
    0.800000011920929,
    0.800000011920929,
    0.800000011920929,
    0.800000011920929,
    0.800000011920929,
    0.800000011920929,
    0.800000011920929,
    0.800000011920929,
    0.800000011920929,
    0.800000011920929,
    0.800000011920929,
    0.800000011920929,
    0.800000011920929
  ],
  "val_loss": [
    9.965362548828125,
    2.678044080734253,
    3.427506923675537,
    0.9231172800064087,
    1.5240559577941895,
    1.2928959131240845,
    1.0302413702011108,
    0.9620615243911743,
    0.9241315126419067,
    0.8762978315353394,
    0.7406929731369019,
    0.6301853060722351,
    0.6998492479324341,
    0.8268324136734009,
    0.9684066772460938,
    1.1597344875335693,
    1.2527152299880981,
    1.2769311666488647,
    1.3256460428237915,
    1.6534297466278076,
    1.8167650699615479,
    1.410966157913208,
    0.9979984164237976,
    1.0069185495376587,
    0.8661082983016968,
    1.078582763671875,
    1.2243181467056274,
    1.2839809656143188,
    1.1718682050704956,
    0.9304956197738647,
    0.9786955118179321,
    1.0884426832199097,
    1.2260547876358032,
    1.3688385486602783,
    1.4677363634109497,
    1.5234071016311646,
    1.5609413385391235,
    1.5858542919158936,
    1.5962156057357788,
    1.5907950401306152,
    1.5801775455474854,
    1.6103702783584595,
    1.5486088991165161,
    1.4706867933273315,
    1.3953615427017212,
    1.3287781476974487,
    1.286954402923584,
    1.2762943506240845,
    1.2662547826766968,
    1.3448405265808105
  ]
}