{
  "accuracy": [
    0.375,
    0.625,
    0.5,
    0.75,
    0.75,
    0.625,
    0.875,
    0.625,
    0.875,
    0.75,
    0.75,
    0.875,
    0.875,
    0.875,
    0.875,
    0.625,
    0.75,
    0.875,
    0.875,
    0.875,
    0.875,
    0.875,
    0.875,
    0.875,
    0.875,
    0.875,
    0.875,
    0.875,
    0.875,
    0.875,
    0.875,
    0.875,
    0.875,
    0.875,
    0.875,
    0.875,
    0.875,
    0.875,
    0.875,
    0.875,
    0.875,
    0.875,
    0.875,
    0.875,
    0.875,
    0.875,
    0.875,
    0.875,
    0.875,
    0.875
  ],
  "loss": [
    1.1388520002365112,
    3.799119472503662,
    7.692902088165283,
    13.069713592529297,
    12.273366928100586,
    2.4568979740142822,
    1.0153437852859497,
    1.1849685907363892,
    0.6398076415061951,
    0.848196268081665,
    2.574141025543213,
    0.6446231603622437,
    0.6708505749702454,
    0.6485663056373596,
    1.0028856992721558,
    1.0592613220214844,
    0.7477378845214844,
    0.6168371438980103,
    0.6652340888977051,
    0.6222397089004517,
    0.6191514134407043,
    0.6137415766716003,
    0.6099127531051636,
    0.567259669303894,
    0.6622981429100037,
    0.866943359375,
    0.6641663908958435,
    0.642525315284729,
    0.5853983163833618,
    0.624843955039978,
    0.6319223046302795,
    0.6890915632247925,
    0.7081851959228516,
    0.6298895478248596,
    0.6282361149787903,
    0.6084923148155212,
    0.5573386549949646,
    0.5791956186294556,
    0.5826610922813416,
    0.6512585282325745,
    0.6078791618347168,
    0.7097792029380798,
    0.5639364719390869,
    0.7816277742385864,
    0.5893398523330688,
    0.5844631791114807,
    0.6720995306968689,
    0.6141950488090515,
    0.6174442768096924,
    0.6671660542488098
  ],
  "val_accuracy": [
    1.0,
    1.0,
    1.0,
    0.5,
    1.0,
    1.0,
    1.0,
    1.0,
    1.0,
    1.0,
    1.0,
    0.5,
    0.5,
    0.5,
    0.0,
    0.5,
    1.0,
    1.0,
    1.0,
    1.0,
    1.0,
    1.0,
    1.0,
    1.0,
    1.0,
    1.0,
    1.0,
    1.0,
    0.5,
    0.5,
    0.5,
    0.5,
    1.0,
    1.0,
    1.0,
    1.0,
    1.0,
    1.0,
    1.0,
    1.0,
    1.0,
    1.0,
    1.0,
    1.0,
    1.0,
    1.0,
    1.0,
    1.0,
    1.0,
    1.0
  ],
  "val_loss": [
    0.4583641588687897,
    0.2675202786922455,
    0.25834226608276367,
    0.9515115022659302,
    0.3133310079574585,
    0.3048979640007019,
    0.5089588761329651,
    0.5604914426803589,
    0.5829876661300659,
    0.576809823513031,
    0.7511002421379089,
    1.1808124780654907,
    1.2446664571762085,
    1.0893731117248535,
    1.6306829452514648,
    0.9547296762466431,
    0.7867351174354553,
    0.6812366247177124,
    0.6099741458892822,
    0.5587443113327026,
    0.5290955305099487,
    0.49839702248573303,
    0.45549002289772034,
    0.5040315389633179,
    0.42806071043014526,
    0.4696309566497803,
    0.5686657428741455,
    0.7799835205078125,
    1.08812415599823,
    1.339754581451416,
    1.4741402864456177,
    0.9368579983711243,
    0.6261086463928223,
    0.5119358897209167,
    0.4755346179008484,
    0.4592396020889282,
    0.4437409043312073,
    0.4326961934566498,
    0.42915457487106323,
    0.4304679036140442,
    0.4320634603500366,
    0.44281578063964844,
    0.44943657517433167,
    0.46738407015800476,
    0.4877204895019531,
    0.504148006439209,
    0.5182803869247437,
    0.521766722202301,
    0.5182748436927795,
    0.5191117525100708
  ]
}