{
  "accuracy": [
    0.5466101765632629,
    0.7457627058029175,
    0.7711864113807678,
    0.7754237055778503,
    0.8008474707603455,
    0.8177965879440308,
    0.8305084705352783,
    0.8262711763381958,
    0.8347457647323608,
    0.8516949415206909,
    0.8940678238868713,
    0.8940678238868713,
    0.9152542352676392,
    0.944915235042572,
    0.9322034120559692,
    0.944915235042572,
    0.9618644118309021,
    0.9661017060279846,
    0.9661017060279846,
    0.9661017060279846,
    0.9576271176338196,
    0.9576271176338196,
    0.9661017060279846,
    0.9703390002250671,
    0.9703390002250671,
    0.9618644118309021,
    0.9576271176338196,
    0.9661017060279846,
    0.9703390002250671,
    0.9703390002250671,
    0.9745762944221497,
    0.9661017060279846,
    0.9661017060279846,
    0.9745762944221497,
    0.9703390002250671,
    0.9745762944221497,
    0.9745762944221497,
    0.9745762944221497,
    0.9745762944221497,
    0.9745762944221497,
    0.9703390002250671,
    0.9661017060279846,
    0.9703390002250671,
    0.9745762944221497,
    0.9703390002250671,
    0.9661017060279846,
    0.9618644118309021,
    0.9661017060279846,
    0.9745762944221497,
    0.9745762944221497
  ],
  "loss": [
    5.9103803634643555,
    0.9550468325614929,
    0.9404075741767883,
    0.8938314914703369,
    0.8790818452835083,
    0.86769038438797,
    0.8099133372306824,
    0.810890793800354,
    0.7473118901252747,
    0.6734437942504883,
    0.6254492998123169,
    0.5575834512710571,
    0.5354160666465759,
    0.5045205354690552,
    0.4655509889125824,
    0.49406200647354126,
    0.431972473859787,
    0.4139721989631653,
    0.38997700810432434,
    0.3936033844947815,
    0.3931301534175873,
    0.39652207493782043,
    0.36441054940223694,
    0.35276779532432556,
    0.3492099642753601,
    0.3431060016155243,
    0.3485472500324249,
    0.32732582092285156,
    0.3159079849720001,
    0.3146919906139374,
    0.31245118379592896,
    0.3084816336631775,
    0.30660974979400635,
    0.2972145080566406,
    0.30170509219169617,
    0.2795898914337158,
    0.28150475025177,
    0.2593984305858612,
    0.26047372817993164,
    0.2583469748497009,
    0.27843064069747925,
    0.2786535620689392,
    0.267877995967865,
    0.24938814342021942,
    0.2544463276863098,
    0.2599163353443146,
    0.27631068229675293,
    0.26152825355529785,
    0.25330349802970886,
    0.25210297107696533
  ],
  "val_accuracy": [
    0.5762711763381958,
    0.7457627058029175,
    0.7457627058029175,
    0.8135592937469482,
    0.7627118825912476,
    0.8135592937469482,
    0.7627118825912476,
    0.8644067645072937,
    0.8305084705352783,
    0.7966101765632629,
    0.8474576473236084,
    0.8644067645072937,
    0.8644067645072937,
    0.7796609997749329,
    0.8305084705352783,
    0.8305084705352783,
    0.8135592937469482,
    0.7966101765632629,
    0.8135592937469482,
    0.8305084705352783,
    0.8135592937469482,
    0.8474576473236084,
    0.8474576473236084,
    0.7966101765632629,
    0.7796609997749329,
    0.7627118825912476,
    0.7966101765632629,
    0.7966101765632629,
    0.7966101765632629,
    0.7966101765632629,
    0.7966101765632629,
    0.8135592937469482,
    0.7966101765632629,
    0.7966101765632629,
    0.7966101765632629,
    0.8135592937469482,
    0.7966101765632629,
    0.7966101765632629,
    0.8135592937469482,
    0.7966101765632629,
    0.7627118825912476,
    0.7966101765632629,
    0.7966101765632629,
    0.7966101765632629,
    0.7966101765632629,
    0.7457627058029175,
    0.7966101765632629,
    0.7966101765632629,
    0.8135592937469482,
    0.8135592937469482
  ],
  "val_loss": [
    0.9008230566978455,
    1.0043236017227173,
    0.9531208872795105,
    0.9092382788658142,
    0.9395323991775513,
    0.9035595655441284,
    0.8716924786567688,
    0.7536302804946899,
    0.7790908813476562,
    0.770822286605835,
    0.7426987886428833,
    0.7052083611488342,
    0.7523053288459778,
    0.7701928019523621,
    0.7597402334213257,
    0.8072957396507263,
    0.7725584506988525,
    0.8063141107559204,
    0.7856864333152771,
    0.7975460886955261,
    0.849546492099762,
    0.8071136474609375,
    0.7318044304847717,
    0.8244599103927612,
    0.8426439166069031,
    0.9180679321289062,
    0.8111181855201721,
    0.8787042498588562,
    0.8524100184440613,
    0.8861212134361267,
    1.0394402742385864,
    0.8468436598777771,
    0.9091799855232239,
    0.9752528071403503,
    0.9110825061798096,
    0.9461578130722046,
    0.9656743407249451,
    0.9770914316177368,
    1.0204533338546753,
    1.0334583520889282,
    1.1021467447280884,
    0.940322756767273,
    1.0126649141311646,
    0.9425718188285828,
    0.9920466542243958,
    0.9577669501304626,
    0.8456963896751404,
    0.9360941052436829,
    1.0667146444320679,
    1.0722838640213013
  ]
}