{
    "loss": 0.3597078025341034,
    "compile_metrics": 0.8135592937469482
}