{
  "keras_metrics": {
    "loss": 0.5029383301734924,
    "compile_metrics": 0.7966101765632629
  },
  "sklearn_metrics": {
    "accuracy": 0.7966101694915254,
    "precision": 0.7391304347826086,
    "recall": 0.7391304347826086,
    "f1": 0.7391304347826086,
    "balanced_accuracy": 0.786231884057971,
    "roc_auc": 0.8574879227053142,
    "pr_auc": 0.8221458440257736
  },
  "train_time_s": 5.385841889998119,
  "inference_time_s": 0.09938350700394949,
  "inference_ms_per_sample": 1.6844662204059235,
  "n_test_samples": 59,
  "n_pca_components": 2
}