{
    "loss": 0.367240846157074,
    "compile_metrics": 0.8135592937469482
}