{
  "accuracy": [
    0.5974576473236084,
    0.7542372941970825,
    0.8008474707603455,
    0.8220338821411133,
    0.8855932354927063,
    0.8813559412956238,
    0.9279661178588867,
    0.9322034120559692,
    0.9237288236618042,
    0.9618644118309021,
    0.9618644118309021,
    0.9618644118309021,
    0.9872881174087524,
    0.9830508232116699,
    0.991525411605835,
    0.9830508232116699,
    0.9872881174087524,
    0.9830508232116699,
    0.9745762944221497,
    0.9830508232116699,
    0.991525411605835,
    0.9957627058029175,
    0.9872881174087524,
    0.9830508232116699,
    0.9957627058029175,
    0.9957627058029175,
    0.991525411605835,
    0.9872881174087524,
    0.991525411605835,
    0.9872881174087524,
    0.991525411605835,
    0.991525411605835,
    0.9957627058029175,
    0.9957627058029175,
    0.9957627058029175,
    0.9957627058029175,
    0.9957627058029175,
    0.9957627058029175,
    0.9957627058029175,
    0.991525411605835,
    0.9957627058029175,
    0.9957627058029175,
    0.991525411605835,
    0.9957627058029175,
    0.9957627058029175,
    0.9957627058029175,
    0.991525411605835,
    0.9957627058029175,
    0.9957627058029175,
    0.9957627058029175
  ],
  "loss": [
    4.575061321258545,
    1.6319533586502075,
    0.870660126209259,
    0.7203356623649597,
    0.7007548809051514,
    0.7401695251464844,
    0.5363434553146362,
    0.4869866371154785,
    0.48820218443870544,
    0.4273199439048767,
    0.4231061339378357,
    0.367080420255661,
    0.34664931893348694,
    0.34040266275405884,
    0.3327769935131073,
    0.31724369525909424,
    0.3080950677394867,
    0.3077044188976288,
    0.32640892267227173,
    0.302577942609787,
    0.29501786828041077,
    0.28096580505371094,
    0.28843623399734497,
    0.2731804847717285,
    0.26269975304603577,
    0.2496226578950882,
    0.2585599720478058,
    0.27727586030960083,
    0.2449890822172165,
    0.2509893774986267,
    0.26415225863456726,
    0.26520341634750366,
    0.24405933916568756,
    0.222214475274086,
    0.2445707470178604,
    0.225846529006958,
    0.22880151867866516,
    0.22385895252227783,
    0.23480211198329926,
    0.2203158736228943,
    0.21352040767669678,
    0.20888301730155945,
    0.22834031283855438,
    0.21365557610988617,
    0.20071309804916382,
    0.20615564286708832,
    0.2176874428987503,
    0.19906441867351532,
    0.21194854378700256,
    0.19132855534553528
  ],
  "val_accuracy": [
    0.7627118825912476,
    0.6779661178588867,
    0.7966101765632629,
    0.7627118825912476,
    0.7288135886192322,
    0.7457627058029175,
    0.8305084705352783,
    0.7118644118309021,
    0.7288135886192322,
    0.7796609997749329,
    0.7796609997749329,
    0.7627118825912476,
    0.7966101765632629,
    0.7118644118309021,
    0.7457627058029175,
    0.7118644118309021,
    0.8135592937469482,
    0.7457627058029175,
    0.8135592937469482,
    0.8135592937469482,
    0.8135592937469482,
    0.8135592937469482,
    0.8135592937469482,
    0.8305084705352783,
    0.8305084705352783,
    0.8135592937469482,
    0.7796609997749329,
    0.8135592937469482,
    0.8135592937469482,
    0.8135592937469482,
    0.8135592937469482,
    0.7966101765632629,
    0.8135592937469482,
    0.8135592937469482,
    0.8135592937469482,
    0.8305084705352783,
    0.8305084705352783,
    0.8135592937469482,
    0.8135592937469482,
    0.8135592937469482,
    0.8135592937469482,
    0.8135592937469482,
    0.8135592937469482,
    0.7966101765632629,
    0.8135592937469482,
    0.8135592937469482,
    0.8135592937469482,
    0.8135592937469482,
    0.8305084705352783,
    0.8135592937469482
  ],
  "val_loss": [
    2.191406726837158,
    2.363748073577881,
    2.0437052249908447,
    2.3387575149536133,
    1.8878133296966553,
    1.4223506450653076,
    0.8641838431358337,
    1.0043493509292603,
    0.8991202712059021,
    0.7912645936012268,
    0.7924171090126038,
    0.8392107486724854,
    0.761029839515686,
    0.9098950624465942,
    0.8445887565612793,
    0.932815432548523,
    0.7688547968864441,
    0.8789331912994385,
    0.7547727823257446,
    0.7340491414070129,
    0.765157163143158,
    0.7177598476409912,
    0.7385338544845581,
    0.6897013783454895,
    0.7269104719161987,
    0.7597754597663879,
    0.7321547269821167,
    0.740803599357605,
    0.7273645997047424,
    0.6984389424324036,
    0.708324670791626,
    0.7469912767410278,
    0.7792442440986633,
    0.716863751411438,
    0.7477479577064514,
    0.7092389464378357,
    0.6943593621253967,
    0.7533963322639465,
    0.7372535467147827,
    0.8069367408752441,
    0.7528602480888367,
    0.7566644549369812,
    0.7492284178733826,
    0.7826376557350159,
    0.7890001535415649,
    0.7393997311592102,
    0.6893734931945801,
    0.7408276796340942,
    0.6933100819587708,
    0.7292243242263794
  ]
}