{
  "accuracy": [
    0.6271186470985413,
    0.7245762944221497,
    0.6737288236618042,
    0.7711864113807678,
    0.8389830589294434,
    0.8686440587043762,
    0.8686440587043762,
    0.8728813529014587,
    0.8728813529014587,
    0.8771186470985413,
    0.8898305296897888,
    0.8983050584793091,
    0.8898305296897888,
    0.9067796468734741,
    0.9067796468734741,
    0.9152542352676392,
    0.9025423526763916,
    0.9279661178588867,
    0.9279661178588867,
    0.9322034120559692,
    0.9364407062530518,
    0.9491525292396545,
    0.9491525292396545,
    0.9406779408454895,
    0.9576271176338196,
    0.9533898234367371,
    0.9618644118309021,
    0.9364407062530518,
    0.9576271176338196,
    0.9618644118309021,
    0.9533898234367371,
    0.9576271176338196,
    0.9491525292396545,
    0.9661017060279846,
    0.9491525292396545,
    0.9576271176338196,
    0.9576271176338196,
    0.944915235042572,
    0.9533898234367371,
    0.9661017060279846,
    0.9533898234367371,
    0.9618644118309021,
    0.9661017060279846,
    0.9576271176338196,
    0.9618644118309021,
    0.9745762944221497,
    0.9661017060279846,
    0.9661017060279846,
    0.9703390002250671,
    0.9703390002250671
  ],
  "loss": [
    5.9240031242370605,
    2.8814821243286133,
    1.0466439723968506,
    0.7640610337257385,
    0.6742599606513977,
    0.6225866675376892,
    0.6364527344703674,
    0.5867151618003845,
    0.6158225536346436,
    0.5818348526954651,
    0.5278288125991821,
    0.5100023746490479,
    0.5423957705497742,
    0.5003932118415833,
    0.5034012198448181,
    0.46453890204429626,
    0.48813655972480774,
    0.45074284076690674,
    0.4413106143474579,
    0.4396628737449646,
    0.402334064245224,
    0.38837307691574097,
    0.377787709236145,
    0.3636740446090698,
    0.3779630959033966,
    0.3572092652320862,
    0.3582538962364197,
    0.40219995379447937,
    0.3500654995441437,
    0.343203067779541,
    0.34084218740463257,
    0.34056928753852844,
    0.3426799476146698,
    0.34821102023124695,
    0.355767160654068,
    0.3344515860080719,
    0.33642441034317017,
    0.3537270128726959,
    0.3421289622783661,
    0.34174028038978577,
    0.3149586319923401,
    0.3272857069969177,
    0.3040696382522583,
    0.32041066884994507,
    0.31242552399635315,
    0.28717470169067383,
    0.29641783237457275,
    0.2984887659549713,
    0.2922099828720093,
    0.26740559935569763
  ],
  "val_accuracy": [
    0.8135592937469482,
    0.7966101765632629,
    0.7966101765632629,
    0.8305084705352783,
    0.8644067645072937,
    0.8644067645072937,
    0.8644067645072937,
    0.8644067645072937,
    0.8644067645072937,
    0.8644067645072937,
    0.8813559412956238,
    0.8813559412956238,
    0.8644067645072937,
    0.8474576473236084,
    0.8644067645072937,
    0.8644067645072937,
    0.8644067645072937,
    0.8474576473236084,
    0.8305084705352783,
    0.8305084705352783,
    0.8813559412956238,
    0.8305084705352783,
    0.8305084705352783,
    0.8305084705352783,
    0.8474576473236084,
    0.8305084705352783,
    0.8135592937469482,
    0.8474576473236084,
    0.8644067645072937,
    0.8813559412956238,
    0.8644067645072937,
    0.8644067645072937,
    0.8474576473236084,
    0.8644067645072937,
    0.8644067645072937,
    0.8305084705352783,
    0.8644067645072937,
    0.8305084705352783,
    0.8305084705352783,
    0.8305084705352783,
    0.8644067645072937,
    0.8305084705352783,
    0.8305084705352783,
    0.8305084705352783,
    0.8305084705352783,
    0.8305084705352783,
    0.8305084705352783,
    0.8305084705352783,
    0.8305084705352783,
    0.8474576473236084
  ],
  "val_loss": [
    1.5542693138122559,
    0.8366491198539734,
    0.7853021025657654,
    0.7064729928970337,
    0.7115240693092346,
    0.6697974801063538,
    0.6614126563072205,
    0.6424340605735779,
    0.6422836184501648,
    0.6514760255813599,
    0.628890872001648,
    0.6061314940452576,
    0.622535765171051,
    0.6193360090255737,
    0.6269056797027588,
    0.6129485368728638,
    0.5864629745483398,
    0.6088175177574158,
    0.6329383850097656,
    0.6087309122085571,
    0.5731988549232483,
    0.5992752909660339,
    0.5939135551452637,
    0.606261670589447,
    0.5897691249847412,
    0.6062957048416138,
    0.6101619005203247,
    0.6088445782661438,
    0.572358250617981,
    0.5622019171714783,
    0.5551306009292603,
    0.6133803129196167,
    0.5744630098342896,
    0.6270166039466858,
    0.6865203380584717,
    0.6204963326454163,
    0.6948859691619873,
    0.6142114400863647,
    0.5848533511161804,
    0.6063237190246582,
    0.6707280278205872,
    0.6291802525520325,
    0.6288617849349976,
    0.6191376447677612,
    0.6409386992454529,
    0.7678287029266357,
    0.7030441761016846,
    0.6852540969848633,
    0.704514741897583,
    0.7744547724723816
  ]
}