{
  "accuracy": [
    0.5593220591545105,
    0.7118644118309021,
    0.7457627058029175,
    0.7796609997749329,
    0.8008474707603455,
    0.8135592937469482,
    0.8177965879440308,
    0.8432203531265259,
    0.8516949415206909,
    0.8389830589294434,
    0.8389830589294434,
    0.8686440587043762,
    0.8898305296897888,
    0.8898305296897888,
    0.8855932354927063,
    0.9025423526763916,
    0.9237288236618042,
    0.9152542352676392,
    0.9110169410705566,
    0.8940678238868713,
    0.9364407062530518,
    0.9110169410705566,
    0.8940678238868713,
    0.944915235042572,
    0.9194915294647217,
    0.9364407062530518,
    0.9237288236618042,
    0.944915235042572,
    0.9406779408454895,
    0.9618644118309021,
    0.944915235042572,
    0.9491525292396545,
    0.9110169410705566,
    0.9576271176338196,
    0.9576271176338196,
    0.9322034120559692,
    0.9661017060279846,
    0.9491525292396545,
    0.9533898234367371,
    0.9618644118309021,
    0.9533898234367371,
    0.9576271176338196,
    0.9576271176338196,
    0.9618644118309021,
    0.9491525292396545,
    0.9533898234367371,
    0.944915235042572,
    0.9661017060279846,
    0.9533898234367371,
    0.9576271176338196
  ],
  "loss": [
    6.329250812530518,
    1.7096651792526245,
    1.0012729167938232,
    0.7912547588348389,
    0.7494853138923645,
    0.6963468790054321,
    0.6707010269165039,
    0.6065033078193665,
    0.6236605048179626,
    0.6108914017677307,
    0.5852725505828857,
    0.5432965755462646,
    0.5301453471183777,
    0.5087246298789978,
    0.488692045211792,
    0.4689040184020996,
    0.46846288442611694,
    0.4514998495578766,
    0.454536497592926,
    0.44309112429618835,
    0.4158332943916321,
    0.41991090774536133,
    0.4751255512237549,
    0.38733336329460144,
    0.4259715974330902,
    0.39073556661605835,
    0.39165475964546204,
    0.37852680683135986,
    0.36480772495269775,
    0.3495243787765503,
    0.3400508165359497,
    0.3557834029197693,
    0.4159194529056549,
    0.3725863993167877,
    0.3282310962677002,
    0.35179150104522705,
    0.32054242491722107,
    0.3394837975502014,
    0.34467384219169617,
    0.30359068512916565,
    0.3018764853477478,
    0.33433425426483154,
    0.3278636634349823,
    0.3481048345565796,
    0.3510890007019043,
    0.34441065788269043,
    0.33799445629119873,
    0.3091254234313965,
    0.32403504848480225,
    0.3109999895095825
  ],
  "val_accuracy": [
    0.694915235042572,
    0.6271186470985413,
    0.6271186470985413,
    0.7796609997749329,
    0.7966101765632629,
    0.8305084705352783,
    0.8305084705352783,
    0.8305084705352783,
    0.8813559412956238,
    0.8474576473236084,
    0.8305084705352783,
    0.8813559412956238,
    0.8644067645072937,
    0.8644067645072937,
    0.8644067645072937,
    0.8644067645072937,
    0.8644067645072937,
    0.8474576473236084,
    0.8644067645072937,
    0.8474576473236084,
    0.8644067645072937,
    0.8644067645072937,
    0.8813559412956238,
    0.8305084705352783,
    0.8644067645072937,
    0.8644067645072937,
    0.8644067645072937,
    0.8644067645072937,
    0.8644067645072937,
    0.8474576473236084,
    0.8813559412956238,
    0.8474576473236084,
    0.8474576473236084,
    0.8813559412956238,
    0.8644067645072937,
    0.8644067645072937,
    0.8813559412956238,
    0.8813559412956238,
    0.8813559412956238,
    0.8813559412956238,
    0.8813559412956238,
    0.8983050584793091,
    0.8813559412956238,
    0.8813559412956238,
    0.8813559412956238,
    0.8474576473236084,
    0.8644067645072937,
    0.8644067645072937,
    0.8644067645072937,
    0.8644067645072937
  ],
  "val_loss": [
    0.9881472587585449,
    0.8503848314285278,
    0.8934736251831055,
    0.7820503115653992,
    0.734533429145813,
    0.7646054029464722,
    0.7071669101715088,
    0.659562349319458,
    0.6680060625076294,
    0.662260115146637,
    0.6394926309585571,
    0.6355807781219482,
    0.6275542378425598,
    0.5986058115959167,
    0.593713104724884,
    0.6089569330215454,
    0.5821372866630554,
    0.6295372247695923,
    0.5852318406105042,
    0.5823456048965454,
    0.6115400195121765,
    0.5818617343902588,
    0.5574978590011597,
    0.6269314885139465,
    0.5520044565200806,
    0.602558970451355,
    0.5542391538619995,
    0.5534628629684448,
    0.5424354672431946,
    0.5583935976028442,
    0.5365771651268005,
    0.5371259450912476,
    0.5833902955055237,
    0.5363034605979919,
    0.516859769821167,
    0.5322765707969666,
    0.5620070695877075,
    0.5160484313964844,
    0.5371768474578857,
    0.5297642946243286,
    0.5148758888244629,
    0.5474713444709778,
    0.5377168655395508,
    0.5214877128601074,
    0.5226456522941589,
    0.5882106423377991,
    0.6673656105995178,
    0.522628664970398,
    0.5341135263442993,
    0.5649198293685913
  ]
}