{
  "accuracy": [
    0.6144067645072937,
    0.7457627058029175,
    0.7754237055778503,
    0.7542372941970825,
    0.8686440587043762,
    0.8855932354927063,
    0.8940678238868713,
    0.8983050584793091,
    0.9237288236618042,
    0.944915235042572,
    0.9364407062530518,
    0.9533898234367371,
    0.9491525292396545,
    0.9661017060279846,
    0.9661017060279846,
    0.9661017060279846,
    0.9745762944221497,
    0.9661017060279846,
    0.9703390002250671,
    0.9703390002250671,
    0.9661017060279846,
    0.9703390002250671,
    0.9703390002250671,
    0.9618644118309021,
    0.9618644118309021,
    0.9618644118309021,
    0.9661017060279846,
    0.9661017060279846,
    0.9745762944221497,
    0.9661017060279846,
    0.9745762944221497,
    0.9703390002250671,
    0.9618644118309021,
    0.9661017060279846,
    0.9745762944221497,
    0.9703390002250671,
    0.9745762944221497,
    0.9703390002250671,
    0.9618644118309021,
    0.9745762944221497,
    0.9703390002250671,
    0.9745762944221497,
    0.9745762944221497,
    0.9745762944221497,
    0.9745762944221497,
    0.9533898234367371,
    0.9406779408454895,
    0.9533898234367371,
    0.9661017060279846,
    0.9533898234367371
  ],
  "loss": [
    4.573347568511963,
    1.549027681350708,
    0.8979555368423462,
    0.8997321128845215,
    0.7539457678794861,
    0.6820175647735596,
    0.6175429224967957,
    0.6127104759216309,
    0.567628026008606,
    0.5423548817634583,
    0.5364647507667542,
    0.49330905079841614,
    0.45298078656196594,
    0.4501081109046936,
    0.4167560636997223,
    0.40572673082351685,
    0.37269529700279236,
    0.3720715045928955,
    0.3684578835964203,
    0.36456361413002014,
    0.3705097436904907,
    0.3495037257671356,
    0.3429858982563019,
    0.3591017425060272,
    0.36596086621284485,
    0.34488609433174133,
    0.33753702044487,
    0.31281423568725586,
    0.31159695982933044,
    0.3199235200881958,
    0.2983940839767456,
    0.31804320216178894,
    0.3184065520763397,
    0.31172171235084534,
    0.29912322759628296,
    0.2851713001728058,
    0.28324270248413086,
    0.26084357500076294,
    0.2961621582508087,
    0.26920995116233826,
    0.27056384086608887,
    0.26032471656799316,
    0.2577298879623413,
    0.250943660736084,
    0.25602367520332336,
    0.2639309763908386,
    0.33342087268829346,
    0.2913441061973572,
    0.3067387640476227,
    0.3184092044830322
  ],
  "val_accuracy": [
    0.7457627058029175,
    0.7457627058029175,
    0.8135592937469482,
    0.8813559412956238,
    0.8135592937469482,
    0.8644067645072937,
    0.8644067645072937,
    0.8813559412956238,
    0.8813559412956238,
    0.8813559412956238,
    0.8644067645072937,
    0.8474576473236084,
    0.8644067645072937,
    0.8644067645072937,
    0.8474576473236084,
    0.8644067645072937,
    0.8644067645072937,
    0.8983050584793091,
    0.8813559412956238,
    0.8644067645072937,
    0.8644067645072937,
    0.8644067645072937,
    0.8474576473236084,
    0.8644067645072937,
    0.8305084705352783,
    0.8474576473236084,
    0.8474576473236084,
    0.8135592937469482,
    0.8474576473236084,
    0.8474576473236084,
    0.8305084705352783,
    0.8474576473236084,
    0.8305084705352783,
    0.8474576473236084,
    0.8474576473236084,
    0.8474576473236084,
    0.8474576473236084,
    0.8474576473236084,
    0.8474576473236084,
    0.8644067645072937,
    0.8644067645072937,
    0.8474576473236084,
    0.8813559412956238,
    0.8305084705352783,
    0.8135592937469482,
    0.8474576473236084,
    0.8644067645072937,
    0.8305084705352783,
    0.8305084705352783,
    0.8474576473236084
  ],
  "val_loss": [
    1.1265149116516113,
    0.8904885053634644,
    0.7939039468765259,
    0.7409083247184753,
    0.7693935036659241,
    0.7159838676452637,
    0.6708720326423645,
    0.6915580034255981,
    0.6521849632263184,
    0.63984614610672,
    0.6341459155082703,
    0.6804158091545105,
    0.6185855269432068,
    0.6542091965675354,
    0.6587788462638855,
    0.6630717515945435,
    0.6219198107719421,
    0.6445556282997131,
    0.6050347685813904,
    0.6491502523422241,
    0.5795649290084839,
    0.6730385422706604,
    0.6371783018112183,
    0.691149890422821,
    0.591842770576477,
    0.6244606375694275,
    0.59587162733078,
    0.6539831757545471,
    0.6481119990348816,
    0.6123501658439636,
    0.6451022624969482,
    0.6133224964141846,
    0.5660849213600159,
    0.5954627394676208,
    0.6493878364562988,
    0.5976626873016357,
    0.6407799124717712,
    0.740288496017456,
    0.5740264654159546,
    0.5857497453689575,
    0.5676903128623962,
    0.6067521572113037,
    0.6297221779823303,
    0.652806282043457,
    0.6680874228477478,
    0.6081200242042542,
    0.6568403244018555,
    0.5716294050216675,
    0.6813453435897827,
    0.597566545009613
  ]
}