{
  "accuracy": [
    0.4749999940395355,
    0.800000011920929,
    0.7749999761581421,
    0.7749999761581421,
    0.699999988079071,
    0.7749999761581421,
    0.8500000238418579,
    0.800000011920929,
    0.8999999761581421,
    0.8999999761581421,
    0.949999988079071,
    0.824999988079071,
    0.875,
    0.949999988079071,
    0.925000011920929,
    0.949999988079071,
    0.949999988079071,
    0.949999988079071,
    0.9750000238418579,
    0.9750000238418579,
    0.9750000238418579,
    0.9750000238418579,
    0.9750000238418579,
    0.9750000238418579,
    0.9750000238418579,
    0.9750000238418579,
    0.9750000238418579,
    0.9750000238418579,
    0.9750000238418579,
    0.949999988079071,
    0.9750000238418579,
    0.9750000238418579,
    0.949999988079071,
    0.9750000238418579,
    0.9750000238418579,
    0.9750000238418579,
    0.9750000238418579,
    0.9750000238418579,
    0.9750000238418579,
    0.9750000238418579,
    0.9750000238418579,
    0.9750000238418579,
    0.9750000238418579,
    0.9750000238418579,
    0.9750000238418579,
    0.9750000238418579,
    0.9750000238418579,
    0.9750000238418579,
    0.9750000238418579,
    0.9750000238418579
  ],
  "loss": [
    1.1066169738769531,
    4.387436866760254,
    3.9764087200164795,
    2.654303789138794,
    2.1937105655670166,
    2.870861768722534,
    1.1029279232025146,
    1.4721434116363525,
    1.3002185821533203,
    0.9417823553085327,
    0.610853374004364,
    0.5928982496261597,
    0.5838626027107239,
    0.45957279205322266,
    0.4745618402957916,
    0.47704148292541504,
    0.46685996651649475,
    0.4929018020629883,
    0.4877934455871582,
    0.44838523864746094,
    0.39531469345092773,
    0.40497642755508423,
    0.3675133287906647,
    0.3779411315917969,
    0.4040466845035553,
    0.4034169614315033,
    0.4008340835571289,
    0.3726572096347809,
    0.4151310920715332,
    0.38748306035995483,
    0.37753769755363464,
    0.35866835713386536,
    0.4049586355686188,
    0.3467281460762024,
    0.3799041211605072,
    0.34673383831977844,
    0.35434117913246155,
    0.38524460792541504,
    0.36210399866104126,
    0.3650294244289398,
    0.34967246651649475,
    0.3650771677494049,
    0.3638837933540344,
    0.3515435457229614,
    0.37124648690223694,
    0.3521283268928528,
    0.32901275157928467,
    0.31967025995254517,
    0.359988272190094,
    0.3350708484649658
  ],
  "val_accuracy": [
    0.699999988079071,
    0.800000011920929,
    0.699999988079071,
    0.699999988079071,
    0.699999988079071,
    0.800000011920929,
    0.699999988079071,
    0.699999988079071,
    0.699999988079071,
    0.800000011920929,
    0.800000011920929,
    0.800000011920929,
    0.800000011920929,
    0.800000011920929,
    0.800000011920929,
    0.800000011920929,
    0.800000011920929,
    0.800000011920929,
    0.800000011920929,
    0.800000011920929,
    0.800000011920929,
    0.800000011920929,
    0.800000011920929,
    0.800000011920929,
    0.800000011920929,
    0.800000011920929,
    0.800000011920929,
    0.800000011920929,
    0.800000011920929,
    0.800000011920929,
    0.800000011920929,
    0.800000011920929,
    0.800000011920929,
    0.800000011920929,
    0.800000011920929,
    0.800000011920929,
    0.800000011920929,
    0.800000011920929,
    0.800000011920929,
    0.800000011920929,
    0.800000011920929,
    0.800000011920929,
    0.800000011920929,
    0.800000011920929,
    0.800000011920929,
    0.800000011920929,
    0.800000011920929,
    0.800000011920929,
    0.800000011920929,
    0.800000011920929
  ],
  "val_loss": [
    1.4088152647018433,
    1.7822250127792358,
    1.5910638570785522,
    1.1844650506973267,
    0.9876787066459656,
    0.9108579754829407,
    0.8154462575912476,
    0.7825907468795776,
    0.7574647068977356,
    0.7529489398002625,
    0.8123115301132202,
    0.8692574501037598,
    0.8081647157669067,
    0.733493983745575,
    0.6744083762168884,
    0.6601973176002502,
    0.6565415859222412,
    0.6701534986495972,
    0.7151942849159241,
    0.7680909633636475,
    0.8377396464347839,
    0.901445746421814,
    0.9575406312942505,
    0.9536775350570679,
    0.931188702583313,
    0.8866113424301147,
    0.8514319658279419,
    0.8694877624511719,
    0.9306471943855286,
    0.988402247428894,
    1.0453588962554932,
    1.0911704301834106,
    1.0577927827835083,
    0.9655765295028687,
    0.8945907354354858,
    0.8460396528244019,
    0.8120008707046509,
    0.7941941618919373,
    0.7828729152679443,
    0.7732446193695068,
    0.7684518694877625,
    0.7697489857673645,
    0.7765958309173584,
    0.7844921350479126,
    0.7975023984909058,
    0.8165606260299683,
    0.8443590402603149,
    0.8719973564147949,
    0.890616238117218,
    0.8949605226516724
  ]
}