{
  "accuracy": [
    0.5762711763381958,
    0.7627118825912476,
    0.8347457647323608,
    0.8093220591545105,
    0.8093220591545105,
    0.8644067645072937,
    0.8728813529014587,
    0.8559321761131287,
    0.8686440587043762,
    0.8898305296897888,
    0.8728813529014587,
    0.8940678238868713,
    0.8855932354927063,
    0.9025423526763916,
    0.8898305296897888,
    0.9194915294647217,
    0.9152542352676392,
    0.9237288236618042,
    0.9152542352676392,
    0.9279661178588867,
    0.944915235042572,
    0.9703390002250671,
    0.9618644118309021,
    0.9067796468734741,
    0.9322034120559692,
    0.9745762944221497,
    0.9661017060279846,
    0.9576271176338196,
    0.9745762944221497,
    0.9661017060279846,
    0.9364407062530518,
    0.944915235042572,
    0.991525411605835,
    0.9745762944221497,
    0.9618644118309021,
    0.9661017060279846,
    0.9618644118309021,
    0.9703390002250671,
    0.9830508232116699,
    0.9788135886192322,
    0.9491525292396545,
    0.9703390002250671,
    0.9788135886192322,
    0.9745762944221497,
    0.9957627058029175,
    0.9872881174087524,
    0.9618644118309021,
    0.9788135886192322,
    0.9618644118309021,
    0.9830508232116699
  ],
  "loss": [
    6.114751815795898,
    1.8306317329406738,
    0.8859033584594727,
    0.7825871109962463,
    0.7187164425849915,
    0.6483640670776367,
    0.5853968262672424,
    0.6053622364997864,
    0.5846311450004578,
    0.5679044127464294,
    0.5368242263793945,
    0.5209428071975708,
    0.5375664830207825,
    0.48862144351005554,
    0.47144120931625366,
    0.4596744179725647,
    0.45238205790519714,
    0.4653658866882324,
    0.4464588761329651,
    0.4223915636539459,
    0.3769855499267578,
    0.37126439809799194,
    0.34844183921813965,
    0.40682825446128845,
    0.3675830364227295,
    0.333503782749176,
    0.3459005653858185,
    0.3274722993373871,
    0.3258342444896698,
    0.3210848271846771,
    0.3525162637233734,
    0.35059085488319397,
    0.31231242418289185,
    0.29569554328918457,
    0.3108024001121521,
    0.2954314947128296,
    0.3133529722690582,
    0.3152937591075897,
    0.2890562415122986,
    0.2834431231021881,
    0.3197712302207947,
    0.28935086727142334,
    0.2832849323749542,
    0.27532830834388733,
    0.2675170600414276,
    0.2524304687976837,
    0.2670990228652954,
    0.24460531771183014,
    0.25943124294281006,
    0.26660090684890747
  ],
  "val_accuracy": [
    0.7118644118309021,
    0.694915235042572,
    0.7966101765632629,
    0.7457627058029175,
    0.7118644118309021,
    0.7966101765632629,
    0.8305084705352783,
    0.8644067645072937,
    0.8305084705352783,
    0.8474576473236084,
    0.8305084705352783,
    0.8305084705352783,
    0.8305084705352783,
    0.8305084705352783,
    0.7966101765632629,
    0.8305084705352783,
    0.7796609997749329,
    0.8135592937469482,
    0.8305084705352783,
    0.8135592937469482,
    0.8474576473236084,
    0.8135592937469482,
    0.8135592937469482,
    0.8305084705352783,
    0.7966101765632629,
    0.7966101765632629,
    0.7966101765632629,
    0.7966101765632629,
    0.8135592937469482,
    0.7966101765632629,
    0.8135592937469482,
    0.8305084705352783,
    0.8135592937469482,
    0.8135592937469482,
    0.7966101765632629,
    0.8135592937469482,
    0.8135592937469482,
    0.8135592937469482,
    0.8305084705352783,
    0.8135592937469482,
    0.8135592937469482,
    0.8305084705352783,
    0.8135592937469482,
    0.8305084705352783,
    0.8135592937469482,
    0.8135592937469482,
    0.8135592937469482,
    0.8305084705352783,
    0.8305084705352783,
    0.8135592937469482
  ],
  "val_loss": [
    3.0442545413970947,
    2.407890796661377,
    1.2047690153121948,
    0.8364259004592896,
    0.9472126960754395,
    0.7789909243583679,
    0.778972864151001,
    0.7444512248039246,
    0.7949658632278442,
    0.7315714955329895,
    0.7453874349594116,
    0.7473443150520325,
    0.7511245608329773,
    0.7652548551559448,
    0.8198539614677429,
    0.7668042182922363,
    0.9016415476799011,
    0.7584444880485535,
    0.7955610752105713,
    0.7846853137016296,
    0.8110365867614746,
    0.8334885835647583,
    0.8393160104751587,
    0.816706120967865,
    0.7973716855049133,
    0.7794488668441772,
    0.8277573585510254,
    0.8048866391181946,
    0.8560732007026672,
    0.8130394220352173,
    0.7963431477546692,
    0.7119455933570862,
    0.7424490451812744,
    0.781976580619812,
    0.8742117881774902,
    0.7579358816146851,
    0.7346670031547546,
    0.6847125291824341,
    0.8064454197883606,
    0.6839269995689392,
    0.7238640189170837,
    0.763762354850769,
    0.8043701648712158,
    0.8070319294929504,
    0.7708182334899902,
    0.8168004751205444,
    0.7626954317092896,
    0.7338987588882446,
    0.7282133102416992,
    0.7470841407775879
  ]
}