{
  "accuracy": [
    0.375,
    0.75,
    0.625,
    0.75,
    0.5,
    0.625,
    0.625,
    0.625,
    0.75,
    0.875,
    0.875,
    0.875,
    0.75,
    0.75,
    0.875,
    0.875,
    0.875,
    0.875,
    0.875,
    0.875,
    0.875,
    0.875,
    0.875,
    0.75,
    0.875,
    0.875,
    0.875,
    0.875,
    0.875,
    0.875,
    0.875,
    0.875,
    0.875,
    0.625,
    0.875,
    0.875,
    0.875,
    0.875,
    0.875,
    0.875,
    0.75,
    0.875,
    0.875,
    0.875,
    0.875,
    0.875,
    0.875,
    0.875,
    0.75,
    0.75
  ],
  "loss": [
    1.2201789617538452,
    4.875659942626953,
    8.385209083557129,
    8.477914810180664,
    7.251229763031006,
    2.511730194091797,
    1.4215614795684814,
    1.2914156913757324,
    0.7019258141517639,
    0.7749431133270264,
    0.5190371870994568,
    0.6231299638748169,
    0.7338382601737976,
    0.6976957321166992,
    0.6856744289398193,
    0.6646088361740112,
    0.6518287062644958,
    0.8800016641616821,
    0.6574481725692749,
    0.6994393467903137,
    0.6807441711425781,
    0.6389843225479126,
    0.6188912987709045,
    0.785735011100769,
    0.7435195446014404,
    0.6722686886787415,
    0.6728309988975525,
    0.6684579849243164,
    0.599651575088501,
    0.6505914330482483,
    0.5972983837127686,
    0.6770515441894531,
    0.5912795066833496,
    0.9898728728294373,
    0.6755436658859253,
    0.6443628668785095,
    0.6826381683349609,
    0.5873027443885803,
    0.6609047055244446,
    0.6325132250785828,
    2.06650447845459,
    0.5854999423027039,
    0.6570644974708557,
    0.6030157208442688,
    0.6430186033248901,
    0.6015251278877258,
    0.700084924697876,
    0.692634105682373,
    0.8222810626029968,
    0.78314208984375
  ],
  "val_accuracy": [
    1.0,
    0.0,
    0.5,
    0.5,
    0.5,
    1.0,
    1.0,
    1.0,
    1.0,
    1.0,
    1.0,
    1.0,
    1.0,
    1.0,
    1.0,
    1.0,
    1.0,
    1.0,
    1.0,
    1.0,
    1.0,
    1.0,
    0.5,
    1.0,
    1.0,
    1.0,
    1.0,
    1.0,
    1.0,
    1.0,
    1.0,
    1.0,
    0.0,
    0.5,
    0.5,
    1.0,
    1.0,
    1.0,
    1.0,
    1.0,
    1.0,
    1.0,
    1.0,
    1.0,
    0.5,
    0.5,
    0.5,
    0.5,
    0.5,
    1.0
  ],
  "val_loss": [
    0.2893827259540558,
    2.2166905403137207,
    7.633577823638916,
    5.556313991546631,
    1.5821067094802856,
    0.3827335834503174,
    0.487166166305542,
    0.5040735602378845,
    0.526544451713562,
    0.5727611184120178,
    0.5763148069381714,
    0.52912437915802,
    0.506930410861969,
    0.6025697588920593,
    0.5706784725189209,
    0.46727287769317627,
    0.36758866906166077,
    0.4805084466934204,
    0.5635746121406555,
    0.589942455291748,
    0.5823395848274231,
    0.7143491506576538,
    2.1238131523132324,
    0.43016254901885986,
    0.5206266641616821,
    0.5329378247261047,
    0.5275253653526306,
    0.5203170776367188,
    0.5074449181556702,
    0.5001424551010132,
    0.526418924331665,
    0.703574001789093,
    1.3125947713851929,
    1.5346429347991943,
    1.1556845903396606,
    0.47586581110954285,
    0.450992614030838,
    0.45188361406326294,
    0.4607032239437103,
    0.4754994511604309,
    0.49475032091140747,
    0.5046404004096985,
    0.5166887044906616,
    0.6981263756752014,
    1.722877860069275,
    2.7376766204833984,
    3.640324115753174,
    4.350040435791016,
    2.480999708175659,
    0.5219719409942627
  ]
}