{
  "accuracy": [
    0.6355932354927063,
    0.7881355881690979,
    0.7245762944221497,
    0.8220338821411133,
    0.8432203531265259,
    0.8516949415206909,
    0.8644067645072937,
    0.8516949415206909,
    0.8644067645072937,
    0.8644067645072937,
    0.9067796468734741,
    0.8771186470985413,
    0.9110169410705566,
    0.9194915294647217,
    0.9152542352676392,
    0.9237288236618042,
    0.9279661178588867,
    0.9110169410705566,
    0.9406779408454895,
    0.9533898234367371,
    0.944915235042572,
    0.9364407062530518,
    0.9364407062530518,
    0.9491525292396545,
    0.9661017060279846,
    0.9576271176338196,
    0.9491525292396545,
    0.9491525292396545,
    0.9533898234367371,
    0.9576271176338196,
    0.9661017060279846,
    0.9618644118309021,
    0.9618644118309021,
    0.9576271176338196,
    0.9703390002250671,
    0.9703390002250671,
    0.9618644118309021,
    0.9661017060279846,
    0.9618644118309021,
    0.9661017060279846,
    0.9661017060279846,
    0.9703390002250671,
    0.9745762944221497,
    0.9618644118309021,
    0.9661017060279846,
    0.9661017060279846,
    0.9703390002250671,
    0.9661017060279846,
    0.9703390002250671,
    0.9745762944221497
  ],
  "loss": [
    4.180360794067383,
    1.8457368612289429,
    0.9440910816192627,
    0.7360768914222717,
    0.6599114537239075,
    0.6573927402496338,
    0.5988090634346008,
    0.6016811728477478,
    0.5862587690353394,
    0.5699090361595154,
    0.5233030319213867,
    0.5435308814048767,
    0.4880814254283905,
    0.4647026062011719,
    0.46683579683303833,
    0.4690428674221039,
    0.4576386511325836,
    0.44521254301071167,
    0.41498976945877075,
    0.3723268210887909,
    0.38285669684410095,
    0.3841243088245392,
    0.38368669152259827,
    0.38191479444503784,
    0.37564629316329956,
    0.3641289174556732,
    0.35260796546936035,
    0.3348888158798218,
    0.34698671102523804,
    0.3268936574459076,
    0.3418557941913605,
    0.3252882659435272,
    0.2978587746620178,
    0.31636154651641846,
    0.30896028876304626,
    0.2839434742927551,
    0.29190075397491455,
    0.28212952613830566,
    0.30161455273628235,
    0.29493793845176697,
    0.28542789816856384,
    0.2728198766708374,
    0.26903289556503296,
    0.2783649265766144,
    0.2826663851737976,
    0.2768459618091583,
    0.2683089077472687,
    0.2795557379722595,
    0.278260201215744,
    0.24203944206237793
  ],
  "val_accuracy": [
    0.8135592937469482,
    0.7457627058029175,
    0.8305084705352783,
    0.8135592937469482,
    0.7966101765632629,
    0.8135592937469482,
    0.8305084705352783,
    0.8305084705352783,
    0.7966101765632629,
    0.8305084705352783,
    0.8474576473236084,
    0.8644067645072937,
    0.8474576473236084,
    0.8474576473236084,
    0.8474576473236084,
    0.8474576473236084,
    0.8474576473236084,
    0.8305084705352783,
    0.8305084705352783,
    0.8644067645072937,
    0.8305084705352783,
    0.8644067645072937,
    0.8644067645072937,
    0.8474576473236084,
    0.8474576473236084,
    0.8305084705352783,
    0.8474576473236084,
    0.8305084705352783,
    0.8474576473236084,
    0.8305084705352783,
    0.8474576473236084,
    0.8305084705352783,
    0.8644067645072937,
    0.8474576473236084,
    0.8644067645072937,
    0.8644067645072937,
    0.8474576473236084,
    0.8474576473236084,
    0.8474576473236084,
    0.8644067645072937,
    0.8474576473236084,
    0.8474576473236084,
    0.8644067645072937,
    0.8644067645072937,
    0.8644067645072937,
    0.8474576473236084,
    0.8644067645072937,
    0.8474576473236084,
    0.8305084705352783,
    0.8474576473236084
  ],
  "val_loss": [
    1.260516881942749,
    0.7959122657775879,
    0.7211881875991821,
    0.7391837239265442,
    0.7184106707572937,
    0.6873685121536255,
    0.6422522664070129,
    0.651118278503418,
    0.6659285426139832,
    0.638489305973053,
    0.6084006428718567,
    0.5861589312553406,
    0.6113799810409546,
    0.582951545715332,
    0.5723800659179688,
    0.6108481287956238,
    0.5918412208557129,
    0.5559044480323792,
    0.5628873109817505,
    0.6002015471458435,
    0.5675775408744812,
    0.5956110954284668,
    0.6125839948654175,
    0.5892760753631592,
    0.5913550853729248,
    0.6634249687194824,
    0.5868778824806213,
    0.6337893009185791,
    0.604446291923523,
    0.5920318365097046,
    0.6130483746528625,
    0.564919114112854,
    0.5828769207000732,
    0.5725473761558533,
    0.6238519549369812,
    0.5803804993629456,
    0.6382496953010559,
    0.5963332653045654,
    0.559104323387146,
    0.5602104067802429,
    0.6345187425613403,
    0.5668200254440308,
    0.5209085941314697,
    0.5639772415161133,
    0.5821852684020996,
    0.5862317681312561,
    0.5806865096092224,
    0.5521079897880554,
    0.5608168840408325,
    0.5752548575401306
  ]
}