{
  "accuracy": [
    0.875,
    0.625,
    0.625,
    0.625,
    0.5,
    0.375,
    0.75,
    0.875,
    0.75,
    0.75,
    0.625,
    0.75,
    0.875,
    0.75,
    0.625,
    0.875,
    0.875,
    0.75,
    0.625,
    0.875,
    0.625,
    0.75,
    0.625,
    0.75,
    0.875,
    0.875,
    0.875,
    0.875,
    0.875,
    0.75,
    0.875,
    0.75,
    0.875,
    0.875,
    0.875,
    0.875,
    0.875,
    0.875,
    0.875,
    0.875,
    0.875,
    0.875,
    0.875,
    0.875,
    0.875,
    0.875,
    0.75,
    0.875,
    0.875,
    0.875
  ],
  "loss": [
    0.6462485194206238,
    11.462126731872559,
    10.346212387084961,
    6.601618766784668,
    9.488874435424805,
    6.473161697387695,
    7.437633514404297,
    6.475125312805176,
    4.907779693603516,
    7.439754009246826,
    5.891950607299805,
    2.8691954612731934,
    2.3241195678710938,
    1.6934834718704224,
    2.436023712158203,
    0.6236719489097595,
    0.4882138967514038,
    0.6188970804214478,
    0.8406425714492798,
    0.5237392783164978,
    1.3348886966705322,
    0.8704297542572021,
    0.7233798503875732,
    0.6532972455024719,
    0.8373995423316956,
    0.5363771915435791,
    0.5959939956665039,
    0.6384985446929932,
    0.4663112163543701,
    0.9235228896141052,
    0.565734326839447,
    0.9230021238327026,
    0.5606685876846313,
    0.459269642829895,
    0.6024837493896484,
    0.6678541302680969,
    0.5014210939407349,
    0.551011860370636,
    0.7459956407546997,
    0.5851143002510071,
    0.5651759505271912,
    0.4730197787284851,
    0.6084505319595337,
    0.4592551290988922,
    0.582371711730957,
    0.5469855666160583,
    0.6534954905509949,
    0.5227200984954834,
    0.5731005072593689,
    0.4481675624847412
  ],
  "val_accuracy": [
    0.5,
    1.0,
    0.5,
    0.5,
    1.0,
    1.0,
    1.0,
    0.5,
    0.5,
    0.5,
    0.5,
    0.5,
    0.5,
    1.0,
    1.0,
    1.0,
    1.0,
    1.0,
    1.0,
    1.0,
    1.0,
    1.0,
    1.0,
    1.0,
    1.0,
    1.0,
    1.0,
    1.0,
    1.0,
    1.0,
    1.0,
    1.0,
    1.0,
    1.0,
    1.0,
    1.0,
    1.0,
    1.0,
    1.0,
    1.0,
    1.0,
    1.0,
    1.0,
    1.0,
    1.0,
    1.0,
    1.0,
    1.0,
    1.0,
    1.0
  ],
  "val_loss": [
    2.2616689205169678,
    0.2909347116947174,
    1.0110418796539307,
    2.4171507358551025,
    0.26897382736206055,
    0.27417466044425964,
    0.5596317052841187,
    1.4077625274658203,
    1.9547137022018433,
    2.108975648880005,
    1.6771341562271118,
    1.1285041570663452,
    0.7734806537628174,
    0.509078323841095,
    0.3794129490852356,
    0.371352881193161,
    0.3828824758529663,
    0.3927813470363617,
    0.38991686701774597,
    0.40848180651664734,
    0.45070478320121765,
    0.4815845787525177,
    0.5310383439064026,
    0.47974440455436707,
    0.4669407606124878,
    0.46192029118537903,
    0.4466753304004669,
    0.4418851137161255,
    0.4425685405731201,
    0.45770588517189026,
    0.47565147280693054,
    0.4955500662326813,
    0.513831615447998,
    0.5246538519859314,
    0.525436282157898,
    0.5259894132614136,
    0.5212313532829285,
    0.5154544115066528,
    0.5183513164520264,
    0.5147109031677246,
    0.5170981884002686,
    0.5146321058273315,
    0.5130264759063721,
    0.50162672996521,
    0.49284109473228455,
    0.48509442806243896,
    0.4740588068962097,
    0.45781734585762024,
    0.45473185181617737,
    0.44932758808135986
  ]
}