{
  "accuracy": [
    0.6059321761131287,
    0.7796609997749329,
    0.7881355881690979,
    0.7966101765632629,
    0.8601694703102112,
    0.8601694703102112,
    0.8686440587043762,
    0.8813559412956238,
    0.8898305296897888,
    0.8898305296897888,
    0.9279661178588867,
    0.9279661178588867,
    0.9194915294647217,
    0.944915235042572,
    0.944915235042572,
    0.9576271176338196,
    0.9406779408454895,
    0.9406779408454895,
    0.9618644118309021,
    0.9618644118309021,
    0.944915235042572,
    0.9618644118309021,
    0.9618644118309021,
    0.9703390002250671,
    0.9576271176338196,
    0.9618644118309021,
    0.9618644118309021,
    0.9703390002250671,
    0.9618644118309021,
    0.9576271176338196,
    0.9661017060279846,
    0.9703390002250671,
    0.9703390002250671,
    0.9703390002250671,
    0.9703390002250671,
    0.9745762944221497,
    0.9703390002250671,
    0.9661017060279846,
    0.9745762944221497,
    0.9576271176338196,
    0.9703390002250671,
    0.9703390002250671,
    0.9703390002250671,
    0.9703390002250671,
    0.9745762944221497,
    0.9703390002250671,
    0.9745762944221497,
    0.9661017060279846,
    0.9703390002250671,
    0.9618644118309021
  ],
  "loss": [
    5.504724502563477,
    1.1297065019607544,
    0.754815399646759,
    0.7082411646842957,
    0.6738685965538025,
    0.6379081010818481,
    0.6086484789848328,
    0.5652205348014832,
    0.5551356673240662,
    0.5181724429130554,
    0.49392542243003845,
    0.44935137033462524,
    0.48183131217956543,
    0.4520079493522644,
    0.44332700967788696,
    0.40012067556381226,
    0.4386930763721466,
    0.41743406653404236,
    0.3963623046875,
    0.3912235498428345,
    0.37593045830726624,
    0.3647109568119049,
    0.3549172580242157,
    0.3523637354373932,
    0.34423893690109253,
    0.34130561351776123,
    0.3565784990787506,
    0.3285377025604248,
    0.32227179408073425,
    0.34985652565956116,
    0.3482644855976105,
    0.3305128812789917,
    0.31423455476760864,
    0.30979323387145996,
    0.30351579189300537,
    0.3044925928115845,
    0.29503902792930603,
    0.3039643168449402,
    0.29287266731262207,
    0.30680984258651733,
    0.2923104166984558,
    0.27549856901168823,
    0.28548043966293335,
    0.2960239350795746,
    0.2931215763092041,
    0.29792746901512146,
    0.26857900619506836,
    0.27677208185195923,
    0.2672477066516876,
    0.2838042378425598
  ],
  "val_accuracy": [
    0.7796609997749329,
    0.7966101765632629,
    0.7966101765632629,
    0.8474576473236084,
    0.8644067645072937,
    0.8813559412956238,
    0.8813559412956238,
    0.8644067645072937,
    0.8813559412956238,
    0.8813559412956238,
    0.8813559412956238,
    0.8644067645072937,
    0.8983050584793091,
    0.8813559412956238,
    0.8813559412956238,
    0.8644067645072937,
    0.8474576473236084,
    0.8983050584793091,
    0.8813559412956238,
    0.8813559412956238,
    0.8813559412956238,
    0.8644067645072937,
    0.8644067645072937,
    0.8813559412956238,
    0.8644067645072937,
    0.8813559412956238,
    0.8474576473236084,
    0.8813559412956238,
    0.8474576473236084,
    0.8644067645072937,
    0.8474576473236084,
    0.8474576473236084,
    0.8474576473236084,
    0.8305084705352783,
    0.8474576473236084,
    0.8474576473236084,
    0.8644067645072937,
    0.8474576473236084,
    0.8474576473236084,
    0.8474576473236084,
    0.8813559412956238,
    0.8644067645072937,
    0.8474576473236084,
    0.8474576473236084,
    0.8813559412956238,
    0.8474576473236084,
    0.8474576473236084,
    0.8813559412956238,
    0.8474576473236084,
    0.8474576473236084
  ],
  "val_loss": [
    0.9985083937644958,
    0.815287709236145,
    0.8017850518226624,
    0.7608281970024109,
    0.70858234167099,
    0.6846290826797485,
    0.6704279780387878,
    0.6423079967498779,
    0.646397590637207,
    0.6552636027336121,
    0.6270343065261841,
    0.5928903818130493,
    0.6018292307853699,
    0.6080160737037659,
    0.6116666793823242,
    0.5785874128341675,
    0.6337792277336121,
    0.6212432384490967,
    0.58583664894104,
    0.5732938051223755,
    0.605461061000824,
    0.622340738773346,
    0.5942013263702393,
    0.6355633735656738,
    0.5969915986061096,
    0.6273024678230286,
    0.6105223894119263,
    0.6035255789756775,
    0.6655099987983704,
    0.6429219841957092,
    0.6061728000640869,
    0.6343066096305847,
    0.6407231688499451,
    0.6431191563606262,
    0.6340135931968689,
    0.6255900859832764,
    0.6688112020492554,
    0.6013050675392151,
    0.6127673387527466,
    0.6147850155830383,
    0.6286040544509888,
    0.5972418785095215,
    0.6322489380836487,
    0.6499972343444824,
    0.6841259598731995,
    0.6069135069847107,
    0.5928063988685608,
    0.6344794631004333,
    0.6508873105049133,
    0.6084561347961426
  ]
}