{
  "accuracy": [
    0.5,
    0.75,
    0.625,
    0.5,
    0.75,
    0.5,
    0.625,
    0.875,
    0.875,
    0.375,
    0.875,
    0.875,
    0.875,
    0.875,
    0.875,
    0.875,
    0.875,
    0.875,
    0.875,
    0.875,
    0.875,
    0.875,
    0.875,
    0.875,
    0.875,
    0.875,
    0.875,
    0.875,
    0.875,
    0.875,
    0.875,
    0.875,
    0.875,
    0.875,
    0.875,
    0.875,
    0.875,
    0.875,
    0.875,
    0.875,
    0.875,
    0.875,
    0.875,
    0.875,
    0.875,
    0.875,
    0.875,
    0.875,
    0.875,
    0.875
  ],
  "loss": [
    1.032508373260498,
    5.751937389373779,
    5.953473091125488,
    6.9253010749816895,
    3.2481727600097656,
    2.4028384685516357,
    1.2309759855270386,
    0.5747143030166626,
    0.7561434507369995,
    2.0468318462371826,
    0.6301569938659668,
    0.670548141002655,
    0.6554542779922485,
    0.6410878896713257,
    0.6637406945228577,
    0.6955224275588989,
    0.692485511302948,
    0.7762966752052307,
    0.6941270232200623,
    0.6740096211433411,
    0.6507056951522827,
    0.6667667627334595,
    0.6756089925765991,
    0.7174375057220459,
    0.6958622336387634,
    0.6692746877670288,
    0.6753999590873718,
    0.7052693963050842,
    0.6204029321670532,
    0.5929697751998901,
    0.8067986369132996,
    0.6767128109931946,
    0.7000395059585571,
    0.6619039177894592,
    0.7062519788742065,
    0.6735895276069641,
    0.7116802930831909,
    0.6923275589942932,
    0.6710648536682129,
    0.6212890148162842,
    0.5808259844779968,
    0.6939324140548706,
    0.6885180473327637,
    0.6772339344024658,
    0.647110641002655,
    0.6726126670837402,
    0.6987098455429077,
    0.6060187220573425,
    0.657355546951294,
    0.6680141091346741
  ],
  "val_accuracy": [
    1.0,
    0.5,
    0.5,
    0.5,
    1.0,
    1.0,
    1.0,
    1.0,
    0.5,
    0.5,
    0.5,
    1.0,
    1.0,
    1.0,
    1.0,
    1.0,
    1.0,
    1.0,
    1.0,
    1.0,
    1.0,
    0.5,
    0.5,
    0.5,
    0.5,
    0.5,
    1.0,
    1.0,
    1.0,
    1.0,
    1.0,
    1.0,
    1.0,
    1.0,
    1.0,
    1.0,
    1.0,
    1.0,
    1.0,
    1.0,
    1.0,
    1.0,
    1.0,
    1.0,
    1.0,
    1.0,
    1.0,
    1.0,
    1.0,
    1.0
  ],
  "val_loss": [
    0.29569172859191895,
    3.4872965812683105,
    1.8935356140136719,
    0.7386810779571533,
    0.6053370237350464,
    0.4732048213481903,
    0.4254577159881592,
    0.49863293766975403,
    0.8879188895225525,
    0.8165814280509949,
    0.8443610668182373,
    0.7150980234146118,
    0.6298288106918335,
    0.6326720714569092,
    0.6239039301872253,
    0.630520761013031,
    0.6286738514900208,
    0.6440829038619995,
    0.671771764755249,
    0.7162628769874573,
    0.7699093222618103,
    0.8288710713386536,
    0.8782915472984314,
    0.9218590259552002,
    0.9154128432273865,
    0.8960382342338562,
    0.8472198843955994,
    0.8053797483444214,
    0.7531200647354126,
    0.6987577676773071,
    0.6728420853614807,
    0.651317834854126,
    0.6298258900642395,
    0.6112677454948425,
    0.5974804759025574,
    0.5817976593971252,
    0.5729866027832031,
    0.5619662404060364,
    0.5508480668067932,
    0.5370379686355591,
    0.5197558999061584,
    0.5240594744682312,
    0.5270476341247559,
    0.5450730323791504,
    0.563296914100647,
    0.583251416683197,
    0.6363644599914551,
    0.6996855735778809,
    0.7792765498161316,
    0.8703984022140503
  ]
}