{
  "accuracy": [
    0.6355932354927063,
    0.7330508232116699,
    0.8305084705352783,
    0.8305084705352783,
    0.8347457647323608,
    0.8686440587043762,
    0.8813559412956238,
    0.8983050584793091,
    0.8813559412956238,
    0.8855932354927063,
    0.8940678238868713,
    0.9364407062530518,
    0.9576271176338196,
    0.9406779408454895,
    0.9745762944221497,
    0.9788135886192322,
    0.9576271176338196,
    0.9491525292396545,
    0.9661017060279846,
    0.9745762944221497,
    0.9788135886192322,
    0.9703390002250671,
    0.9618644118309021,
    0.9152542352676392,
    0.9576271176338196,
    0.9788135886192322,
    0.9661017060279846,
    0.9745762944221497,
    0.9745762944221497,
    0.991525411605835,
    0.9788135886192322,
    0.9788135886192322,
    0.9872881174087524,
    0.991525411605835,
    0.9788135886192322,
    0.9872881174087524,
    0.9830508232116699,
    0.991525411605835,
    0.9957627058029175,
    0.991525411605835,
    0.9957627058029175,
    0.991525411605835,
    0.9872881174087524,
    0.9957627058029175,
    0.9957627058029175,
    0.9872881174087524,
    0.9957627058029175,
    0.991525411605835,
    0.991525411605835,
    0.9957627058029175
  ],
  "loss": [
    4.023413181304932,
    1.0576714277267456,
    0.8337464928627014,
    0.7697700262069702,
    0.7515857219696045,
    0.6757645010948181,
    0.6254690289497375,
    0.6529821157455444,
    0.6507560610771179,
    0.6183648705482483,
    0.5630875825881958,
    0.5081095695495605,
    0.45537418127059937,
    0.43807825446128845,
    0.39177680015563965,
    0.3902118504047394,
    0.4103972315788269,
    0.3929816782474518,
    0.36143043637275696,
    0.3414604365825653,
    0.3375728130340576,
    0.35211217403411865,
    0.4389568567276001,
    0.48364874720573425,
    0.3971903920173645,
    0.34895411133766174,
    0.3245116174221039,
    0.3337084949016571,
    0.29315346479415894,
    0.28947797417640686,
    0.28812524676322937,
    0.29573366045951843,
    0.2796892523765564,
    0.23792174458503723,
    0.2704983353614807,
    0.24052080512046814,
    0.24735644459724426,
    0.22657305002212524,
    0.21473750472068787,
    0.2234617918729782,
    0.20495828986167908,
    0.20631712675094604,
    0.20666010677814484,
    0.19805191457271576,
    0.19988109171390533,
    0.18679401278495789,
    0.1854725182056427,
    0.20506587624549866,
    0.1816912293434143,
    0.17709718644618988
  ],
  "val_accuracy": [
    0.7118644118309021,
    0.7118644118309021,
    0.7966101765632629,
    0.7457627058029175,
    0.8305084705352783,
    0.8474576473236084,
    0.8474576473236084,
    0.694915235042572,
    0.33898305892944336,
    0.7966101765632629,
    0.8135592937469482,
    0.7966101765632629,
    0.7966101765632629,
    0.7966101765632629,
    0.7796609997749329,
    0.8305084705352783,
    0.8135592937469482,
    0.7627118825912476,
    0.7966101765632629,
    0.8305084705352783,
    0.8305084705352783,
    0.8135592937469482,
    0.7118644118309021,
    0.8135592937469482,
    0.8135592937469482,
    0.8135592937469482,
    0.8135592937469482,
    0.8135592937469482,
    0.8305084705352783,
    0.8305084705352783,
    0.8305084705352783,
    0.8305084705352783,
    0.8305084705352783,
    0.8474576473236084,
    0.8474576473236084,
    0.8305084705352783,
    0.8474576473236084,
    0.8474576473236084,
    0.8474576473236084,
    0.8305084705352783,
    0.8474576473236084,
    0.8474576473236084,
    0.8474576473236084,
    0.8474576473236084,
    0.8474576473236084,
    0.8474576473236084,
    0.8474576473236084,
    0.8474576473236084,
    0.8474576473236084,
    0.8305084705352783
  ],
  "val_loss": [
    2.346043586730957,
    0.9816550612449646,
    0.9812473654747009,
    1.134642481803894,
    1.1373200416564941,
    1.2957037687301636,
    1.1174731254577637,
    1.865429162979126,
    0.9810162782669067,
    0.8741266131401062,
    0.733489990234375,
    0.7921434640884399,
    0.7880227565765381,
    0.9677272439002991,
    0.8102788329124451,
    0.7184852361679077,
    0.8835799694061279,
    0.9279630184173584,
    0.7225201725959778,
    0.7305054068565369,
    0.7764289975166321,
    0.7253288626670837,
    2.5101282596588135,
    0.6559343338012695,
    0.6937660574913025,
    0.832778811454773,
    0.8033890724182129,
    0.7237974405288696,
    0.733087956905365,
    0.7330165505409241,
    0.7243344783782959,
    0.7478614449501038,
    0.7320272326469421,
    0.7520031332969666,
    0.7795125246047974,
    0.7332358956336975,
    0.7173383831977844,
    0.7147092223167419,
    0.7180986404418945,
    0.6811953783035278,
    0.7070908546447754,
    0.696629524230957,
    0.698407769203186,
    0.7127040028572083,
    0.7223114967346191,
    0.7524482011795044,
    0.7762994766235352,
    0.7686142325401306,
    0.7605606913566589,
    0.7742106914520264
  ]
}