{
  "accuracy": [
    0.6186440587043762,
    0.6483050584793091,
    0.7669491767883301,
    0.8093220591545105,
    0.8305084705352783,
    0.8559321761131287,
    0.8771186470985413,
    0.9025423526763916,
    0.8855932354927063,
    0.9279661178588867,
    0.9110169410705566,
    0.9491525292396545,
    0.9406779408454895,
    0.9406779408454895,
    0.9618644118309021,
    0.9661017060279846,
    0.9618644118309021,
    0.9491525292396545,
    0.9618644118309021,
    0.9703390002250671,
    0.9661017060279846,
    0.9703390002250671,
    0.9661017060279846,
    0.9703390002250671,
    0.9661017060279846,
    0.9745762944221497,
    0.9745762944221497,
    0.9745762944221497,
    0.9661017060279846,
    0.9745762944221497,
    0.9745762944221497,
    0.9745762944221497,
    0.9745762944221497,
    0.9703390002250671,
    0.9745762944221497,
    0.9703390002250671,
    0.9703390002250671,
    0.9618644118309021,
    0.9745762944221497,
    0.9618644118309021,
    0.9703390002250671,
    0.9703390002250671,
    0.9703390002250671,
    0.9703390002250671,
    0.9745762944221497,
    0.9703390002250671,
    0.9745762944221497,
    0.9703390002250671,
    0.9745762944221497,
    0.9703390002250671
  ],
  "loss": [
    5.250492572784424,
    1.1336076259613037,
    0.9071659445762634,
    0.8225010633468628,
    0.7986637949943542,
    0.7321226596832275,
    0.6454671621322632,
    0.6237043142318726,
    0.5872527360916138,
    0.5209897756576538,
    0.5431215167045593,
    0.4742185175418854,
    0.47830113768577576,
    0.4638497531414032,
    0.43544337153434753,
    0.3957270681858063,
    0.3984687328338623,
    0.38741955161094666,
    0.4132138192653656,
    0.3768415153026581,
    0.3624143898487091,
    0.36229637265205383,
    0.3487206697463989,
    0.33171162009239197,
    0.3570087254047394,
    0.3165596127510071,
    0.34370261430740356,
    0.33200520277023315,
    0.314705491065979,
    0.3020499050617218,
    0.2987036108970642,
    0.27731600403785706,
    0.3171403706073761,
    0.2850050926208496,
    0.2749638259410858,
    0.2717704176902771,
    0.2670300602912903,
    0.29554152488708496,
    0.29090574383735657,
    0.29804277420043945,
    0.28174662590026855,
    0.2874194085597992,
    0.2777789533138275,
    0.27376261353492737,
    0.27162566781044006,
    0.27213770151138306,
    0.2540499269962311,
    0.2622493803501129,
    0.22416721284389496,
    0.2541787028312683
  ],
  "val_accuracy": [
    0.6271186470985413,
    0.7966101765632629,
    0.7796609997749329,
    0.8135592937469482,
    0.8305084705352783,
    0.7796609997749329,
    0.8644067645072937,
    0.8644067645072937,
    0.8474576473236084,
    0.8644067645072937,
    0.8135592937469482,
    0.8474576473236084,
    0.8813559412956238,
    0.8474576473236084,
    0.8644067645072937,
    0.8474576473236084,
    0.8305084705352783,
    0.8474576473236084,
    0.8305084705352783,
    0.8474576473236084,
    0.8474576473236084,
    0.8474576473236084,
    0.8474576473236084,
    0.8474576473236084,
    0.8474576473236084,
    0.8474576473236084,
    0.8305084705352783,
    0.8474576473236084,
    0.8474576473236084,
    0.8474576473236084,
    0.8474576473236084,
    0.8474576473236084,
    0.8474576473236084,
    0.8813559412956238,
    0.8474576473236084,
    0.8474576473236084,
    0.8474576473236084,
    0.8474576473236084,
    0.8644067645072937,
    0.8474576473236084,
    0.8644067645072937,
    0.8474576473236084,
    0.8644067645072937,
    0.8474576473236084,
    0.8474576473236084,
    0.8644067645072937,
    0.8305084705352783,
    0.8644067645072937,
    0.8474576473236084,
    0.8644067645072937
  ],
  "val_loss": [
    0.8435285091400146,
    0.9097350239753723,
    0.882937490940094,
    0.7917925119400024,
    0.7617196440696716,
    0.747786819934845,
    0.6684712171554565,
    0.6648813486099243,
    0.6874290108680725,
    0.6610848307609558,
    0.6852064728736877,
    0.762039303779602,
    0.685069739818573,
    0.6230006814002991,
    0.7639533281326294,
    0.72385573387146,
    0.7072997093200684,
    0.6539590358734131,
    0.7364946007728577,
    0.6836255788803101,
    0.7301462888717651,
    0.7450207471847534,
    0.8432737588882446,
    0.7194292545318604,
    0.7427800893783569,
    0.6914744973182678,
    0.7898462414741516,
    0.7752276659011841,
    0.7205082774162292,
    0.6976193189620972,
    0.7181713581085205,
    0.7011701464653015,
    0.7324194312095642,
    0.7771860957145691,
    0.7039452195167542,
    0.7480263710021973,
    0.7247000336647034,
    0.654398500919342,
    0.6667360067367554,
    0.6811510324478149,
    0.7705042958259583,
    0.6144763231277466,
    0.6314645409584045,
    0.6686526536941528,
    0.6641240119934082,
    0.8516039848327637,
    0.9595795273780823,
    0.7392517924308777,
    0.7484139800071716,
    0.7177248597145081
  ]
}