{
  "accuracy": [
    0.625,
    0.5,
    0.75,
    0.625,
    0.625,
    0.625,
    0.625,
    0.5,
    0.625,
    1.0,
    0.75,
    0.875,
    0.875,
    0.875,
    0.625,
    0.375,
    0.75,
    0.75,
    0.875,
    0.875,
    0.875,
    0.875,
    0.875,
    0.875,
    0.75,
    0.875,
    0.875,
    0.875,
    0.875,
    0.875,
    0.875,
    0.875,
    0.875,
    0.875,
    0.875,
    0.875,
    0.875,
    0.875,
    0.875,
    0.875,
    0.875,
    0.875,
    0.875,
    0.875,
    0.875,
    0.875,
    0.875,
    0.875,
    0.875,
    0.875
  ],
  "loss": [
    0.8880713582038879,
    9.408600807189941,
    5.419613838195801,
    7.832158088684082,
    10.594012260437012,
    4.076401233673096,
    2.899125099182129,
    2.8231663703918457,
    2.407663583755493,
    0.2764003872871399,
    1.9335246086120605,
    1.085234522819519,
    0.9093602299690247,
    0.7702969312667847,
    0.7688385248184204,
    1.0289466381072998,
    0.725557804107666,
    0.7934070825576782,
    0.5745559334754944,
    0.816868782043457,
    0.7769144773483276,
    0.49027764797210693,
    0.7222774624824524,
    0.6554128527641296,
    0.7755562663078308,
    0.6252700090408325,
    0.6710259914398193,
    0.660642147064209,
    0.5898792743682861,
    0.6358706951141357,
    0.5955396294593811,
    0.5512596368789673,
    0.5453370213508606,
    0.6464160680770874,
    0.6036021709442139,
    0.7681484222412109,
    0.5564680099487305,
    0.6393792629241943,
    0.7036224007606506,
    0.6070689558982849,
    0.6767745018005371,
    0.6797979474067688,
    0.6462326645851135,
    0.5474239587783813,
    0.6680484414100647,
    0.6494428515434265,
    0.7803999781608582,
    0.5693367719650269,
    0.6574011445045471,
    0.6163199543952942
  ],
  "val_accuracy": [
    1.0,
    1.0,
    1.0,
    1.0,
    0.5,
    1.0,
    1.0,
    1.0,
    1.0,
    1.0,
    1.0,
    1.0,
    1.0,
    0.0,
    0.0,
    0.5,
    1.0,
    1.0,
    1.0,
    1.0,
    1.0,
    1.0,
    1.0,
    1.0,
    1.0,
    1.0,
    1.0,
    1.0,
    1.0,
    1.0,
    1.0,
    1.0,
    1.0,
    1.0,
    1.0,
    1.0,
    1.0,
    1.0,
    1.0,
    1.0,
    1.0,
    1.0,
    1.0,
    1.0,
    1.0,
    1.0,
    1.0,
    1.0,
    1.0,
    1.0
  ],
  "val_loss": [
    0.41517654061317444,
    0.2678050398826599,
    0.2530531585216522,
    0.2549766004085541,
    1.372975468635559,
    0.39367255568504333,
    0.2589578628540039,
    0.25537416338920593,
    0.2561286687850952,
    0.26132091879844666,
    0.27699220180511475,
    0.3241380453109741,
    0.49599364399909973,
    1.0348116159439087,
    1.453539490699768,
    0.9879983067512512,
    0.687473714351654,
    0.46172985434532166,
    0.39368849992752075,
    0.3866838812828064,
    0.4265473783016205,
    0.45277273654937744,
    0.5371090173721313,
    0.5742228031158447,
    0.547397792339325,
    0.5285164713859558,
    0.5123663544654846,
    0.5059542655944824,
    0.4992527961730957,
    0.5030614137649536,
    0.4981335699558258,
    0.4860711395740509,
    0.4690423607826233,
    0.46338483691215515,
    0.45788446068763733,
    0.4806494414806366,
    0.4961978495121002,
    0.5223491191864014,
    0.5553997159004211,
    0.5631111860275269,
    0.5659021735191345,
    0.5427857041358948,
    0.5113322734832764,
    0.44183945655822754,
    0.41209980845451355,
    0.41742363572120667,
    0.4637892544269562,
    0.4882352352142334,
    0.5175409913063049,
    0.5355525612831116
  ]
}