{
  "accuracy": [
    0.6906779408454895,
    0.7923728823661804,
    0.8008474707603455,
    0.8474576473236084,
    0.8728813529014587,
    0.8516949415206909,
    0.8771186470985413,
    0.9279661178588867,
    0.9110169410705566,
    0.9576271176338196,
    0.9576271176338196,
    0.9618644118309021,
    0.9618644118309021,
    0.9618644118309021,
    0.9703390002250671,
    0.9703390002250671,
    0.9745762944221497,
    0.9661017060279846,
    0.9661017060279846,
    0.9661017060279846,
    0.9703390002250671,
    0.9703390002250671,
    0.9745762944221497,
    0.9703390002250671,
    0.9745762944221497,
    0.9745762944221497,
    0.9703390002250671,
    0.9576271176338196,
    0.9703390002250671,
    0.9661017060279846,
    0.9745762944221497,
    0.9703390002250671,
    0.9745762944221497,
    0.9703390002250671,
    0.9745762944221497,
    0.9745762944221497,
    0.9745762944221497,
    0.9703390002250671,
    0.9745762944221497,
    0.9703390002250671,
    0.9703390002250671,
    0.9618644118309021,
    0.9745762944221497,
    0.9618644118309021,
    0.9745762944221497,
    0.9533898234367371,
    0.9703390002250671,
    0.9618644118309021,
    0.9703390002250671,
    0.9661017060279846
  ],
  "loss": [
    5.017011642456055,
    1.2322981357574463,
    0.8184019923210144,
    0.7341598272323608,
    0.674317479133606,
    0.6861845254898071,
    0.654664933681488,
    0.5433960556983948,
    0.5517058372497559,
    0.470912903547287,
    0.4326067864894867,
    0.4048501253128052,
    0.4073534905910492,
    0.39228925108909607,
    0.35358160734176636,
    0.3681204915046692,
    0.3718911409378052,
    0.35149720311164856,
    0.3548203110694885,
    0.3349391222000122,
    0.3757609724998474,
    0.3206532895565033,
    0.3017592132091522,
    0.3091709613800049,
    0.2840273678302765,
    0.2977038025856018,
    0.2997899651527405,
    0.3115996718406677,
    0.29407545924186707,
    0.29589226841926575,
    0.26568713784217834,
    0.27600187063217163,
    0.26657915115356445,
    0.271106094121933,
    0.266765296459198,
    0.24677255749702454,
    0.24047298729419708,
    0.23258192837238312,
    0.24251961708068848,
    0.22959740459918976,
    0.23780982196331024,
    0.24644066393375397,
    0.22585147619247437,
    0.24453704059123993,
    0.23449359834194183,
    0.2637069821357727,
    0.2402385175228119,
    0.26809966564178467,
    0.26780983805656433,
    0.25286760926246643
  ],
  "val_accuracy": [
    0.6271186470985413,
    0.8644067645072937,
    0.8474576473236084,
    0.8305084705352783,
    0.8813559412956238,
    0.8813559412956238,
    0.8813559412956238,
    0.8644067645072937,
    0.8644067645072937,
    0.8474576473236084,
    0.8474576473236084,
    0.8644067645072937,
    0.8474576473236084,
    0.8305084705352783,
    0.8305084705352783,
    0.8305084705352783,
    0.8305084705352783,
    0.8135592937469482,
    0.8135592937469482,
    0.8644067645072937,
    0.8135592937469482,
    0.8305084705352783,
    0.8474576473236084,
    0.8474576473236084,
    0.8474576473236084,
    0.8305084705352783,
    0.8644067645072937,
    0.8135592937469482,
    0.8135592937469482,
    0.8474576473236084,
    0.8305084705352783,
    0.8305084705352783,
    0.8305084705352783,
    0.8305084705352783,
    0.8305084705352783,
    0.8305084705352783,
    0.8135592937469482,
    0.8135592937469482,
    0.8135592937469482,
    0.8135592937469482,
    0.8305084705352783,
    0.8305084705352783,
    0.8135592937469482,
    0.7966101765632629,
    0.7966101765632629,
    0.8644067645072937,
    0.8305084705352783,
    0.8474576473236084,
    0.8474576473236084,
    0.8305084705352783
  ],
  "val_loss": [
    1.0352834463119507,
    0.840906023979187,
    0.7801469564437866,
    0.7311568260192871,
    0.7243702411651611,
    0.6514104604721069,
    0.6836732625961304,
    0.6541679501533508,
    0.680225133895874,
    0.6713405251502991,
    0.6760557889938354,
    0.6747440695762634,
    0.6602307558059692,
    0.7424326539039612,
    0.7106261253356934,
    0.6724133491516113,
    0.7872018218040466,
    0.6725083589553833,
    0.7501707077026367,
    0.6473032236099243,
    0.7531041502952576,
    0.6367661952972412,
    0.6968418955802917,
    0.7128535509109497,
    0.7279403805732727,
    0.7331148982048035,
    0.6858345866203308,
    0.7835777997970581,
    0.5665371417999268,
    0.6608998775482178,
    0.7505362033843994,
    0.7969920635223389,
    0.72392338514328,
    0.7365161180496216,
    0.7712442874908447,
    0.7635182738304138,
    0.7855271100997925,
    0.8948560953140259,
    0.7457259893417358,
    0.7745580673217773,
    0.7806846499443054,
    0.7716841697692871,
    0.7139825224876404,
    0.8088173270225525,
    0.5952707529067993,
    0.7115098237991333,
    0.6711825132369995,
    0.7029389142990112,
    0.5939783453941345,
    0.6841583847999573
  ]
}