{
  "accuracy": [
    0.6525423526763916,
    0.7372881174087524,
    0.7838982939720154,
    0.7754237055778503,
    0.8008474707603455,
    0.7966101765632629,
    0.8389830589294434,
    0.8559321761131287,
    0.8728813529014587,
    0.8898305296897888,
    0.8983050584793091,
    0.9406779408454895,
    0.944915235042572,
    0.9661017060279846,
    0.9618644118309021,
    0.9788135886192322,
    0.9745762944221497,
    0.991525411605835,
    0.991525411605835,
    0.9872881174087524,
    0.9830508232116699,
    0.991525411605835,
    0.991525411605835,
    0.991525411605835,
    0.991525411605835,
    0.9872881174087524,
    0.991525411605835,
    0.991525411605835,
    0.991525411605835,
    0.991525411605835,
    0.9872881174087524,
    0.9872881174087524,
    0.991525411605835,
    0.991525411605835,
    0.991525411605835,
    0.991525411605835,
    0.9957627058029175,
    0.9872881174087524,
    0.9788135886192322,
    0.991525411605835,
    0.991525411605835,
    0.991525411605835,
    0.9957627058029175,
    0.9830508232116699,
    0.9788135886192322,
    0.9957627058029175,
    0.9957627058029175,
    0.9872881174087524,
    0.9745762944221497,
    0.9830508232116699
  ],
  "loss": [
    6.541938781738281,
    1.0271670818328857,
    0.9266670346260071,
    0.861465573310852,
    0.8729027509689331,
    0.7974048256874084,
    0.7532330751419067,
    0.6849856376647949,
    0.619364857673645,
    0.6276066303253174,
    0.5224798321723938,
    0.4799315929412842,
    0.46608221530914307,
    0.3996223509311676,
    0.3943759799003601,
    0.373223215341568,
    0.3446425795555115,
    0.3152751922607422,
    0.31905341148376465,
    0.3095669448375702,
    0.30364808440208435,
    0.2853343188762665,
    0.2837097942829132,
    0.26431548595428467,
    0.2546789348125458,
    0.25436004996299744,
    0.25594112277030945,
    0.2385413944721222,
    0.2237185835838318,
    0.23747922480106354,
    0.22268718481063843,
    0.22538799047470093,
    0.23734116554260254,
    0.2120492309331894,
    0.403901606798172,
    0.21435679495334625,
    0.26470252871513367,
    0.24243846535682678,
    0.22735349833965302,
    0.20029814541339874,
    0.21917738020420074,
    0.2188120037317276,
    0.194707989692688,
    0.21406906843185425,
    0.20303748548030853,
    0.20343554019927979,
    0.18798348307609558,
    0.19789887964725494,
    0.21668313443660736,
    0.2114436775445938
  ],
  "val_accuracy": [
    0.7288135886192322,
    0.23728813230991364,
    0.694915235042572,
    0.6779661178588867,
    0.7118644118309021,
    0.7118644118309021,
    0.7796609997749329,
    0.7118644118309021,
    0.7118644118309021,
    0.8135592937469482,
    0.7627118825912476,
    0.7966101765632629,
    0.7796609997749329,
    0.7457627058029175,
    0.7118644118309021,
    0.8305084705352783,
    0.8305084705352783,
    0.7457627058029175,
    0.8135592937469482,
    0.7627118825912476,
    0.8305084705352783,
    0.7966101765632629,
    0.7966101765632629,
    0.7966101765632629,
    0.7966101765632629,
    0.8135592937469482,
    0.7966101765632629,
    0.7966101765632629,
    0.7966101765632629,
    0.7966101765632629,
    0.7966101765632629,
    0.7796609997749329,
    0.8135592937469482,
    0.7457627058029175,
    0.8135592937469482,
    0.7966101765632629,
    0.7627118825912476,
    0.7457627058029175,
    0.8135592937469482,
    0.7627118825912476,
    0.8135592937469482,
    0.7627118825912476,
    0.8474576473236084,
    0.7457627058029175,
    0.8305084705352783,
    0.7457627058029175,
    0.7796609997749329,
    0.8135592937469482,
    0.7796609997749329,
    0.7966101765632629
  ],
  "val_loss": [
    5.3455023765563965,
    1.3683087825775146,
    1.2389448881149292,
    1.261208176612854,
    1.0624241828918457,
    1.1685190200805664,
    0.8735212683677673,
    1.0902469158172607,
    1.0884264707565308,
    0.8444914817810059,
    0.943210780620575,
    0.9771807789802551,
    0.8294640183448792,
    0.9363958239555359,
    1.4782781600952148,
    0.6950714588165283,
    0.7966682314872742,
    0.9892348051071167,
    0.8231160640716553,
    0.9788400530815125,
    0.8650833964347839,
    0.8353512287139893,
    0.8334725499153137,
    0.867127537727356,
    1.0478612184524536,
    0.9086311459541321,
    0.8638330101966858,
    0.9471583366394043,
    1.0751698017120361,
    0.9521554112434387,
    0.7676774263381958,
    1.0441532135009766,
    0.8029566407203674,
    2.249293804168701,
    0.7878515124320984,
    1.105859637260437,
    1.2042464017868042,
    1.0355886220932007,
    0.7863532900810242,
    0.9804560542106628,
    0.6507701277732849,
    0.9564834833145142,
    0.603586733341217,
    0.9589633345603943,
    0.5978926420211792,
    0.9683566689491272,
    0.7740407586097717,
    0.7040497064590454,
    0.735957145690918,
    0.6367415189743042
  ]
}