{
  "accuracy": [
    0.6610169410705566,
    0.694915235042572,
    0.8135592937469482,
    0.8262711763381958,
    0.8389830589294434,
    0.8559321761131287,
    0.8898305296897888,
    0.9110169410705566,
    0.9194915294647217,
    0.9237288236618042,
    0.9279661178588867,
    0.9576271176338196,
    0.9661017060279846,
    0.9576271176338196,
    0.9618644118309021,
    0.9703390002250671,
    0.9745762944221497,
    0.9745762944221497,
    0.9576271176338196,
    0.9661017060279846,
    0.9618644118309021,
    0.9661017060279846,
    0.9661017060279846,
    0.9745762944221497,
    0.9745762944221497,
    0.9703390002250671,
    0.9703390002250671,
    0.9703390002250671,
    0.9745762944221497,
    0.9745762944221497,
    0.9703390002250671,
    0.9745762944221497,
    0.9703390002250671,
    0.9745762944221497,
    0.9703390002250671,
    0.9745762944221497,
    0.9745762944221497,
    0.9745762944221497,
    0.9703390002250671,
    0.9745762944221497,
    0.9703390002250671,
    0.9618644118309021,
    0.9703390002250671,
    0.9661017060279846,
    0.9745762944221497,
    0.9745762944221497,
    0.9745762944221497,
    0.9618644118309021,
    0.9661017060279846,
    0.9703390002250671
  ],
  "loss": [
    4.0471577644348145,
    1.152505874633789,
    0.866173267364502,
    0.7719197273254395,
    0.7422480583190918,
    0.6851319074630737,
    0.6284764409065247,
    0.5794422626495361,
    0.5443130731582642,
    0.5328124165534973,
    0.48837873339653015,
    0.40469667315483093,
    0.39989790320396423,
    0.3979298174381256,
    0.3911266028881073,
    0.37984248995780945,
    0.3370313048362732,
    0.3449491858482361,
    0.3465195596218109,
    0.3473767638206482,
    0.33802491426467896,
    0.33384180068969727,
    0.3195955455303192,
    0.30080997943878174,
    0.2899261713027954,
    0.27875781059265137,
    0.3082299828529358,
    0.29778292775154114,
    0.27099692821502686,
    0.27368324995040894,
    0.27359539270401,
    0.25765660405158997,
    0.2637784779071808,
    0.2483612447977066,
    0.2390311360359192,
    0.24884186685085297,
    0.2430652230978012,
    0.23926086723804474,
    0.22663596272468567,
    0.23147815465927124,
    0.24746458232402802,
    0.23373456299304962,
    0.24195116758346558,
    0.24628065526485443,
    0.22433190047740936,
    0.22799339890480042,
    0.20794542133808136,
    0.23108886182308197,
    0.2315254658460617,
    0.21825900673866272
  ],
  "val_accuracy": [
    0.6440678238868713,
    0.7796609997749329,
    0.8474576473236084,
    0.7457627058029175,
    0.8813559412956238,
    0.8644067645072937,
    0.8474576473236084,
    0.8305084705352783,
    0.8135592937469482,
    0.7627118825912476,
    0.8305084705352783,
    0.8474576473236084,
    0.8305084705352783,
    0.8474576473236084,
    0.8474576473236084,
    0.8305084705352783,
    0.8474576473236084,
    0.8474576473236084,
    0.8474576473236084,
    0.8474576473236084,
    0.8474576473236084,
    0.7966101765632629,
    0.8474576473236084,
    0.8474576473236084,
    0.8135592937469482,
    0.8474576473236084,
    0.8135592937469482,
    0.8474576473236084,
    0.8474576473236084,
    0.8474576473236084,
    0.8135592937469482,
    0.8135592937469482,
    0.8135592937469482,
    0.8305084705352783,
    0.8474576473236084,
    0.8474576473236084,
    0.8474576473236084,
    0.8474576473236084,
    0.8644067645072937,
    0.8474576473236084,
    0.8644067645072937,
    0.8474576473236084,
    0.8135592937469482,
    0.8474576473236084,
    0.8474576473236084,
    0.8474576473236084,
    0.8474576473236084,
    0.7966101765632629,
    0.8305084705352783,
    0.8474576473236084
  ],
  "val_loss": [
    1.1281836032867432,
    0.9562248587608337,
    0.82456374168396,
    0.8396616578102112,
    0.7221886515617371,
    0.7093521356582642,
    0.6735149025917053,
    0.7101934552192688,
    0.8067194223403931,
    0.7268248796463013,
    0.7414274215698242,
    0.7424410581588745,
    0.7572499513626099,
    0.7168976068496704,
    0.7113755941390991,
    0.7417858839035034,
    0.7491703629493713,
    0.7869203686714172,
    0.7910635471343994,
    0.823424756526947,
    0.7200669050216675,
    0.8908265233039856,
    0.7342935800552368,
    0.8159197568893433,
    0.9212662577629089,
    0.7305527925491333,
    0.7458727359771729,
    0.7710511684417725,
    0.7866529226303101,
    0.7975819706916809,
    0.7440316677093506,
    0.7481735348701477,
    0.7492462992668152,
    0.8419763445854187,
    0.8331800699234009,
    0.8158411383628845,
    0.7959808707237244,
    0.7888545393943787,
    0.8207226991653442,
    0.7775442004203796,
    0.6695170998573303,
    0.6659905314445496,
    0.7232609391212463,
    0.661486029624939,
    0.7272328734397888,
    0.842777669429779,
    0.8174400925636292,
    0.8936823010444641,
    0.6699713468551636,
    0.8220624923706055
  ]
}