{
  "accuracy": [
    0.6525423526763916,
    0.7754237055778503,
    0.8601694703102112,
    0.8728813529014587,
    0.8728813529014587,
    0.9279661178588867,
    0.9237288236618042,
    0.9533898234367371,
    0.9406779408454895,
    0.944915235042572,
    0.9533898234367371,
    0.9406779408454895,
    0.9491525292396545,
    0.9618644118309021,
    0.9661017060279846,
    0.9703390002250671,
    0.9703390002250671,
    0.9703390002250671,
    0.9703390002250671,
    0.9703390002250671,
    0.9745762944221497,
    0.9703390002250671,
    0.9745762944221497,
    0.9703390002250671,
    0.9703390002250671,
    0.9745762944221497,
    0.9745762944221497,
    0.9703390002250671,
    0.9745762944221497,
    0.9703390002250671,
    0.9745762944221497,
    0.9618644118309021,
    0.9618644118309021,
    0.9745762944221497,
    0.9745762944221497,
    0.9533898234367371,
    0.9491525292396545,
    0.9364407062530518,
    0.9491525292396545,
    0.9406779408454895,
    0.9491525292396545,
    0.9533898234367371,
    0.9491525292396545,
    0.9661017060279846,
    0.9618644118309021,
    0.9661017060279846,
    0.9703390002250671,
    0.9703390002250671,
    0.9661017060279846,
    0.9745762944221497
  ],
  "loss": [
    3.9049837589263916,
    0.9795169234275818,
    0.7386474013328552,
    0.7033601999282837,
    0.7119449973106384,
    0.6463721394538879,
    0.5774793028831482,
    0.5195677280426025,
    0.49680715799331665,
    0.49862924218177795,
    0.4760608375072479,
    0.49161338806152344,
    0.4529424011707306,
    0.4349873661994934,
    0.4093210697174072,
    0.3743346631526947,
    0.3654002845287323,
    0.3642520010471344,
    0.3774605691432953,
    0.3330595791339874,
    0.33323922753334045,
    0.3191145658493042,
    0.3227238953113556,
    0.31995734572410583,
    0.31575432419776917,
    0.3030434846878052,
    0.2819691598415375,
    0.2998022437095642,
    0.29173752665519714,
    0.29951804876327515,
    0.28090041875839233,
    0.29961639642715454,
    0.2880050837993622,
    0.28626325726509094,
    0.2761562466621399,
    0.34002000093460083,
    0.35322195291519165,
    0.3855384588241577,
    0.3300490379333496,
    0.37322288751602173,
    0.3836669623851776,
    0.3570755124092102,
    0.3732757866382599,
    0.3386266529560089,
    0.3199501633644104,
    0.3194184899330139,
    0.2995539903640747,
    0.2797664701938629,
    0.28181493282318115,
    0.27885428071022034
  ],
  "val_accuracy": [
    0.7966101765632629,
    0.8305084705352783,
    0.8305084705352783,
    0.8305084705352783,
    0.8474576473236084,
    0.8644067645072937,
    0.8305084705352783,
    0.8135592937469482,
    0.8305084705352783,
    0.8135592937469482,
    0.8474576473236084,
    0.8305084705352783,
    0.8305084705352783,
    0.8474576473236084,
    0.8305084705352783,
    0.8305084705352783,
    0.8474576473236084,
    0.8305084705352783,
    0.8474576473236084,
    0.8474576473236084,
    0.8474576473236084,
    0.8305084705352783,
    0.8305084705352783,
    0.8474576473236084,
    0.8474576473236084,
    0.8474576473236084,
    0.8305084705352783,
    0.8644067645072937,
    0.8474576473236084,
    0.8474576473236084,
    0.8305084705352783,
    0.8474576473236084,
    0.8305084705352783,
    0.8644067645072937,
    0.8135592937469482,
    0.8305084705352783,
    0.7796609997749329,
    0.8305084705352783,
    0.8474576473236084,
    0.7796609997749329,
    0.8135592937469482,
    0.8135592937469482,
    0.8135592937469482,
    0.8644067645072937,
    0.8474576473236084,
    0.8644067645072937,
    0.8644067645072937,
    0.8474576473236084,
    0.8644067645072937,
    0.8305084705352783
  ],
  "val_loss": [
    0.9017431735992432,
    0.7646087408065796,
    0.7738284468650818,
    0.756214439868927,
    0.7573059797286987,
    0.7502451539039612,
    0.6993246674537659,
    0.7904736995697021,
    0.8031783103942871,
    0.7102457880973816,
    0.7957625985145569,
    0.7348618507385254,
    0.7511805891990662,
    0.6783986687660217,
    0.7440634965896606,
    0.7222561836242676,
    0.8227221965789795,
    0.7897221446037292,
    0.8903368711471558,
    0.7194604277610779,
    0.8115603923797607,
    0.8398962616920471,
    0.896057665348053,
    0.7908108234405518,
    0.838210940361023,
    0.9505189657211304,
    0.7209000587463379,
    0.8616316318511963,
    0.694738507270813,
    0.8135432600975037,
    0.7484574317932129,
    0.8343531489372253,
    0.672968864440918,
    0.6850555539131165,
    0.7932519912719727,
    0.6256735324859619,
    0.8838590383529663,
    0.6334112286567688,
    0.7550180554389954,
    0.931463360786438,
    0.8114842176437378,
    0.949779212474823,
    0.647942066192627,
    0.7995898127555847,
    0.7359166741371155,
    0.8714513182640076,
    0.7570468187332153,
    0.7476616501808167,
    0.918512225151062,
    0.8692975044250488
  ]
}