{
  "accuracy": [
    0.550000011920929,
    0.6499999761581421,
    0.7749999761581421,
    0.7250000238418579,
    0.75,
    0.824999988079071,
    0.8500000238418579,
    0.875,
    0.875,
    0.925000011920929,
    0.949999988079071,
    0.925000011920929,
    0.9750000238418579,
    0.9750000238418579,
    0.8999999761581421,
    0.9750000238418579,
    0.949999988079071,
    0.949999988079071,
    0.9750000238418579,
    0.9750000238418579,
    0.9750000238418579,
    0.9750000238418579,
    0.925000011920929,
    0.949999988079071,
    0.9750000238418579,
    0.9750000238418579,
    0.9750000238418579,
    0.9750000238418579,
    0.9750000238418579,
    0.9750000238418579,
    0.9750000238418579,
    0.9750000238418579,
    0.9750000238418579,
    0.9750000238418579,
    0.9750000238418579,
    0.9750000238418579,
    0.9750000238418579,
    0.9750000238418579,
    0.9750000238418579,
    0.9750000238418579,
    0.949999988079071,
    0.9750000238418579,
    0.9750000238418579,
    0.9750000238418579,
    0.9750000238418579,
    0.9750000238418579,
    0.9750000238418579,
    0.9750000238418579,
    0.9750000238418579,
    0.9750000238418579
  ],
  "loss": [
    3.0198683738708496,
    7.399680137634277,
    1.9060767889022827,
    3.3255906105041504,
    2.3562417030334473,
    2.162722587585449,
    1.5871069431304932,
    1.4711253643035889,
    0.9822160601615906,
    0.792479395866394,
    0.5944578051567078,
    0.5811938047409058,
    0.5571762323379517,
    0.5225725769996643,
    0.5652593374252319,
    0.477358877658844,
    0.504997193813324,
    0.6927844285964966,
    0.572494387626648,
    0.4463059902191162,
    0.4463309347629547,
    0.4273173213005066,
    0.516263484954834,
    0.4473400115966797,
    0.5107842683792114,
    0.45922136306762695,
    0.42766302824020386,
    0.4877367615699768,
    0.5162874460220337,
    0.47026100754737854,
    0.43459606170654297,
    0.41557955741882324,
    0.43657416105270386,
    0.43929117918014526,
    0.4386013448238373,
    0.446088969707489,
    0.39023053646087646,
    0.4099213182926178,
    0.4099954068660736,
    0.3840760588645935,
    0.4755473732948303,
    0.40376967191696167,
    0.36592522263526917,
    0.410268634557724,
    0.39280232787132263,
    0.39241671562194824,
    0.4062342643737793,
    0.3869577944278717,
    0.4176216721534729,
    0.43531665205955505
  ],
  "val_accuracy": [
    0.4000000059604645,
    0.699999988079071,
    0.699999988079071,
    0.699999988079071,
    0.699999988079071,
    0.699999988079071,
    0.699999988079071,
    0.800000011920929,
    0.800000011920929,
    0.800000011920929,
    0.800000011920929,
    0.800000011920929,
    0.800000011920929,
    0.800000011920929,
    0.800000011920929,
    0.800000011920929,
    0.800000011920929,
    0.800000011920929,
    0.800000011920929,
    0.800000011920929,
    0.800000011920929,
    0.800000011920929,
    0.800000011920929,
    0.800000011920929,
    0.800000011920929,
    0.800000011920929,
    0.800000011920929,
    0.800000011920929,
    0.800000011920929,
    0.800000011920929,
    0.800000011920929,
    0.800000011920929,
    0.800000011920929,
    0.800000011920929,
    0.800000011920929,
    0.800000011920929,
    0.800000011920929,
    0.800000011920929,
    0.800000011920929,
    0.800000011920929,
    0.800000011920929,
    0.800000011920929,
    0.800000011920929,
    0.800000011920929,
    0.800000011920929,
    0.800000011920929,
    0.800000011920929,
    0.800000011920929,
    0.800000011920929,
    0.800000011920929
  ],
  "val_loss": [
    5.665293216705322,
    1.4080785512924194,
    1.520357370376587,
    1.480419635772705,
    1.3639652729034424,
    1.3862779140472412,
    1.126559853553772,
    1.0166805982589722,
    0.9680097699165344,
    0.9447041749954224,
    0.968571662902832,
    1.0763131380081177,
    1.30452561378479,
    1.4099769592285156,
    1.2809470891952515,
    1.1858561038970947,
    1.2466270923614502,
    1.4303945302963257,
    1.5153359174728394,
    1.5445585250854492,
    1.596906304359436,
    1.691332221031189,
    1.7874300479888916,
    1.8836637735366821,
    1.9380390644073486,
    1.9576194286346436,
    1.9558093547821045,
    1.9760725498199463,
    2.010267734527588,
    2.0435657501220703,
    2.073945999145508,
    2.1004743576049805,
    2.0869786739349365,
    2.0220417976379395,
    1.961977243423462,
    1.920485496520996,
    1.8824059963226318,
    1.8157110214233398,
    1.776985764503479,
    1.7523384094238281,
    1.8497918844223022,
    1.9478429555892944,
    1.999861478805542,
    2.0045089721679688,
    1.9524610042572021,
    1.8995859622955322,
    1.9419043064117432,
    2.0583019256591797,
    2.0325982570648193,
    1.926465630531311
  ]
}