{
  "accuracy": [
    0.875,
    0.625,
    0.625,
    0.625,
    0.625,
    0.75,
    0.625,
    0.875,
    0.875,
    0.625,
    0.875,
    0.875,
    0.875,
    0.75,
    0.875,
    0.875,
    0.875,
    0.875,
    0.875,
    0.75,
    0.875,
    0.875,
    0.875,
    0.875,
    0.875,
    0.875,
    0.875,
    0.875,
    0.875,
    1.0,
    0.875,
    0.75,
    0.875,
    0.75,
    0.875,
    0.875,
    0.875,
    0.875,
    0.875,
    0.875,
    0.875,
    0.875,
    0.875,
    0.75,
    0.875,
    0.875,
    0.875,
    0.875,
    0.875,
    0.875
  ],
  "loss": [
    0.9005429148674011,
    5.628940582275391,
    5.553249359130859,
    5.387295722961426,
    3.147420883178711,
    1.0919981002807617,
    3.1762309074401855,
    0.8645594120025635,
    1.1593624353408813,
    1.9976714849472046,
    0.73976731300354,
    0.681990385055542,
    0.595687747001648,
    0.7146528363227844,
    0.678913414478302,
    0.6072444319725037,
    0.8730210661888123,
    0.6239020824432373,
    0.6708293557167053,
    0.7469186782836914,
    0.6631578207015991,
    0.7013366222381592,
    0.6671861410140991,
    0.6656802892684937,
    0.6787035465240479,
    0.6555444002151489,
    0.6081802248954773,
    0.7576228380203247,
    0.5681143999099731,
    0.5490502119064331,
    0.8157225847244263,
    0.6546650528907776,
    0.7761040329933167,
    1.0180572271347046,
    0.6575173735618591,
    0.6953800320625305,
    0.6128707528114319,
    0.6651909351348877,
    0.6130163073539734,
    0.6438491344451904,
    0.6484020352363586,
    0.655849814414978,
    0.6336045861244202,
    0.947820246219635,
    0.6591147184371948,
    0.5754383206367493,
    0.6276965737342834,
    0.6579195261001587,
    0.5647943019866943,
    0.5927053093910217
  ],
  "val_accuracy": [
    0.5,
    0.5,
    0.5,
    0.5,
    1.0,
    1.0,
    1.0,
    1.0,
    0.5,
    1.0,
    1.0,
    1.0,
    1.0,
    1.0,
    1.0,
    1.0,
    1.0,
    1.0,
    1.0,
    1.0,
    1.0,
    1.0,
    1.0,
    1.0,
    1.0,
    1.0,
    1.0,
    1.0,
    1.0,
    1.0,
    1.0,
    1.0,
    1.0,
    1.0,
    1.0,
    1.0,
    1.0,
    1.0,
    1.0,
    1.0,
    1.0,
    1.0,
    1.0,
    1.0,
    1.0,
    0.5,
    0.5,
    0.5,
    0.5,
    0.5
  ],
  "val_loss": [
    2.0088844299316406,
    1.3255116939544678,
    2.10063099861145,
    1.2818007469177246,
    0.2781810462474823,
    0.3260553777217865,
    0.3602517247200012,
    0.5703657865524292,
    0.9069364666938782,
    0.4299046993255615,
    0.41535860300064087,
    0.4975653290748596,
    0.5384949445724487,
    0.51642245054245,
    0.48660606145858765,
    0.47130927443504333,
    0.5822224617004395,
    0.6017512083053589,
    0.6138198971748352,
    0.5995430946350098,
    0.5842944383621216,
    0.5704022645950317,
    0.5516249537467957,
    0.5061902403831482,
    0.48776087164878845,
    0.4143669307231903,
    0.40894827246665955,
    0.5457843542098999,
    0.5831674337387085,
    0.4641435742378235,
    0.4756130278110504,
    0.5492883324623108,
    0.5373289585113525,
    0.5591586232185364,
    0.5676429867744446,
    0.570244550704956,
    0.5652899742126465,
    0.5561831593513489,
    0.5380772352218628,
    0.5117550492286682,
    0.5411209464073181,
    0.48487618565559387,
    0.48127931356430054,
    0.48681941628456116,
    0.6260932683944702,
    1.7776026725769043,
    2.3708486557006836,
    2.0679471492767334,
    1.5802708864212036,
    1.048919916152954
  ]
}