{
  "accuracy": [
    0.375,
    0.75,
    0.875,
    0.625,
    0.5,
    0.75,
    0.875,
    0.625,
    0.375,
    0.875,
    0.75,
    0.875,
    0.75,
    0.875,
    0.625,
    0.625,
    0.875,
    0.75,
    0.875,
    0.625,
    0.875,
    0.75,
    0.875,
    0.75,
    0.875,
    0.875,
    0.875,
    0.875,
    0.875,
    0.875,
    0.875,
    0.875,
    0.875,
    0.875,
    0.875,
    0.875,
    0.875,
    0.875,
    0.875,
    0.875,
    0.875,
    0.75,
    0.875,
    0.875,
    0.875,
    0.875,
    0.875,
    0.875,
    0.875,
    0.875
  ],
  "loss": [
    0.9561394453048706,
    7.820522308349609,
    1.2136558294296265,
    7.2024245262146,
    7.250329971313477,
    1.4578970670700073,
    3.989410400390625,
    2.124393939971924,
    2.5359554290771484,
    0.6251794099807739,
    1.5566668510437012,
    0.368076890707016,
    1.0867527723312378,
    0.6461158394813538,
    1.4386447668075562,
    0.7791408896446228,
    0.5348291397094727,
    0.6714457273483276,
    0.67192542552948,
    0.8223124146461487,
    0.5204744935035706,
    0.9579275250434875,
    0.4676370620727539,
    0.6731083989143372,
    0.6270813941955566,
    0.5790530443191528,
    0.5358921885490417,
    0.676974892616272,
    0.6453191041946411,
    0.6788755059242249,
    0.7171829342842102,
    0.6257719397544861,
    0.6539233326911926,
    0.6582062244415283,
    0.6326144337654114,
    0.6610650420188904,
    0.5960591435432434,
    0.6245787143707275,
    0.5860980749130249,
    0.5060774683952332,
    0.7218999266624451,
    0.6922969818115234,
    0.731658399105072,
    0.6707910895347595,
    0.5825681090354919,
    0.5055638551712036,
    0.6377131342887878,
    0.5782864689826965,
    0.6638375520706177,
    0.6198766231536865
  ],
  "val_accuracy": [
    0.5,
    1.0,
    1.0,
    1.0,
    1.0,
    0.5,
    0.5,
    0.5,
    1.0,
    1.0,
    1.0,
    1.0,
    1.0,
    1.0,
    1.0,
    1.0,
    1.0,
    0.5,
    0.5,
    0.5,
    0.5,
    0.5,
    1.0,
    1.0,
    1.0,
    1.0,
    1.0,
    1.0,
    1.0,
    1.0,
    1.0,
    1.0,
    1.0,
    1.0,
    1.0,
    1.0,
    1.0,
    1.0,
    1.0,
    1.0,
    1.0,
    1.0,
    1.0,
    1.0,
    1.0,
    1.0,
    1.0,
    1.0,
    1.0,
    1.0
  ],
  "val_loss": [
    1.8815776109695435,
    0.26608461141586304,
    0.2673974335193634,
    0.24447573721408844,
    0.5356460213661194,
    1.2141774892807007,
    1.4994276762008667,
    0.9612348079681396,
    0.37973150610923767,
    0.2936854958534241,
    0.29991617798805237,
    0.3148052990436554,
    0.37890300154685974,
    0.5072598457336426,
    0.6221753358840942,
    0.5231468677520752,
    0.5716870427131653,
    0.7752566337585449,
    0.9211732149124146,
    0.9566131830215454,
    0.9766424894332886,
    0.8874764442443848,
    0.7856624722480774,
    0.6744306087493896,
    0.6275783777236938,
    0.6144989132881165,
    0.5790424346923828,
    0.5691620111465454,
    0.5688140988349915,
    0.5742678046226501,
    0.5840568542480469,
    0.5977760553359985,
    0.6048848628997803,
    0.5938109755516052,
    0.5495612025260925,
    0.5351828932762146,
    0.5162659287452698,
    0.5003880262374878,
    0.4787169396877289,
    0.4576296806335449,
    0.47450998425483704,
    0.4428659677505493,
    0.4416716992855072,
    0.48057255148887634,
    0.5074127316474915,
    0.5237513184547424,
    0.47930386662483215,
    0.45252370834350586,
    0.4502968192100525,
    0.44980794191360474
  ]
}