{
  "accuracy": [
    0.6525423526763916,
    0.7288135886192322,
    0.8008474707603455,
    0.8093220591545105,
    0.8686440587043762,
    0.8728813529014587,
    0.9152542352676392,
    0.9194915294647217,
    0.9067796468734741,
    0.9152542352676392,
    0.9152542352676392,
    0.944915235042572,
    0.9618644118309021,
    0.9661017060279846,
    0.9661017060279846,
    0.9533898234367371,
    0.9661017060279846,
    0.9661017060279846,
    0.9618644118309021,
    0.9661017060279846,
    0.9661017060279846,
    0.9703390002250671,
    0.9661017060279846,
    0.9661017060279846,
    0.9576271176338196,
    0.9025423526763916,
    0.9364407062530518,
    0.9576271176338196,
    0.9661017060279846,
    0.9703390002250671,
    0.9703390002250671,
    0.9703390002250671,
    0.9745762944221497,
    0.9661017060279846,
    0.9618644118309021,
    0.9618644118309021,
    0.9661017060279846,
    0.9745762944221497,
    0.9703390002250671,
    0.9745762944221497,
    0.9703390002250671,
    0.9745762944221497,
    0.9745762944221497,
    0.9661017060279846,
    0.9745762944221497,
    0.9703390002250671,
    0.9745762944221497,
    0.9703390002250671,
    0.9703390002250671,
    0.9745762944221497
  ],
  "loss": [
    5.68998908996582,
    0.9364913702011108,
    0.852250874042511,
    0.8007073402404785,
    0.7328614592552185,
    0.6704886555671692,
    0.6058973073959351,
    0.575298011302948,
    0.5893678069114685,
    0.5894436836242676,
    0.5117113590240479,
    0.4941425621509552,
    0.44772011041641235,
    0.4212590754032135,
    0.3999868631362915,
    0.40277907252311707,
    0.390757292509079,
    0.3692021369934082,
    0.3645678460597992,
    0.3477770984172821,
    0.365056574344635,
    0.35542863607406616,
    0.35075682401657104,
    0.33445432782173157,
    0.35498204827308655,
    0.4542739987373352,
    0.44242751598358154,
    0.34901800751686096,
    0.34459665417671204,
    0.3295897841453552,
    0.295154869556427,
    0.32363662123680115,
    0.2950631380081177,
    0.32580944895744324,
    0.306448757648468,
    0.29701584577560425,
    0.3234614133834839,
    0.29112955927848816,
    0.29604610800743103,
    0.27709558606147766,
    0.2837008833885193,
    0.2619565427303314,
    0.2595535218715668,
    0.2929272949695587,
    0.2632315754890442,
    0.27523329854011536,
    0.2700739800930023,
    0.27137959003448486,
    0.25589534640312195,
    0.2546086609363556
  ],
  "val_accuracy": [
    0.6440678238868713,
    0.7627118825912476,
    0.7796609997749329,
    0.8813559412956238,
    0.8644067645072937,
    0.8305084705352783,
    0.8813559412956238,
    0.8474576473236084,
    0.7796609997749329,
    0.8474576473236084,
    0.7796609997749329,
    0.8644067645072937,
    0.8305084705352783,
    0.8305084705352783,
    0.8474576473236084,
    0.8644067645072937,
    0.8474576473236084,
    0.8135592937469482,
    0.8135592937469482,
    0.8644067645072937,
    0.8474576473236084,
    0.8474576473236084,
    0.8305084705352783,
    0.8305084705352783,
    0.8305084705352783,
    0.7288135886192322,
    0.7966101765632629,
    0.8305084705352783,
    0.8305084705352783,
    0.8135592937469482,
    0.8305084705352783,
    0.8305084705352783,
    0.8135592937469482,
    0.8135592937469482,
    0.8305084705352783,
    0.8305084705352783,
    0.8305084705352783,
    0.8135592937469482,
    0.8305084705352783,
    0.8305084705352783,
    0.8305084705352783,
    0.8305084705352783,
    0.8305084705352783,
    0.8305084705352783,
    0.8135592937469482,
    0.8474576473236084,
    0.7966101765632629,
    0.7966101765632629,
    0.8474576473236084,
    0.8474576473236084
  ],
  "val_loss": [
    0.8914438486099243,
    0.864690363407135,
    0.895561158657074,
    0.8000364303588867,
    0.7642888426780701,
    0.7461702823638916,
    0.7005379796028137,
    0.7467939853668213,
    0.7431639432907104,
    0.6834317445755005,
    0.8333314061164856,
    0.6895212531089783,
    0.7005943059921265,
    0.7254130244255066,
    0.7666167616844177,
    0.6828556656837463,
    0.7138925194740295,
    0.6766270995140076,
    0.7749608159065247,
    0.6384537220001221,
    0.6747968196868896,
    0.6521685123443604,
    0.7177824974060059,
    0.7476933002471924,
    0.829584002494812,
    0.7722223997116089,
    0.732907772064209,
    0.7193156480789185,
    0.7484018802642822,
    0.8094391822814941,
    0.7439318895339966,
    0.8109039664268494,
    0.8482329249382019,
    0.9830838441848755,
    0.7148293256759644,
    0.6602943539619446,
    0.7421441674232483,
    0.8855814933776855,
    0.8595723509788513,
    0.8709375858306885,
    0.9830645322799683,
    0.8884397745132446,
    0.8651389479637146,
    1.0350598096847534,
    0.7562223076820374,
    0.8122671246528625,
    1.0231586694717407,
    0.7146474719047546,
    0.7530310750007629,
    0.880909264087677
  ]
}