{
  "accuracy": [
    0.5847457647323608,
    0.6652542352676392,
    0.7923728823661804,
    0.7711864113807678,
    0.805084764957428,
    0.8305084705352783,
    0.8601694703102112,
    0.8559321761131287,
    0.8728813529014587,
    0.8983050584793091,
    0.9025423526763916,
    0.9279661178588867,
    0.9194915294647217,
    0.9364407062530518,
    0.9322034120559692,
    0.944915235042572,
    0.9491525292396545,
    0.9533898234367371,
    0.9364407062530518,
    0.944915235042572,
    0.9618644118309021,
    0.9661017060279846,
    0.9533898234367371,
    0.9661017060279846,
    0.9576271176338196,
    0.9661017060279846,
    0.9661017060279846,
    0.9703390002250671,
    0.9745762944221497,
    0.9745762944221497,
    0.9703390002250671,
    0.9661017060279846,
    0.9745762944221497,
    0.9576271176338196,
    0.9703390002250671,
    0.9703390002250671,
    0.9661017060279846,
    0.9618644118309021,
    0.9703390002250671,
    0.9661017060279846,
    0.9661017060279846,
    0.9703390002250671,
    0.9661017060279846,
    0.9745762944221497,
    0.9745762944221497,
    0.9661017060279846,
    0.9661017060279846,
    0.9661017060279846,
    0.9067796468734741,
    0.9110169410705566
  ],
  "loss": [
    7.436809539794922,
    1.022088646888733,
    0.8905112743377686,
    0.9400873184204102,
    0.8653275966644287,
    0.7942388653755188,
    0.7160556316375732,
    0.6996864080429077,
    0.6188039779663086,
    0.5841631293296814,
    0.569722056388855,
    0.5270528197288513,
    0.5260798335075378,
    0.45493924617767334,
    0.5105810165405273,
    0.4403904676437378,
    0.48425257205963135,
    0.430791974067688,
    0.45249229669570923,
    0.41127702593803406,
    0.3920932710170746,
    0.3588062822818756,
    0.3731198310852051,
    0.36679866909980774,
    0.3504146635532379,
    0.3550388813018799,
    0.3342756927013397,
    0.31239765882492065,
    0.3027285933494568,
    0.29825741052627563,
    0.30410248041152954,
    0.30672645568847656,
    0.2949908375740051,
    0.2861468195915222,
    0.28511151671409607,
    0.3200591504573822,
    0.3008102774620056,
    0.30493852496147156,
    0.2719433903694153,
    0.2896980345249176,
    0.2718556225299835,
    0.2661861479282379,
    0.27693668007850647,
    0.25387147068977356,
    0.2500264346599579,
    0.27133119106292725,
    0.2510595917701721,
    0.28139811754226685,
    0.4514809846878052,
    0.445191353559494
  ],
  "val_accuracy": [
    0.6440678238868713,
    0.7288135886192322,
    0.7966101765632629,
    0.7627118825912476,
    0.8135592937469482,
    0.8474576473236084,
    0.7966101765632629,
    0.7627118825912476,
    0.7966101765632629,
    0.8305084705352783,
    0.8474576473236084,
    0.8474576473236084,
    0.8474576473236084,
    0.7796609997749329,
    0.8474576473236084,
    0.8644067645072937,
    0.8305084705352783,
    0.7966101765632629,
    0.8305084705352783,
    0.8644067645072937,
    0.8305084705352783,
    0.8135592937469482,
    0.8474576473236084,
    0.8305084705352783,
    0.8305084705352783,
    0.8305084705352783,
    0.7966101765632629,
    0.8305084705352783,
    0.7966101765632629,
    0.7966101765632629,
    0.8305084705352783,
    0.8135592937469482,
    0.8135592937469482,
    0.8135592937469482,
    0.8305084705352783,
    0.7966101765632629,
    0.8644067645072937,
    0.8305084705352783,
    0.8474576473236084,
    0.8135592937469482,
    0.8135592937469482,
    0.7966101765632629,
    0.7966101765632629,
    0.8135592937469482,
    0.8135592937469482,
    0.8135592937469482,
    0.7966101765632629,
    0.7966101765632629,
    0.7796609997749329,
    0.8305084705352783
  ],
  "val_loss": [
    0.9881705641746521,
    0.930576503276825,
    0.8766545653343201,
    0.8996075391769409,
    0.8439540266990662,
    0.7987275719642639,
    0.7366510033607483,
    0.7268003821372986,
    0.7075971364974976,
    0.6511030793190002,
    0.651535153388977,
    0.6545646786689758,
    0.6559830904006958,
    0.6707044839859009,
    0.6926348805427551,
    0.6474670171737671,
    0.6574889421463013,
    0.6998186111450195,
    0.6114169359207153,
    0.6321211457252502,
    0.6551355719566345,
    0.6931213140487671,
    0.6670863032341003,
    0.7216725945472717,
    0.678512454032898,
    0.6706953048706055,
    0.6578854322433472,
    0.6491515636444092,
    0.7162790894508362,
    0.6847139000892639,
    0.7340083718299866,
    0.7721493244171143,
    0.6979655623435974,
    0.6696534156799316,
    0.7181988954544067,
    0.7795631885528564,
    0.6581169962882996,
    0.6816500425338745,
    0.7114065289497375,
    0.7456724047660828,
    0.7354005575180054,
    0.790065348148346,
    0.8925026655197144,
    0.7929320335388184,
    0.8041761517524719,
    0.9035466313362122,
    0.689975917339325,
    0.8168545961380005,
    0.7042769193649292,
    0.665165901184082
  ]
}