{
  "accuracy": [
    0.6991525292396545,
    0.7330508232116699,
    0.7627118825912476,
    0.8093220591545105,
    0.8347457647323608,
    0.8135592937469482,
    0.8135592937469482,
    0.8093220591545105,
    0.8601694703102112,
    0.8686440587043762,
    0.8432203531265259,
    0.8771186470985413,
    0.8855932354927063,
    0.8940678238868713,
    0.9110169410705566,
    0.9152542352676392,
    0.9194915294647217,
    0.9279661178588867,
    0.9533898234367371,
    0.9576271176338196,
    0.9576271176338196,
    0.9661017060279846,
    0.9703390002250671,
    0.9703390002250671,
    0.9661017060279846,
    0.9703390002250671,
    0.9661017060279846,
    0.9661017060279846,
    0.9703390002250671,
    0.9661017060279846,
    0.9661017060279846,
    0.9703390002250671,
    0.9703390002250671,
    0.9745762944221497,
    0.9661017060279846,
    0.9703390002250671,
    0.9745762944221497,
    0.9745762944221497,
    0.9745762944221497,
    0.9745762944221497,
    0.9745762944221497,
    0.9745762944221497,
    0.9745762944221497,
    0.9745762944221497,
    0.9745762944221497,
    0.9703390002250671,
    0.9618644118309021,
    0.9618644118309021,
    0.9533898234367371,
    0.944915235042572
  ],
  "loss": [
    3.3600709438323975,
    0.8668815493583679,
    0.9979953169822693,
    0.9190949201583862,
    0.7591484189033508,
    1.2277318239212036,
    0.7577121257781982,
    0.7114556431770325,
    0.7061372995376587,
    0.5744869709014893,
    0.6413185596466064,
    0.5658319592475891,
    0.5271593332290649,
    0.4877402186393738,
    0.47248488664627075,
    0.47003844380378723,
    0.42051148414611816,
    0.45516493916511536,
    0.3576125502586365,
    0.355221152305603,
    0.41909706592559814,
    0.3868076801300049,
    0.3940476179122925,
    0.33977675437927246,
    0.31438836455345154,
    0.32938316464424133,
    0.34220659732818604,
    0.3025989830493927,
    0.2677134573459625,
    0.2746608257293701,
    0.28791433572769165,
    0.25286081433296204,
    0.25300678610801697,
    0.248968705534935,
    0.2475855052471161,
    0.23668648302555084,
    0.23075345158576965,
    0.2255401313304901,
    0.22859813272953033,
    0.2162613421678543,
    0.21723496913909912,
    0.22519829869270325,
    0.20679877698421478,
    0.20503367483615875,
    0.20181600749492645,
    0.19658300280570984,
    0.2675263285636902,
    0.2548724412918091,
    0.27160802483558655,
    0.29436784982681274
  ],
  "val_accuracy": [
    0.694915235042572,
    0.7966101765632629,
    0.7457627058029175,
    0.8305084705352783,
    0.7796609997749329,
    0.7966101765632629,
    0.7457627058029175,
    0.8305084705352783,
    0.8305084705352783,
    0.8474576473236084,
    0.8135592937469482,
    0.8305084705352783,
    0.8135592937469482,
    0.8305084705352783,
    0.8135592937469482,
    0.7627118825912476,
    0.7627118825912476,
    0.7966101765632629,
    0.7627118825912476,
    0.7796609997749329,
    0.7457627058029175,
    0.7796609997749329,
    0.7627118825912476,
    0.7796609997749329,
    0.7796609997749329,
    0.7796609997749329,
    0.7966101765632629,
    0.8135592937469482,
    0.7796609997749329,
    0.8305084705352783,
    0.7966101765632629,
    0.7796609997749329,
    0.8135592937469482,
    0.8135592937469482,
    0.7966101765632629,
    0.8135592937469482,
    0.7966101765632629,
    0.8135592937469482,
    0.8305084705352783,
    0.7966101765632629,
    0.8135592937469482,
    0.8135592937469482,
    0.8135592937469482,
    0.8135592937469482,
    0.8135592937469482,
    0.8135592937469482,
    0.7796609997749329,
    0.7796609997749329,
    0.7627118825912476,
    0.7796609997749329
  ],
  "val_loss": [
    0.829481303691864,
    0.8888562321662903,
    0.9447548985481262,
    0.8263357877731323,
    1.1322846412658691,
    0.80462646484375,
    0.8226796984672546,
    0.6797581911087036,
    0.6508979201316833,
    0.651740550994873,
    0.6835131645202637,
    0.6368511915206909,
    0.6444706320762634,
    0.5981320142745972,
    0.649189829826355,
    0.7625624537467957,
    0.6961703896522522,
    0.7526715993881226,
    0.7322912216186523,
    0.8104645609855652,
    0.7826600670814514,
    0.7681118845939636,
    0.7443522810935974,
    0.8646636009216309,
    0.8169912695884705,
    0.8648849725723267,
    0.9547164440155029,
    0.6817097663879395,
    0.8873227834701538,
    0.7572050094604492,
    0.7988058924674988,
    0.8109392523765564,
    0.7644511461257935,
    0.6997732520103455,
    0.8086190819740295,
    0.8079842329025269,
    0.8599286079406738,
    0.9030538201332092,
    0.9222621321678162,
    1.1437106132507324,
    0.9512549638748169,
    0.8351438641548157,
    0.8572036027908325,
    0.945129930973053,
    0.9833460450172424,
    0.8222615122795105,
    0.8762221336364746,
    1.1232291460037231,
    0.9520159959793091,
    0.6203774809837341
  ]
}