{
  "accuracy": [
    0.6652542352676392,
    0.7457627058029175,
    0.805084764957428,
    0.8601694703102112,
    0.8559321761131287,
    0.8940678238868713,
    0.8983050584793091,
    0.9025423526763916,
    0.9364407062530518,
    0.9237288236618042,
    0.9533898234367371,
    0.9618644118309021,
    0.9661017060279846,
    0.9661017060279846,
    0.9576271176338196,
    0.9618644118309021,
    0.9661017060279846,
    0.9661017060279846,
    0.9703390002250671,
    0.9703390002250671,
    0.9745762944221497,
    0.9703390002250671,
    0.9703390002250671,
    0.9745762944221497,
    0.9745762944221497,
    0.9745762944221497,
    0.9745762944221497,
    0.9745762944221497,
    0.9491525292396545,
    0.9703390002250671,
    0.9703390002250671,
    0.9661017060279846,
    0.9745762944221497,
    0.9661017060279846,
    0.9618644118309021,
    0.9661017060279846,
    0.9703390002250671,
    0.9703390002250671,
    0.9745762944221497,
    0.9745762944221497,
    0.9745762944221497,
    0.9745762944221497,
    0.9745762944221497,
    0.9703390002250671,
    0.9618644118309021,
    0.9745762944221497,
    0.9745762944221497,
    0.9703390002250671,
    0.9745762944221497,
    0.9745762944221497
  ],
  "loss": [
    7.462392330169678,
    1.8133652210235596,
    0.92246013879776,
    0.805589497089386,
    0.7464761137962341,
    0.7074711918830872,
    0.6316315531730652,
    0.5923172831535339,
    0.5452055335044861,
    0.5205292105674744,
    0.5076308250427246,
    0.48010918498039246,
    0.43070897459983826,
    0.4281429350376129,
    0.41865018010139465,
    0.42579320073127747,
    0.39117690920829773,
    0.3851139545440674,
    0.38841426372528076,
    0.36791321635246277,
    0.35880669951438904,
    0.3584515452384949,
    0.3397490084171295,
    0.32246506214141846,
    0.3236452639102936,
    0.31527474522590637,
    0.3002952039241791,
    0.3038882613182068,
    0.3519265949726105,
    0.3193332850933075,
    0.3485734462738037,
    0.3099617660045624,
    0.2925873398780823,
    0.30982714891433716,
    0.3060256838798523,
    0.2984054386615753,
    0.28121235966682434,
    0.29807648062705994,
    0.2734624147415161,
    0.2626572251319885,
    0.26494476199150085,
    0.26010796427726746,
    0.2626621723175049,
    0.24953198432922363,
    0.2748587727546692,
    0.24482814967632294,
    0.25240033864974976,
    0.25402387976646423,
    0.24140895903110504,
    0.24147312343120575
  ],
  "val_accuracy": [
    0.7966101765632629,
    0.7796609997749329,
    0.7966101765632629,
    0.7796609997749329,
    0.8135592937469482,
    0.8135592937469482,
    0.8644067645072937,
    0.8305084705352783,
    0.8305084705352783,
    0.8474576473236084,
    0.8305084705352783,
    0.8474576473236084,
    0.8474576473236084,
    0.8474576473236084,
    0.8474576473236084,
    0.8135592937469482,
    0.8305084705352783,
    0.8474576473236084,
    0.8305084705352783,
    0.8474576473236084,
    0.8474576473236084,
    0.8135592937469482,
    0.8474576473236084,
    0.8305084705352783,
    0.8474576473236084,
    0.8135592937469482,
    0.8135592937469482,
    0.8135592937469482,
    0.8644067645072937,
    0.8305084705352783,
    0.8305084705352783,
    0.8305084705352783,
    0.8474576473236084,
    0.8474576473236084,
    0.8305084705352783,
    0.8474576473236084,
    0.8305084705352783,
    0.8474576473236084,
    0.8305084705352783,
    0.8474576473236084,
    0.7966101765632629,
    0.8135592937469482,
    0.8474576473236084,
    0.8305084705352783,
    0.8305084705352783,
    0.8305084705352783,
    0.8305084705352783,
    0.8305084705352783,
    0.8305084705352783,
    0.8305084705352783
  ],
  "val_loss": [
    1.1788557767868042,
    0.8270704746246338,
    0.8888231515884399,
    0.8999593257904053,
    0.7778444290161133,
    0.7736395597457886,
    0.7356896996498108,
    0.7115094661712646,
    0.7312040328979492,
    0.7106963396072388,
    0.7806442975997925,
    0.7061294317245483,
    0.7201215028762817,
    0.7690074443817139,
    0.6617846488952637,
    0.8460569977760315,
    0.7661448121070862,
    0.7917446494102478,
    0.7417292594909668,
    0.8159754276275635,
    0.7189011573791504,
    0.7887259721755981,
    0.7587220072746277,
    0.7897008061408997,
    0.7359057664871216,
    0.782913863658905,
    0.784197211265564,
    0.9268919825553894,
    0.6780310273170471,
    0.7821700572967529,
    0.7417542934417725,
    0.6915291547775269,
    0.7756169438362122,
    0.6470551490783691,
    0.8787969946861267,
    0.6696327328681946,
    0.7891989946365356,
    0.6223019361495972,
    0.6870821714401245,
    0.6443243622779846,
    0.7288111448287964,
    0.7201625108718872,
    0.7453051209449768,
    0.8695158958435059,
    0.7125961780548096,
    0.7086008191108704,
    0.6855118274688721,
    0.7196146845817566,
    0.7326956391334534,
    0.6891546249389648
  ]
}