{
  "accuracy": [
    0.6271186470985413,
    0.7542372941970825,
    0.8135592937469482,
    0.8389830589294434,
    0.8855932354927063,
    0.8686440587043762,
    0.8983050584793091,
    0.8898305296897888,
    0.9067796468734741,
    0.9067796468734741,
    0.9237288236618042,
    0.8898305296897888,
    0.9322034120559692,
    0.9322034120559692,
    0.944915235042572,
    0.9491525292396545,
    0.944915235042572,
    0.9618644118309021,
    0.9576271176338196,
    0.9576271176338196,
    0.9745762944221497,
    0.9703390002250671,
    0.9745762944221497,
    0.9661017060279846,
    0.9703390002250671,
    0.9745762944221497,
    0.9618644118309021,
    0.9661017060279846,
    0.9576271176338196,
    0.9703390002250671,
    0.9703390002250671,
    0.9745762944221497,
    0.9576271176338196,
    0.9703390002250671,
    0.9745762944221497,
    0.9745762944221497,
    0.9703390002250671,
    0.9745762944221497,
    0.9703390002250671,
    0.9745762944221497,
    0.9703390002250671,
    0.9661017060279846,
    0.9745762944221497,
    0.9745762944221497,
    0.9703390002250671,
    0.9745762944221497,
    0.9745762944221497,
    0.9745762944221497,
    0.9745762944221497,
    0.9745762944221497
  ],
  "loss": [
    3.687547445297241,
    0.9783152937889099,
    0.8192322254180908,
    0.7764731645584106,
    0.6796644330024719,
    0.6727926135063171,
    0.6565868854522705,
    0.609510064125061,
    0.5630268454551697,
    0.5047882199287415,
    0.5224981904029846,
    0.5950583219528198,
    0.4996092617511749,
    0.512036144733429,
    0.46937522292137146,
    0.41936835646629333,
    0.4265751838684082,
    0.38128989934921265,
    0.39228883385658264,
    0.3686290383338928,
    0.3391983211040497,
    0.3240416646003723,
    0.3268420398235321,
    0.3165881335735321,
    0.3183427155017853,
    0.3022894263267517,
    0.32440268993377686,
    0.3125607967376709,
    0.3058408200740814,
    0.2858443558216095,
    0.2900184690952301,
    0.279899001121521,
    0.2952904999256134,
    0.2873677909374237,
    0.2605317533016205,
    0.26365330815315247,
    0.2634192407131195,
    0.26270389556884766,
    0.260419636964798,
    0.24053113162517548,
    0.25260207056999207,
    0.2448762208223343,
    0.22726868093013763,
    0.21939025819301605,
    0.23342137038707733,
    0.2397458255290985,
    0.22647936642169952,
    0.22495770454406738,
    0.21630097925662994,
    0.21858544647693634
  ],
  "val_accuracy": [
    0.7457627058029175,
    0.8135592937469482,
    0.8305084705352783,
    0.8305084705352783,
    0.8644067645072937,
    0.8813559412956238,
    0.8135592937469482,
    0.8813559412956238,
    0.8644067645072937,
    0.8644067645072937,
    0.8135592937469482,
    0.8305084705352783,
    0.8644067645072937,
    0.8644067645072937,
    0.8813559412956238,
    0.8813559412956238,
    0.8305084705352783,
    0.8135592937469482,
    0.8305084705352783,
    0.8644067645072937,
    0.8474576473236084,
    0.8135592937469482,
    0.8135592937469482,
    0.8474576473236084,
    0.8474576473236084,
    0.8135592937469482,
    0.8644067645072937,
    0.8305084705352783,
    0.8813559412956238,
    0.8135592937469482,
    0.8644067645072937,
    0.8135592937469482,
    0.8644067645072937,
    0.8644067645072937,
    0.8474576473236084,
    0.8474576473236084,
    0.8305084705352783,
    0.8305084705352783,
    0.8135592937469482,
    0.8644067645072937,
    0.8474576473236084,
    0.8644067645072937,
    0.8474576473236084,
    0.8474576473236084,
    0.8474576473236084,
    0.8305084705352783,
    0.8305084705352783,
    0.8305084705352783,
    0.8474576473236084,
    0.8305084705352783
  ],
  "val_loss": [
    0.8414915800094604,
    0.8516721129417419,
    0.7848924994468689,
    0.7514516711235046,
    0.6948124766349792,
    0.6950631737709045,
    0.7231199741363525,
    0.654399037361145,
    0.6348024606704712,
    0.6669923663139343,
    0.6948806047439575,
    0.6646085977554321,
    0.6352270245552063,
    0.6011179685592651,
    0.5820661783218384,
    0.6446298360824585,
    0.6144834756851196,
    0.8090748190879822,
    0.7449699640274048,
    0.6388217210769653,
    0.642328143119812,
    0.6914162039756775,
    0.7497614622116089,
    0.6883631944656372,
    0.6445689797401428,
    0.6723120808601379,
    0.6976077556610107,
    0.7738244533538818,
    0.6146950721740723,
    0.57939213514328,
    0.6297739148139954,
    0.7016310095787048,
    0.6628332734107971,
    0.5840021967887878,
    0.6183302402496338,
    0.6949495077133179,
    0.6429175138473511,
    0.6810914278030396,
    0.7308250665664673,
    0.6009852290153503,
    0.6652675271034241,
    0.5730476379394531,
    0.6431248784065247,
    0.616942822933197,
    0.57124263048172,
    0.7029150128364563,
    0.6634599566459656,
    0.6320434212684631,
    0.6471899151802063,
    0.6612541079521179
  ]
}