{
  "accuracy": [
    0.6228813529014587,
    0.7711864113807678,
    0.8305084705352783,
    0.8347457647323608,
    0.8813559412956238,
    0.8898305296897888,
    0.9025423526763916,
    0.9067796468734741,
    0.9364407062530518,
    0.9533898234367371,
    0.9661017060279846,
    0.9618644118309021,
    0.9661017060279846,
    0.9788135886192322,
    0.9830508232116699,
    0.9788135886192322,
    0.9703390002250671,
    0.9322034120559692,
    0.9533898234367371,
    0.9788135886192322,
    0.991525411605835,
    0.9830508232116699,
    0.9872881174087524,
    0.9872881174087524,
    0.991525411605835,
    0.991525411605835,
    0.991525411605835,
    0.9872881174087524,
    0.991525411605835,
    0.9788135886192322,
    0.9830508232116699,
    0.9788135886192322,
    0.9830508232116699,
    0.9872881174087524,
    0.9830508232116699,
    0.9872881174087524,
    0.9957627058029175,
    0.991525411605835,
    0.9872881174087524,
    0.9957627058029175,
    0.9957627058029175,
    0.9872881174087524,
    0.991525411605835,
    0.9872881174087524,
    0.991525411605835,
    0.9872881174087524,
    0.9957627058029175,
    0.991525411605835,
    0.9957627058029175,
    0.9830508232116699
  ],
  "loss": [
    4.980193614959717,
    1.0910475254058838,
    0.7892170548439026,
    0.7312331199645996,
    0.7176949381828308,
    0.6256855726242065,
    0.604718029499054,
    0.588233232498169,
    0.4932097792625427,
    0.4455760717391968,
    0.41569164395332336,
    0.4044531583786011,
    0.3797524869441986,
    0.3859318792819977,
    0.34606289863586426,
    0.3446178138256073,
    0.34027761220932007,
    0.47257426381111145,
    0.41571998596191406,
    0.33618760108947754,
    0.3113316297531128,
    0.33007583022117615,
    0.3034058213233948,
    0.2937926650047302,
    0.2971641421318054,
    0.2788637578487396,
    0.2614654302597046,
    0.2656390964984894,
    0.2380381077528,
    0.2861684560775757,
    0.2780049741268158,
    0.2703621983528137,
    0.26808035373687744,
    0.23884905874729156,
    0.2920544147491455,
    0.23629339039325714,
    0.22736002504825592,
    0.2399245798587799,
    0.21088610589504242,
    0.20380175113677979,
    0.21205031871795654,
    0.20564009249210358,
    0.2068391889333725,
    0.20120246708393097,
    0.17961955070495605,
    0.19922897219657898,
    0.19036349654197693,
    0.17042487859725952,
    0.17082513868808746,
    0.19247138500213623
  ],
  "val_accuracy": [
    0.694915235042572,
    0.7457627058029175,
    0.7627118825912476,
    0.694915235042572,
    0.6779661178588867,
    0.7288135886192322,
    0.6610169410705566,
    0.7966101765632629,
    0.7966101765632629,
    0.7796609997749329,
    0.7966101765632629,
    0.7966101765632629,
    0.8135592937469482,
    0.7796609997749329,
    0.7796609997749329,
    0.7796609997749329,
    0.694915235042572,
    0.7966101765632629,
    0.7966101765632629,
    0.7627118825912476,
    0.7966101765632629,
    0.7966101765632629,
    0.7966101765632629,
    0.7966101765632629,
    0.7627118825912476,
    0.7966101765632629,
    0.7966101765632629,
    0.7796609997749329,
    0.7627118825912476,
    0.7288135886192322,
    0.7966101765632629,
    0.8135592937469482,
    0.8135592937469482,
    0.7966101765632629,
    0.7966101765632629,
    0.8135592937469482,
    0.7966101765632629,
    0.7966101765632629,
    0.7966101765632629,
    0.7966101765632629,
    0.7966101765632629,
    0.8135592937469482,
    0.7966101765632629,
    0.8305084705352783,
    0.7796609997749329,
    0.8135592937469482,
    0.7796609997749329,
    0.8135592937469482,
    0.8135592937469482,
    0.7796609997749329
  ],
  "val_loss": [
    2.2426016330718994,
    1.0368902683258057,
    0.92535799741745,
    1.1248936653137207,
    1.183868646621704,
    0.926116406917572,
    1.2253000736236572,
    0.7943459153175354,
    0.8580342531204224,
    0.8522694706916809,
    0.7997673153877258,
    0.8510660529136658,
    0.7501943707466125,
    0.8592506051063538,
    0.8547602295875549,
    0.9377095699310303,
    1.729478120803833,
    0.6848801374435425,
    0.7371129393577576,
    0.914193868637085,
    1.0566682815551758,
    0.9506245255470276,
    0.8134423494338989,
    0.7812979817390442,
    1.0543104410171509,
    0.9508552551269531,
    0.9347004890441895,
    0.9967994093894958,
    1.0426310300827026,
    1.0111093521118164,
    0.8647511601448059,
    0.7208811640739441,
    0.667603075504303,
    1.1387646198272705,
    0.8193650245666504,
    0.7233361005783081,
    0.7957943677902222,
    0.8474876284599304,
    0.8358161449432373,
    0.822835385799408,
    0.7535116076469421,
    0.7922433018684387,
    0.8178722858428955,
    0.6648688912391663,
    0.9960221648216248,
    0.74988853931427,
    0.8483182787895203,
    0.6769917011260986,
    0.7449262142181396,
    0.8199890851974487
  ]
}