{
  "accuracy": [
    0.6440678238868713,
    0.6864407062530518,
    0.8008474707603455,
    0.8389830589294434,
    0.8601694703102112,
    0.8601694703102112,
    0.8771186470985413,
    0.8940678238868713,
    0.8771186470985413,
    0.8813559412956238,
    0.8898305296897888,
    0.9025423526763916,
    0.9025423526763916,
    0.9237288236618042,
    0.9152542352676392,
    0.9364407062530518,
    0.9279661178588867,
    0.944915235042572,
    0.9279661178588867,
    0.9618644118309021,
    0.9406779408454895,
    0.9576271176338196,
    0.9406779408454895,
    0.9703390002250671,
    0.9788135886192322,
    0.9661017060279846,
    0.9576271176338196,
    0.9830508232116699,
    0.9661017060279846,
    0.991525411605835,
    0.9703390002250671,
    0.9661017060279846,
    0.9872881174087524,
    0.991525411605835,
    0.9788135886192322,
    0.9618644118309021,
    0.9830508232116699,
    0.9872881174087524,
    0.9830508232116699,
    0.9788135886192322,
    0.9830508232116699,
    0.9957627058029175,
    0.991525411605835,
    0.9830508232116699,
    0.991525411605835,
    0.9830508232116699,
    0.9872881174087524,
    0.9872881174087524,
    0.9872881174087524,
    0.9872881174087524
  ],
  "loss": [
    4.156622886657715,
    1.2180774211883545,
    0.9056089520454407,
    0.6962589621543884,
    0.6598082780838013,
    0.6111905574798584,
    0.5894741415977478,
    0.5356441736221313,
    0.5751955509185791,
    0.5409561395645142,
    0.5317930579185486,
    0.5134679675102234,
    0.47580087184906006,
    0.4883650243282318,
    0.4575353264808655,
    0.4067850410938263,
    0.4112125635147095,
    0.37361541390419006,
    0.4226425588130951,
    0.38496583700180054,
    0.34923967719078064,
    0.34648263454437256,
    0.3408947288990021,
    0.3416989743709564,
    0.30460095405578613,
    0.32120421528816223,
    0.32315582036972046,
    0.30861714482307434,
    0.3268016576766968,
    0.27437683939933777,
    0.28315168619155884,
    0.28613126277923584,
    0.2810366153717041,
    0.29878878593444824,
    0.28058385848999023,
    0.27159735560417175,
    0.2532508671283722,
    0.27179276943206787,
    0.27017369866371155,
    0.27380990982055664,
    0.2637292146682739,
    0.24260877072811127,
    0.2430630922317505,
    0.24430902302265167,
    0.23746924102306366,
    0.2273128181695938,
    0.23605301976203918,
    0.21498778462409973,
    0.23603808879852295,
    0.21495144069194794
  ],
  "val_accuracy": [
    0.6779661178588867,
    0.7627118825912476,
    0.8135592937469482,
    0.8305084705352783,
    0.7796609997749329,
    0.8135592937469482,
    0.8474576473236084,
    0.8474576473236084,
    0.8474576473236084,
    0.8305084705352783,
    0.8305084705352783,
    0.8305084705352783,
    0.8474576473236084,
    0.8305084705352783,
    0.8305084705352783,
    0.8305084705352783,
    0.8305084705352783,
    0.8305084705352783,
    0.8305084705352783,
    0.8135592937469482,
    0.8305084705352783,
    0.8305084705352783,
    0.8305084705352783,
    0.8135592937469482,
    0.8135592937469482,
    0.8135592937469482,
    0.8135592937469482,
    0.8474576473236084,
    0.8305084705352783,
    0.8135592937469482,
    0.7966101765632629,
    0.8135592937469482,
    0.8305084705352783,
    0.8135592937469482,
    0.8135592937469482,
    0.7966101765632629,
    0.8305084705352783,
    0.7966101765632629,
    0.8135592937469482,
    0.8135592937469482,
    0.8135592937469482,
    0.8135592937469482,
    0.7966101765632629,
    0.8135592937469482,
    0.7966101765632629,
    0.8135592937469482,
    0.8135592937469482,
    0.8135592937469482,
    0.8135592937469482,
    0.8135592937469482
  ],
  "val_loss": [
    4.027813911437988,
    2.370480537414551,
    0.9804865717887878,
    0.7842699289321899,
    0.7770684957504272,
    0.7769975662231445,
    0.7470189929008484,
    0.7294822931289673,
    0.6785756945610046,
    0.6983853578567505,
    0.673366367816925,
    0.7082799077033997,
    0.6492980718612671,
    0.638412356376648,
    0.6658034920692444,
    0.6750802397727966,
    0.6868898868560791,
    0.6678755283355713,
    0.6725181937217712,
    0.639562726020813,
    0.6510899662971497,
    0.6613968014717102,
    0.6560288667678833,
    0.6791940927505493,
    0.6560472846031189,
    0.652633547782898,
    0.6711899042129517,
    0.6521825194358826,
    0.6717085838317871,
    0.6436287760734558,
    0.6654601097106934,
    0.6161280870437622,
    0.6783709526062012,
    0.728134274482727,
    0.7612042427062988,
    0.6913350224494934,
    0.6636013984680176,
    0.7448213696479797,
    0.656017005443573,
    0.6505128145217896,
    0.6448224186897278,
    0.6365683674812317,
    0.6779753565788269,
    0.6596609950065613,
    0.6955010294914246,
    0.6641020774841309,
    0.6724619269371033,
    0.6391424536705017,
    0.6420745849609375,
    0.6363140940666199
  ]
}