{
  "accuracy": [
    0.6398305296897888,
    0.6525423526763916,
    0.6440678238868713,
    0.8262711763381958,
    0.8474576473236084,
    0.8644067645072937,
    0.8644067645072937,
    0.8940678238868713,
    0.9067796468734741,
    0.9279661178588867,
    0.9533898234367371,
    0.9533898234367371,
    0.9491525292396545,
    0.9491525292396545,
    0.9491525292396545,
    0.9533898234367371,
    0.9661017060279846,
    0.9661017060279846,
    0.9661017060279846,
    0.9661017060279846,
    0.9661017060279846,
    0.9703390002250671,
    0.9661017060279846,
    0.9661017060279846,
    0.9703390002250671,
    0.9618644118309021,
    0.9618644118309021,
    0.9703390002250671,
    0.9745762944221497,
    0.9618644118309021,
    0.9364407062530518,
    0.9661017060279846,
    0.9491525292396545,
    0.9661017060279846,
    0.9661017060279846,
    0.9745762944221497,
    0.9745762944221497,
    0.9745762944221497,
    0.9703390002250671,
    0.9745762944221497,
    0.9745762944221497,
    0.9703390002250671,
    0.9703390002250671,
    0.9745762944221497,
    0.9745762944221497,
    0.9745762944221497,
    0.9703390002250671,
    0.9745762944221497,
    0.9703390002250671,
    0.9661017060279846
  ],
  "loss": [
    7.088346004486084,
    3.0770201683044434,
    1.0815247297286987,
    0.8472330570220947,
    0.7963476181030273,
    0.733246922492981,
    0.7230494618415833,
    0.6882998943328857,
    0.639509379863739,
    0.599929928779602,
    0.5741645097732544,
    0.5265302062034607,
    0.49943798780441284,
    0.506838858127594,
    0.4986353814601898,
    0.4725050926208496,
    0.43922457098960876,
    0.45646601915359497,
    0.44040951132774353,
    0.4197141230106354,
    0.4071415066719055,
    0.3979867696762085,
    0.41064223647117615,
    0.4189049005508423,
    0.37438562512397766,
    0.40796536207199097,
    0.3874857425689697,
    0.3650548458099365,
    0.3404434025287628,
    0.3581368923187256,
    0.43178021907806396,
    0.37344154715538025,
    0.37983956933021545,
    0.3560333549976349,
    0.34005850553512573,
    0.33786043524742126,
    0.32736706733703613,
    0.32482391595840454,
    0.3327276408672333,
    0.3046064078807831,
    0.3058489263057709,
    0.3140805661678314,
    0.31013548374176025,
    0.30867689847946167,
    0.2985236942768097,
    0.29149529337882996,
    0.2937704920768738,
    0.28347694873809814,
    0.28838104009628296,
    0.29866060614585876
  ],
  "val_accuracy": [
    0.6440678238868713,
    0.6101694703102112,
    0.8305084705352783,
    0.7966101765632629,
    0.8135592937469482,
    0.8474576473236084,
    0.8813559412956238,
    0.8813559412956238,
    0.8644067645072937,
    0.8644067645072937,
    0.8813559412956238,
    0.8305084705352783,
    0.8644067645072937,
    0.8305084705352783,
    0.8813559412956238,
    0.8474576473236084,
    0.8644067645072937,
    0.8813559412956238,
    0.8474576473236084,
    0.8644067645072937,
    0.8644067645072937,
    0.8644067645072937,
    0.8474576473236084,
    0.8644067645072937,
    0.8644067645072937,
    0.8813559412956238,
    0.8644067645072937,
    0.8813559412956238,
    0.8644067645072937,
    0.8305084705352783,
    0.8644067645072937,
    0.8813559412956238,
    0.8813559412956238,
    0.8644067645072937,
    0.8983050584793091,
    0.8474576473236084,
    0.8644067645072937,
    0.8644067645072937,
    0.8474576473236084,
    0.8644067645072937,
    0.8474576473236084,
    0.8474576473236084,
    0.8644067645072937,
    0.8813559412956238,
    0.8474576473236084,
    0.8474576473236084,
    0.8644067645072937,
    0.8813559412956238,
    0.8135592937469482,
    0.8305084705352783
  ],
  "val_loss": [
    2.606947183609009,
    1.015508770942688,
    0.8477418422698975,
    0.8477471470832825,
    0.8048532605171204,
    0.7972897291183472,
    0.7306167483329773,
    0.7289695143699646,
    0.7505621910095215,
    0.691325306892395,
    0.7109786868095398,
    0.7818493843078613,
    0.7155221104621887,
    0.7651855945587158,
    0.7322095632553101,
    0.7267463803291321,
    0.7205283045768738,
    0.7191132307052612,
    0.7088911533355713,
    0.7610272169113159,
    0.7310975193977356,
    0.702714204788208,
    0.7992257475852966,
    0.6886533498764038,
    0.7800924181938171,
    0.7064428925514221,
    0.6575106382369995,
    0.681185245513916,
    0.6852472424507141,
    0.9164199829101562,
    0.5927237868309021,
    0.636780321598053,
    0.659285306930542,
    0.6516185402870178,
    0.7035496830940247,
    0.7040935158729553,
    0.7091934084892273,
    0.7124680280685425,
    0.7549333572387695,
    0.7931038737297058,
    0.7534667253494263,
    0.6766260266304016,
    0.72906494140625,
    0.7050958275794983,
    0.6782928705215454,
    0.7054174542427063,
    0.634796679019928,
    0.7750447392463684,
    0.72458416223526,
    0.8813775181770325
  ]
}