{
  "AST_L1T_004-20251216_145940": [
    {
      "subsistema": "TIR",
      "banda": "B10",
      "arquivo": "AST_L1T_00406192023131303_20250930172043_TIR_B10.tif",
      "media": 806.2146307283276,
      "mediana": 1223.0,
      "desvio_padrao": 612.4265967171582,
      "variancia": 375066.3363665607,
      "minimo": 0.0,
      "maximo": 1436.0,
      "percentil_25": 0.0,
      "percentil_50": 1223.0,
      "percentil_75": 1286.0,
      "percentil_90": 1322.0,
      "percentil_95": 1339.0,
      "percentil_99": 1371.0,
      "iqr": 1286.0,
      "mad": 90.0,
      "cv": 75.96322038510974,
      "pixels_validos": 763530,
      "pixels_totais": 763530
    },
    {
      "subsistema": "TIR",
      "banda": "B11",
      "arquivo": "AST_L1T_00406192023131303_20250930172043_TIR_B11.tif",
      "media": 881.3353319450447,
      "mediana": 1331.0,
      "desvio_padrao": 669.973290232503,
      "variancia": 448864.20962496573,
      "minimo": 0.0,
      "maximo": 1597.0,
      "percentil_25": 0.0,
      "percentil_50": 1331.0,
      "percentil_75": 1408.0,
      "percentil_90": 1453.0,
      "percentil_95": 1475.0,
      "percentil_99": 1515.0,
      "iqr": 1408.0,
      "mad": 111.0,
      "cv": 76.01797703422594,
      "pixels_validos": 763530,
      "pixels_totais": 763530
    },
    {
      "subsistema": "TIR",
      "banda": "B12",
      "arquivo": "AST_L1T_00406192023131303_20250930172043_TIR_B12.tif",
      "media": 949.2993464565898,
      "mediana": 1431.0,
      "desvio_padrao": 721.7919604693786,
      "variancia": 520983.6341982291,
      "minimo": 0.0,
      "maximo": 1732.0,
      "percentil_25": 0.0,
      "percentil_50": 1431.0,
      "percentil_75": 1517.0,
      "percentil_90": 1568.0,
      "percentil_95": 1592.0,
      "percentil_99": 1638.0,
      "iqr": 1517.0,
      "mad": 124.0,
      "cv": 76.03417859325212,
      "pixels_validos": 763530,
      "pixels_totais": 763530
    },
    {
      "subsistema": "TIR",
      "banda": "B13",
      "arquivo": "AST_L1T_00406192023131303_20250930172043_TIR_B13.tif",
      "media": 1106.629647819994,
      "mediana": 1681.0,
      "desvio_padrao": 840.7870532232525,
      "variancia": 706922.8688678405,
      "minimo": 0.0,
      "maximo": 1976.0,
      "percentil_25": 0.0,
      "percentil_50": 1681.0,
      "percentil_75": 1764.0,
      "percentil_90": 1812.0,
      "percentil_95": 1835.0,
      "percentil_99": 1881.0,
      "iqr": 1764.0,
      "mad": 119.0,
      "cv": 75.97727522297652,
      "pixels_validos": 763530,
      "pixels_totais": 763530
    },
    {
      "subsistema": "TIR",
      "banda": "B14",
      "arquivo": "AST_L1T_00406192023131303_20250930172043_TIR_B14.tif",
      "media": 1149.7540699121187,
      "mediana": 1756.0,
      "desvio_padrao": 873.1926868366604,
      "variancia": 762465.4683450261,
      "minimo": 0.0,
      "maximo": 2023.0,
      "percentil_25": 0.0,
      "percentil_50": 1756.0,
      "percentil_75": 1830.0,
      "percentil_90": 1873.0,
      "percentil_95": 1894.0,
      "percentil_99": 1934.0,
      "iqr": 1830.0,
      "mad": 106.0,
      "cv": 75.94604008693814,
      "pixels_validos": 763530,
      "pixels_totais": 763530
    },
    {
      "subsistema": "VNIR",
      "banda": "B01",
      "arquivo": "AST_L1T_00406192023131303_20250930172043_VNIR_B01.tif",
      "media": 34.48364253314648,
      "mediana": 47.0,
      "desvio_padrao": 27.58116461253868,
      "variancia": 760.7206413839559,
      "minimo": 0.0,
      "maximo": 255.0,
      "percentil_25": 0.0,
      "percentil_50": 47.0,
      "percentil_75": 57.0,
      "percentil_90": 63.0,
      "percentil_95": 67.0,
      "percentil_99": 75.0,
      "iqr": 57.0,
      "mad": 15.0,
      "cv": 79.98332712684578,
      "pixels_validos": 27487080,
      "pixels_totais": 27487080
    },
    {
      "subsistema": "VNIR",
      "banda": "B02",
      "arquivo": "AST_L1T_00406192023131303_20250930172043_VNIR_B02.tif",
      "media": 26.69571980726945,
      "mediana": 30.0,
      "desvio_padrao": 23.201586187914316,
      "variancia": 538.3136016352164,
      "minimo": 0.0,
      "maximo": 255.0,
      "percentil_25": 0.0,
      "percentil_50": 30.0,
      "percentil_75": 46.0,
      "percentil_90": 56.0,
      "percentil_95": 62.0,
      "percentil_99": 73.0,
      "iqr": 46.0,
      "mad": 24.0,
      "cv": 86.91125901612267,
      "pixels_validos": 27487080,
      "pixels_totais": 27487080
    },
    {
      "subsistema": "VNIR",
      "banda": "B03N",
      "arquivo": "AST_L1T_00406192023131303_20250930172043_VNIR_B03N.tif",
      "media": 36.066742338582344,
      "mediana": 52.0,
      "desvio_padrao": 28.547938280002175,
      "variancia": 814.9847800388135,
      "minimo": 0.0,
      "maximo": 255.0,
      "percentil_25": 0.0,
      "percentil_50": 52.0,
      "percentil_75": 59.0,
      "percentil_90": 64.0,
      "percentil_95": 67.0,
      "percentil_99": 74.0,
      "iqr": 59.0,
      "mad": 11.0,
      "cv": 79.15308239375715,
      "pixels_validos": 27487080,
      "pixels_totais": 27487080
    }
  ],
  "AST_L1T_004-20251216_152230": [
    {
      "subsistema": "TIR",
      "banda": "B10",
      "arquivo": "AST_L1T_00406192023131303_20250930172043_TIR_B10.tif",
      "media": 806.2146307283276,
      "mediana": 1223.0,
      "desvio_padrao": 612.4265967171582,
      "variancia": 375066.3363665607,
      "minimo": 0.0,
      "maximo": 1436.0,
      "percentil_25": 0.0,
      "percentil_50": 1223.0,
      "percentil_75": 1286.0,
      "percentil_90": 1322.0,
      "percentil_95": 1339.0,
      "percentil_99": 1371.0,
      "iqr": 1286.0,
      "mad": 90.0,
      "cv": 75.96322038510974,
      "pixels_validos": 763530,
      "pixels_totais": 763530
    },
    {
      "subsistema": "TIR",
      "banda": "B11",
      "arquivo": "AST_L1T_00406192023131303_20250930172043_TIR_B11.tif",
      "media": 881.3353319450447,
      "mediana": 1331.0,
      "desvio_padrao": 669.973290232503,
      "variancia": 448864.20962496573,
      "minimo": 0.0,
      "maximo": 1597.0,
      "percentil_25": 0.0,
      "percentil_50": 1331.0,
      "percentil_75": 1408.0,
      "percentil_90": 1453.0,
      "percentil_95": 1475.0,
      "percentil_99": 1515.0,
      "iqr": 1408.0,
      "mad": 111.0,
      "cv": 76.01797703422594,
      "pixels_validos": 763530,
      "pixels_totais": 763530
    },
    {
      "subsistema": "TIR",
      "banda": "B12",
      "arquivo": "AST_L1T_00406192023131303_20250930172043_TIR_B12.tif",
      "media": 949.2993464565898,
      "mediana": 1431.0,
      "desvio_padrao": 721.7919604693786,
      "variancia": 520983.6341982291,
      "minimo": 0.0,
      "maximo": 1732.0,
      "percentil_25": 0.0,
      "percentil_50": 1431.0,
      "percentil_75": 1517.0,
      "percentil_90": 1568.0,
      "percentil_95": 1592.0,
      "percentil_99": 1638.0,
      "iqr": 1517.0,
      "mad": 124.0,
      "cv": 76.03417859325212,
      "pixels_validos": 763530,
      "pixels_totais": 763530
    },
    {
      "subsistema": "TIR",
      "banda": "B13",
      "arquivo": "AST_L1T_00406192023131303_20250930172043_TIR_B13.tif",
      "media": 1106.629647819994,
      "mediana": 1681.0,
      "desvio_padrao": 840.7870532232525,
      "variancia": 706922.8688678405,
      "minimo": 0.0,
      "maximo": 1976.0,
      "percentil_25": 0.0,
      "percentil_50": 1681.0,
      "percentil_75": 1764.0,
      "percentil_90": 1812.0,
      "percentil_95": 1835.0,
      "percentil_99": 1881.0,
      "iqr": 1764.0,
      "mad": 119.0,
      "cv": 75.97727522297652,
      "pixels_validos": 763530,
      "pixels_totais": 763530
    },
    {
      "subsistema": "TIR",
      "banda": "B14",
      "arquivo": "AST_L1T_00406192023131303_20250930172043_TIR_B14.tif",
      "media": 1149.7540699121187,
      "mediana": 1756.0,
      "desvio_padrao": 873.1926868366604,
      "variancia": 762465.4683450261,
      "minimo": 0.0,
      "maximo": 2023.0,
      "percentil_25": 0.0,
      "percentil_50": 1756.0,