{
  "accuracy": [
    0.6652542352676392,
    0.7118644118309021,
    0.7542372941970825,
    0.8135592937469482,
    0.8559321761131287,
    0.8389830589294434,
    0.8432203531265259,
    0.8686440587043762,
    0.8940678238868713,
    0.8983050584793091,
    0.8983050584793091,
    0.9322034120559692,
    0.8940678238868713,
    0.9067796468734741,
    0.9237288236618042,
    0.9279661178588867,
    0.9279661178588867,
    0.9322034120559692,
    0.9406779408454895,
    0.9576271176338196,
    0.9406779408454895,
    0.9237288236618042,
    0.9364407062530518,
    0.9491525292396545,
    0.9279661178588867,
    0.9364407062530518,
    0.9661017060279846,
    0.9661017060279846,
    0.9533898234367371,
    0.9661017060279846,
    0.9576271176338196,
    0.9576271176338196,
    0.9703390002250671,
    0.9703390002250671,
    0.9618644118309021,
    0.9661017060279846,
    0.9703390002250671,
    0.9576271176338196,
    0.9661017060279846,
    0.9661017060279846,
    0.9661017060279846,
    0.944915235042572,
    0.9533898234367371,
    0.9745762944221497,
    0.9745762944221497,
    0.9661017060279846,
    0.9703390002250671,
    0.9533898234367371,
    0.9533898234367371,
    0.9703390002250671
  ],
  "loss": [
    3.023557424545288,
    2.0348005294799805,
    1.0647591352462769,
    0.73453289270401,
    0.686461865901947,
    0.6997184753417969,
    0.6089956164360046,
    0.6083166599273682,
    0.562267005443573,
    0.5321069359779358,
    0.5346100926399231,
    0.49436578154563904,
    0.4980403482913971,
    0.47595342993736267,
    0.4406931400299072,
    0.4287241995334625,
    0.4272933900356293,
    0.4615195393562317,
    0.40981900691986084,
    0.3955361843109131,
    0.41421741247177124,
    0.4333580732345581,
    0.42475420236587524,
    0.39218032360076904,
    0.4199092984199524,
    0.39032262563705444,
    0.36550697684288025,
    0.3434213101863861,
    0.3406049907207489,
    0.32303568720817566,
    0.3512033224105835,
    0.32933714985847473,
    0.32378536462783813,
    0.34408193826675415,
    0.3225434422492981,
    0.3211195766925812,
    0.311661034822464,
    0.3475356698036194,
    0.30901360511779785,
    0.301556795835495,
    0.30048349499702454,
    0.35579782724380493,
    0.33517342805862427,
    0.308020681142807,
    0.2889321744441986,
    0.2921282947063446,
    0.28062704205513,
    0.32649800181388855,
    0.31331247091293335,
    0.30012792348861694
  ],
  "val_accuracy": [
    0.6779661178588867,
    0.8135592937469482,
    0.7627118825912476,
    0.8644067645072937,
    0.8474576473236084,
    0.8644067645072937,
    0.8474576473236084,
    0.8813559412956238,
    0.8644067645072937,
    0.8644067645072937,
    0.8813559412956238,
    0.8305084705352783,
    0.8474576473236084,
    0.8644067645072937,
    0.8813559412956238,
    0.8474576473236084,
    0.8644067645072937,
    0.8474576473236084,
    0.8305084705352783,
    0.8305084705352783,
    0.8644067645072937,
    0.8305084705352783,
    0.8305084705352783,
    0.8474576473236084,
    0.8474576473236084,
    0.8813559412956238,
    0.8644067645072937,
    0.8644067645072937,
    0.8644067645072937,
    0.8474576473236084,
    0.8305084705352783,
    0.8305084705352783,
    0.8305084705352783,
    0.8474576473236084,
    0.8305084705352783,
    0.8474576473236084,
    0.8305084705352783,
    0.8305084705352783,
    0.8305084705352783,
    0.8474576473236084,
    0.7966101765632629,
    0.8135592937469482,
    0.8474576473236084,
    0.8474576473236084,
    0.8305084705352783,
    0.8135592937469482,
    0.8305084705352783,
    0.8474576473236084,
    0.8644067645072937,
    0.8474576473236084
  ],
  "val_loss": [
    1.68413245677948,
    0.6962854266166687,
    0.741462230682373,
    0.6977819800376892,
    0.6865509152412415,
    0.7022416591644287,
    0.6547803282737732,
    0.6515931487083435,
    0.6617921590805054,
    0.6202652454376221,
    0.6025881767272949,
    0.6266615390777588,
    0.6083307862281799,
    0.5857332944869995,
    0.5785637497901917,
    0.5924482345581055,
    0.5663472414016724,
    0.5895131230354309,
    0.6196441650390625,
    0.5795565843582153,
    0.6638399958610535,
    0.6099973917007446,
    0.5959233045578003,
    0.6162729859352112,
    0.5780458450317383,
    0.5929944515228271,
    0.5514936447143555,
    0.5801553130149841,
    0.569508969783783,
    0.5708613395690918,
    0.5623329281806946,
    0.6313647031784058,
    0.5843847393989563,
    0.6403331160545349,
    0.5932043194770813,
    0.5682569742202759,
    0.599564254283905,
    0.5658242106437683,
    0.5858856439590454,
    0.6221004128456116,
    0.6648226976394653,
    0.79268479347229,
    0.5689247250556946,
    0.6107588410377502,
    0.5797832012176514,
    0.6207031011581421,
    0.7802090644836426,
    0.6575652360916138,
    0.6078876852989197,
    0.589383065700531
  ]
}