{
  "accuracy": [
    0.6737288236618042,
    0.75,
    0.7881355881690979,
    0.8813559412956238,
    0.8474576473236084,
    0.8813559412956238,
    0.8813559412956238,
    0.9279661178588867,
    0.8644067645072937,
    0.9279661178588867,
    0.9279661178588867,
    0.944915235042572,
    0.9533898234367371,
    0.9576271176338196,
    0.9533898234367371,
    0.9406779408454895,
    0.9661017060279846,
    0.9618644118309021,
    0.9576271176338196,
    0.9661017060279846,
    0.9661017060279846,
    0.9703390002250671,
    0.9703390002250671,
    0.9703390002250671,
    0.9745762944221497,
    0.9703390002250671,
    0.9703390002250671,
    0.9703390002250671,
    0.9703390002250671,
    0.9745762944221497,
    0.9703390002250671,
    0.9745762944221497,
    0.9703390002250671,
    0.9745762944221497,
    0.9703390002250671,
    0.9661017060279846,
    0.9745762944221497,
    0.9703390002250671,
    0.9703390002250671,
    0.9745762944221497,
    0.9745762944221497,
    0.9745762944221497,
    0.9703390002250671,
    0.9745762944221497,
    0.9745762944221497,
    0.9745762944221497,
    0.9745762944221497,
    0.9703390002250671,
    0.9703390002250671,
    0.9618644118309021
  ],
  "loss": [
    4.331394195556641,
    1.6807653903961182,
    0.8741838335990906,
    0.7289412021636963,
    0.7075739502906799,
    0.6799848675727844,
    0.6246820688247681,
    0.5908169746398926,
    0.5898388624191284,
    0.5888940095901489,
    0.49814069271087646,
    0.4699675440788269,
    0.4494166672229767,
    0.41240689158439636,
    0.46161118149757385,
    0.4461544454097748,
    0.3991714119911194,
    0.40313825011253357,
    0.396212100982666,
    0.3750631809234619,
    0.37673598527908325,
    0.33852675557136536,
    0.331199049949646,
    0.3468049168586731,
    0.3192428648471832,
    0.3115750253200531,
    0.31570106744766235,
    0.3116142153739929,
    0.3013382852077484,
    0.28301772475242615,
    0.2852984368801117,
    0.28910210728645325,
    0.28315186500549316,
    0.2738693058490753,
    0.2665717601776123,
    0.27235984802246094,
    0.27095142006874084,
    0.2722588777542114,
    0.2558629512786865,
    0.2559421956539154,
    0.25430387258529663,
    0.240597203373909,
    0.23853105306625366,
    0.23967337608337402,
    0.234507218003273,
    0.23230914771556854,
    0.22196048498153687,
    0.23110917210578918,
    0.22047020494937897,
    0.24894344806671143
  ],
  "val_accuracy": [
    0.6440678238868713,
    0.7288135886192322,
    0.7966101765632629,
    0.7457627058029175,
    0.8305084705352783,
    0.8305084705352783,
    0.8135592937469482,
    0.7966101765632629,
    0.8305084705352783,
    0.8135592937469482,
    0.8305084705352783,
    0.8135592937469482,
    0.8135592937469482,
    0.8135592937469482,
    0.8474576473236084,
    0.8135592937469482,
    0.8474576473236084,
    0.8135592937469482,
    0.8305084705352783,
    0.7966101765632629,
    0.8135592937469482,
    0.8474576473236084,
    0.8644067645072937,
    0.8305084705352783,
    0.7966101765632629,
    0.8135592937469482,
    0.8135592937469482,
    0.7966101765632629,
    0.8305084705352783,
    0.8305084705352783,
    0.8305084705352783,
    0.7966101765632629,
    0.8305084705352783,
    0.8305084705352783,
    0.8474576473236084,
    0.7627118825912476,
    0.8135592937469482,
    0.7966101765632629,
    0.8135592937469482,
    0.8135592937469482,
    0.8135592937469482,
    0.8135592937469482,
    0.8135592937469482,
    0.8135592937469482,
    0.8135592937469482,
    0.8305084705352783,
    0.7966101765632629,
    0.7796609997749329,
    0.8474576473236084,
    0.8305084705352783
  ],
  "val_loss": [
    1.6102385520935059,
    0.9757097363471985,
    0.8444246053695679,
    0.8114657402038574,
    0.7222720384597778,
    0.812066912651062,
    0.7830446362495422,
    0.764765739440918,
    0.7492169141769409,
    0.735650897026062,
    0.6884260177612305,
    0.7320799231529236,
    0.6975932717323303,
    0.7129247784614563,
    0.7618605494499207,
    0.6846765875816345,
    0.7601025700569153,
    0.8673250079154968,
    0.7497392296791077,
    0.7952622771263123,
    0.8564231991767883,
    0.7480717897415161,
    0.7143058776855469,
    0.7724980711936951,
    0.7697266340255737,
    0.752211332321167,
    0.7807013988494873,
    0.8086646199226379,
    0.8147944808006287,
    0.788996160030365,
    0.7674014568328857,
    0.736719012260437,
    0.8582231402397156,
    0.795465350151062,
    0.9187576770782471,
    0.6923705339431763,
    0.7236895561218262,
    0.839675784111023,
    0.8082423210144043,
    0.741353452205658,
    0.7851197719573975,
    0.8982383608818054,
    0.8921833634376526,
    0.8922088146209717,
    0.8567976951599121,
    0.8305437564849854,
    0.8028628826141357,
    0.8356190323829651,
    0.8064161539077759,
    0.7132084965705872
  ]
}