{
  "accuracy": [
    0.6059321761131287,
    0.7033898234367371,
    0.8262711763381958,
    0.8432203531265259,
    0.8601694703102112,
    0.9025423526763916,
    0.8644067645072937,
    0.9194915294647217,
    0.9110169410705566,
    0.9110169410705566,
    0.9322034120559692,
    0.9533898234367371,
    0.944915235042572,
    0.9364407062530518,
    0.9661017060279846,
    0.9661017060279846,
    0.9703390002250671,
    0.9703390002250671,
    0.9745762944221497,
    0.9703390002250671,
    0.9618644118309021,
    0.9703390002250671,
    0.9618644118309021,
    0.9661017060279846,
    0.9661017060279846,
    0.9618644118309021,
    0.9703390002250671,
    0.9703390002250671,
    0.9703390002250671,
    0.9618644118309021,
    0.9703390002250671,
    0.9745762944221497,
    0.9745762944221497,
    0.9745762944221497,
    0.9661017060279846,
    0.9661017060279846,
    0.9703390002250671,
    0.9661017060279846,
    0.9703390002250671,
    0.9661017060279846,
    0.9745762944221497,
    0.9703390002250671,
    0.9661017060279846,
    0.9661017060279846,
    0.9618644118309021,
    0.9661017060279846,
    0.9703390002250671,
    0.9576271176338196,
    0.9618644118309021,
    0.9745762944221497
  ],
  "loss": [
    7.913537502288818,
    2.0747482776641846,
    0.8852989673614502,
    0.8222686052322388,
    0.7388505339622498,
    0.7401602864265442,
    0.6613287329673767,
    0.6120589971542358,
    0.6046139597892761,
    0.5858027935028076,
    0.5333926677703857,
    0.4909323453903198,
    0.48583707213401794,
    0.470014363527298,
    0.4449824392795563,
    0.43189263343811035,
    0.4151858985424042,
    0.3894217908382416,
    0.38646072149276733,
    0.3868620991706848,
    0.39400801062583923,
    0.3709869086742401,
    0.38561585545539856,
    0.35631537437438965,
    0.36153730750083923,
    0.3632260859012604,
    0.34409305453300476,
    0.3373916447162628,
    0.3375667631626129,
    0.34680214524269104,
    0.33676818013191223,
    0.32306209206581116,
    0.3259086608886719,
    0.31372886896133423,
    0.3129395842552185,
    0.30725324153900146,
    0.3128120005130768,
    0.3121781349182129,
    0.29561835527420044,
    0.2984805405139923,
    0.2943015694618225,
    0.2972831130027771,
    0.29671618342399597,
    0.3636927902698517,
    0.3349027931690216,
    0.33135566115379333,
    0.3067736327648163,
    0.3058256506919861,
    0.3059227466583252,
    0.30385610461235046
  ],
  "val_accuracy": [
    0.508474588394165,
    0.7796609997749329,
    0.7627118825912476,
    0.8135592937469482,
    0.8305084705352783,
    0.7796609997749329,
    0.8305084705352783,
    0.8474576473236084,
    0.8305084705352783,
    0.8644067645072937,
    0.8135592937469482,
    0.8135592937469482,
    0.8135592937469482,
    0.8135592937469482,
    0.8644067645072937,
    0.8305084705352783,
    0.8474576473236084,
    0.8305084705352783,
    0.8474576473236084,
    0.8135592937469482,
    0.8305084705352783,
    0.7966101765632629,
    0.7966101765632629,
    0.8474576473236084,
    0.8644067645072937,
    0.8305084705352783,
    0.8644067645072937,
    0.8135592937469482,
    0.8305084705352783,
    0.8474576473236084,
    0.8644067645072937,
    0.8135592937469482,
    0.8474576473236084,
    0.8644067645072937,
    0.8135592937469482,
    0.8644067645072937,
    0.8135592937469482,
    0.8644067645072937,
    0.8474576473236084,
    0.8135592937469482,
    0.8305084705352783,
    0.7966101765632629,
    0.7966101765632629,
    0.8644067645072937,
    0.7796609997749329,
    0.8474576473236084,
    0.7966101765632629,
    0.8474576473236084,
    0.8474576473236084,
    0.8474576473236084
  ],
  "val_loss": [
    1.8429573774337769,
    0.8941301107406616,
    0.9192993640899658,
    0.8525335192680359,
    0.782485842704773,
    0.7995309829711914,
    0.753697395324707,
    0.7627002000808716,
    0.7498030662536621,
    0.6916149854660034,
    0.7344734072685242,
    0.7912520170211792,
    0.7840423583984375,
    0.7435824275016785,
    0.7255623936653137,
    0.7431536912918091,
    0.7704325318336487,
    0.7746681571006775,
    0.7302893996238708,
    0.7690065503120422,
    0.7331098914146423,
    0.9055458903312683,
    0.7563046216964722,
    0.7880668044090271,
    0.6928656697273254,
    0.763594388961792,
    0.6987402439117432,
    0.7499479055404663,
    0.6475749611854553,
    0.6670317649841309,
    0.6736704707145691,
    0.6459547281265259,
    0.6432015299797058,
    0.7110808491706848,
    0.7226977348327637,
    0.6883608102798462,
    0.8386803269386292,
    0.5619921684265137,
    0.6727206707000732,
    0.6446772813796997,
    0.627213180065155,
    0.7317281365394592,
    0.7888146042823792,
    0.5342819094657898,
    0.6849426031112671,
    0.5614816546440125,
    0.6532618999481201,
    0.6091607213020325,
    0.6074856519699097,
    0.578827440738678
  ]
}