{
  "accuracy": [
    0.5,
    0.675000011920929,
    0.7250000238418579,
    0.800000011920929,
    0.699999988079071,
    0.824999988079071,
    0.75,
    0.824999988079071,
    0.925000011920929,
    0.8500000238418579,
    0.8500000238418579,
    0.8999999761581421,
    0.949999988079071,
    0.949999988079071,
    0.8999999761581421,
    0.949999988079071,
    0.9750000238418579,
    0.9750000238418579,
    0.9750000238418579,
    0.9750000238418579,
    0.9750000238418579,
    0.949999988079071,
    0.9750000238418579,
    0.925000011920929,
    0.949999988079071,
    0.9750000238418579,
    0.9750000238418579,
    0.9750000238418579,
    0.9750000238418579,
    0.9750000238418579,
    0.9750000238418579,
    0.9750000238418579,
    0.9750000238418579,
    0.9750000238418579,
    0.9750000238418579,
    0.9750000238418579,
    0.9750000238418579,
    0.9750000238418579,
    0.9750000238418579,
    0.9750000238418579,
    0.9750000238418579,
    0.9750000238418579,
    0.9750000238418579,
    0.9750000238418579,
    0.9750000238418579,
    0.9750000238418579,
    0.9750000238418579,
    0.9750000238418579,
    0.9750000238418579,
    0.9750000238418579
  ],
  "loss": [
    3.1567673683166504,
    7.52300500869751,
    3.4410252571105957,
    4.204826354980469,
    2.578458309173584,
    3.3544514179229736,
    2.353539228439331,
    1.7962405681610107,
    0.7898859977722168,
    0.8372513055801392,
    0.7591072916984558,
    0.6641704440116882,
    0.5829931497573853,
    0.5493456721305847,
    0.5659809112548828,
    0.5103946924209595,
    0.4926525950431824,
    0.48560386896133423,
    0.4620335102081299,
    0.47562137246131897,
    0.47922882437705994,
    0.5268542170524597,
    0.47524183988571167,
    0.5526856780052185,
    0.4568769335746765,
    0.4486648440361023,
    0.4717118740081787,
    0.44542044401168823,
    0.43101781606674194,
    0.4459468722343445,
    0.4274808466434479,
    0.46554288268089294,
    0.4469147324562073,
    0.43812626600265503,
    0.48441600799560547,
    0.42376065254211426,
    0.4179028868675232,
    0.4264908730983734,
    0.4298769533634186,
    0.4396722912788391,
    0.41406625509262085,
    0.3789074420928955,
    0.4016665518283844,
    0.40273404121398926,
    0.40093812346458435,
    0.3928382396697998,
    0.3942413628101349,
    0.38194847106933594,
    0.38635557889938354,
    0.3892980217933655
  ],
  "val_accuracy": [
    0.4000000059604645,
    0.800000011920929,
    0.699999988079071,
    0.699999988079071,
    0.699999988079071,
    0.5,
    0.800000011920929,
    0.699999988079071,
    0.800000011920929,
    0.800000011920929,
    0.8999999761581421,
    0.800000011920929,
    0.800000011920929,
    0.699999988079071,
    0.699999988079071,
    0.800000011920929,
    0.800000011920929,
    0.800000011920929,
    0.800000011920929,
    0.800000011920929,
    0.800000011920929,
    0.800000011920929,
    0.699999988079071,
    0.699999988079071,
    0.800000011920929,
    0.800000011920929,
    0.800000011920929,
    0.800000011920929,
    0.800000011920929,
    0.800000011920929,
    0.800000011920929,
    0.800000011920929,
    0.800000011920929,
    0.800000011920929,
    0.800000011920929,
    0.800000011920929,
    0.800000011920929,
    0.800000011920929,
    0.800000011920929,
    0.800000011920929,
    0.800000011920929,
    0.800000011920929,
    0.800000011920929,
    0.800000011920929,
    0.800000011920929,
    0.800000011920929,
    0.800000011920929,
    0.800000011920929,
    0.800000011920929,
    0.800000011920929
  ],
  "val_loss": [
    3.66412091255188,
    2.6219077110290527,
    3.425264358520508,
    2.6628711223602295,
    1.3725736141204834,
    1.3332810401916504,
    1.1126247644424438,
    0.8397263288497925,
    0.883719801902771,
    0.9964941740036011,
    1.06271231174469,
    1.011989712715149,
    0.9296857714653015,
    0.9232904314994812,
    0.9500313997268677,
    0.973257839679718,
    1.0153498649597168,
    1.0937005281448364,
    1.160141944885254,
    1.2196950912475586,
    1.2657054662704468,
    1.0819469690322876,
    0.8903252482414246,
    0.8249794244766235,
    0.7780194878578186,
    0.7562520503997803,
    0.7336796522140503,
    0.7194669246673584,
    0.7129644155502319,
    0.7129048705101013,
    0.7189484238624573,
    0.7407572865486145,
    0.7631673216819763,
    0.7605960369110107,
    0.8178432583808899,
    0.8361978530883789,
    0.8485074043273926,
    0.8887731432914734,
    0.9262996912002563,
    0.9464421272277832,
    0.9698918461799622,
    0.991782009601593,
    1.003391146659851,
    0.9881843328475952,
    0.9692603349685669,
    0.9515579342842102,
    0.9447765350341797,
    0.9375197291374207,
    0.9349161386489868,
    0.9340535402297974
  ]
}