{
  "accuracy": [
    0.75,
    0.625,
    0.75,
    0.5,
    0.75,
    0.75,
    0.875,
    0.75,
    0.875,
    0.625,
    0.625,
    0.875,
    0.875,
    0.625,
    0.5,
    0.875,
    0.875,
    0.875,
    0.75,
    0.875,
    0.875,
    0.875,
    0.875,
    0.875,
    0.875,
    0.875,
    0.875,
    0.875,
    0.875,
    0.875,
    0.875,
    0.875,
    0.875,
    0.875,
    0.875,
    0.875,
    0.875,
    0.875,
    0.875,
    0.875,
    0.875,
    0.875,
    0.875,
    0.875,
    0.875,
    0.875,
    0.875,
    0.875,
    0.875,
    0.875
  ],
  "loss": [
    0.8649345636367798,
    7.696922302246094,
    18.48908233642578,
    4.078958511352539,
    3.4436545372009277,
    2.241788864135742,
    4.106654167175293,
    1.1837807893753052,
    1.2996069192886353,
    0.8232530355453491,
    0.8058831095695496,
    0.8984023332595825,
    0.8563701510429382,
    1.603541612625122,
    0.8820585012435913,
    0.5062315464019775,
    0.8043926358222961,
    0.5888855457305908,
    0.6397626996040344,
    0.6264484524726868,
    0.5175078511238098,
    0.6570413708686829,
    0.9455469250679016,
    0.5874199867248535,
    0.5867873430252075,
    0.6231111884117126,
    0.6421191692352295,
    0.6707051396369934,
    0.5909305214881897,
    0.6958069801330566,
    0.5399733185768127,
    0.6573136448860168,
    0.7213407158851624,
    0.6505936980247498,
    0.7041788697242737,
    0.6770855784416199,
    0.6237431168556213,
    0.625400185585022,
    0.6634922623634338,
    0.6950620412826538,
    0.6208727359771729,
    0.6465585827827454,
    0.6425660252571106,
    0.6121916174888611,
    0.6414715647697449,
    0.6239202618598938,
    0.6717871427536011,
    0.6118783354759216,
    0.7030268311500549,
    0.6916509866714478
  ],
  "val_accuracy": [
    0.5,
    1.0,
    1.0,
    1.0,
    1.0,
    0.5,
    0.5,
    1.0,
    1.0,
    1.0,
    1.0,
    1.0,
    1.0,
    1.0,
    1.0,
    1.0,
    1.0,
    1.0,
    1.0,
    1.0,
    0.5,
    0.5,
    0.5,
    0.5,
    1.0,
    1.0,
    1.0,
    1.0,
    1.0,
    1.0,
    1.0,
    1.0,
    1.0,
    1.0,
    1.0,
    1.0,
    1.0,
    1.0,
    1.0,
    1.0,
    1.0,
    1.0,
    1.0,
    1.0,
    1.0,
    1.0,
    1.0,
    1.0,
    1.0,
    1.0
  ],
  "val_loss": [
    2.4583547115325928,
    0.2657615542411804,
    0.2514804005622864,
    0.24369686841964722,
    0.4611789584159851,
    0.7022965550422668,
    0.8193639516830444,
    0.5193843841552734,
    0.4234996438026428,
    0.38946571946144104,
    0.36307281255722046,
    0.3880937397480011,
    0.42199403047561646,
    0.5169920921325684,
    0.42208757996559143,
    0.383730411529541,
    0.4813966453075409,
    0.6177394986152649,
    0.7098151445388794,
    0.7549338340759277,
    0.8725676536560059,
    1.0347474813461304,
    1.0666769742965698,
    0.9868592023849487,
    0.8172498941421509,
    0.7051267027854919,
    0.6449847221374512,
    0.611170768737793,
    0.5770297646522522,
    0.5570828914642334,
    0.5273839235305786,
    0.48674607276916504,
    0.5037826299667358,
    0.5022733807563782,
    0.5097015500068665,
    0.5175848603248596,
    0.5209015607833862,
    0.5209946632385254,
    0.5201656818389893,
    0.524474024772644,
    0.5257960557937622,
    0.5261319279670715,
    0.5231003165245056,
    0.5200884938240051,
    0.5015398859977722,
    0.492726594209671,
    0.5129452347755432,
    0.5146636366844177,
    0.5278406739234924,
    0.566761314868927
  ]
}