{
  "accuracy": [
    0.6101694703102112,
    0.758474588394165,
    0.805084764957428,
    0.8432203531265259,
    0.8559321761131287,
    0.9025423526763916,
    0.8855932354927063,
    0.9152542352676392,
    0.9576271176338196,
    0.944915235042572,
    0.9618644118309021,
    0.944915235042572,
    0.9661017060279846,
    0.9703390002250671,
    0.9703390002250671,
    0.9491525292396545,
    0.9703390002250671,
    0.9745762944221497,
    0.9745762944221497,
    0.9703390002250671,
    0.9618644118309021,
    0.9703390002250671,
    0.9618644118309021,
    0.9618644118309021,
    0.9703390002250671,
    0.9703390002250671,
    0.9661017060279846,
    0.9703390002250671,
    0.9618644118309021,
    0.9661017060279846,
    0.9533898234367371,
    0.9618644118309021,
    0.9745762944221497,
    0.9618644118309021,
    0.9576271176338196,
    0.9703390002250671,
    0.9661017060279846,
    0.9745762944221497,
    0.9745762944221497,
    0.9745762944221497,
    0.9661017060279846,
    0.9745762944221497,
    0.9745762944221497,
    0.9745762944221497,
    0.9703390002250671,
    0.9703390002250671,
    0.9745762944221497,
    0.9745762944221497,
    0.9661017060279846,
    0.9703390002250671
  ],
  "loss": [
    4.303586006164551,
    1.085162878036499,
    0.8626106381416321,
    0.7604618668556213,
    0.7291430830955505,
    0.6595578193664551,
    0.6236978769302368,
    0.5699641108512878,
    0.525489330291748,
    0.48467302322387695,
    0.4583752751350403,
    0.466647207736969,
    0.4349994659423828,
    0.4321404993534088,
    0.39085766673088074,
    0.4195190668106079,
    0.3961276710033417,
    0.3830178380012512,
    0.35585451126098633,
    0.35860320925712585,
    0.38859978318214417,
    0.35663869976997375,
    0.3902912735939026,
    0.3545086085796356,
    0.33221620321273804,
    0.347781777381897,
    0.32148897647857666,
    0.323932409286499,
    0.3327409327030182,
    0.30348360538482666,
    0.3372596502304077,
    0.32382726669311523,
    0.31839075684547424,
    0.337527871131897,
    0.3291424512863159,
    0.3033163547515869,
    0.3110533654689789,
    0.2914523780345917,
    0.28507763147354126,
    0.28077566623687744,
    0.28088921308517456,
    0.2801503837108612,
    0.27391356229782104,
    0.2659513056278229,
    0.26353755593299866,
    0.25281822681427,
    0.26183006167411804,
    0.24470917880535126,
    0.2625739574432373,
    0.26346009969711304
  ],
  "val_accuracy": [
    0.8135592937469482,
    0.6440678238868713,
    0.8135592937469482,
    0.8135592937469482,
    0.8474576473236084,
    0.7966101765632629,
    0.8305084705352783,
    0.8305084705352783,
    0.8474576473236084,
    0.8474576473236084,
    0.7796609997749329,
    0.8474576473236084,
    0.8644067645072937,
    0.8305084705352783,
    0.8474576473236084,
    0.8305084705352783,
    0.8305084705352783,
    0.8474576473236084,
    0.7966101765632629,
    0.8305084705352783,
    0.8305084705352783,
    0.8305084705352783,
    0.8135592937469482,
    0.8305084705352783,
    0.8474576473236084,
    0.8305084705352783,
    0.8305084705352783,
    0.8474576473236084,
    0.8474576473236084,
    0.8305084705352783,
    0.8474576473236084,
    0.8305084705352783,
    0.8305084705352783,
    0.8644067645072937,
    0.8135592937469482,
    0.8644067645072937,
    0.8305084705352783,
    0.8305084705352783,
    0.8474576473236084,
    0.8305084705352783,
    0.8305084705352783,
    0.8474576473236084,
    0.8305084705352783,
    0.8644067645072937,
    0.8305084705352783,
    0.8644067645072937,
    0.8305084705352783,
    0.8644067645072937,
    0.8474576473236084,
    0.8474576473236084
  ],
  "val_loss": [
    1.0111708641052246,
    0.9389636516571045,
    0.7784788608551025,
    0.8106272220611572,
    0.7382798194885254,
    0.7676168084144592,
    0.7269160151481628,
    0.7069103717803955,
    0.7372155785560608,
    0.703955352306366,
    0.709298849105835,
    0.7246888279914856,
    0.7273361682891846,
    0.6976592540740967,
    0.7648910284042358,
    0.7364508509635925,
    0.7060832381248474,
    0.756336510181427,
    0.736556351184845,
    0.7679845094680786,
    0.6474060416221619,
    0.7154169678688049,
    0.6672996282577515,
    0.6446490287780762,
    0.6929486989974976,
    0.7241520285606384,
    0.6385600566864014,
    0.7082127928733826,
    0.8326511979103088,
    0.6535905599594116,
    0.6892709136009216,
    0.7353716492652893,
    0.6862121820449829,
    0.7208617925643921,
    0.6929388046264648,
    0.7283599376678467,
    0.681071937084198,
    0.7082765102386475,
    0.7608706951141357,
    0.7082849144935608,
    0.7017970085144043,
    0.6779698133468628,
    0.6463302373886108,
    0.7680546641349792,
    0.7364680171012878,
    0.6865173578262329,
    0.6893373727798462,
    0.750177264213562,
    0.6333634257316589,
    0.7243223786354065
  ]
}