{
  "accuracy": [
    0.6186440587043762,
    0.7923728823661804,
    0.6440678238868713,
    0.8389830589294434,
    0.8686440587043762,
    0.8516949415206909,
    0.8813559412956238,
    0.8559321761131287,
    0.8813559412956238,
    0.8898305296897888,
    0.8983050584793091,
    0.9279661178588867,
    0.9322034120559692,
    0.9364407062530518,
    0.9406779408454895,
    0.9533898234367371,
    0.9491525292396545,
    0.9703390002250671,
    0.9661017060279846,
    0.9533898234367371,
    0.9576271176338196,
    0.9576271176338196,
    0.9703390002250671,
    0.9661017060279846,
    0.9661017060279846,
    0.9576271176338196,
    0.9661017060279846,
    0.9576271176338196,
    0.9703390002250671,
    0.9618644118309021,
    0.9533898234367371,
    0.9618644118309021,
    0.9491525292396545,
    0.9661017060279846,
    0.9661017060279846,
    0.9745762944221497,
    0.9703390002250671,
    0.9745762944221497,
    0.9661017060279846,
    0.9703390002250671,
    0.9703390002250671,
    0.9745762944221497,
    0.9703390002250671,
    0.9661017060279846,
    0.9745762944221497,
    0.9745762944221497,
    0.9745762944221497,
    0.9745762944221497,
    0.9703390002250671,
    0.9745762944221497
  ],
  "loss": [
    3.425764799118042,
    1.0678869485855103,
    0.9617935419082642,
    0.8125536441802979,
    0.7842875719070435,
    0.7306917309761047,
    0.6504722237586975,
    0.6999608874320984,
    0.5858473777770996,
    0.6383526921272278,
    0.5638296008110046,
    0.5320598483085632,
    0.49043726921081543,
    0.5158785581588745,
    0.45028260350227356,
    0.4387713372707367,
    0.4450286626815796,
    0.395372599363327,
    0.37936437129974365,
    0.4029177129268646,
    0.3796292245388031,
    0.3889712393283844,
    0.3404311537742615,
    0.33968302607536316,
    0.33084535598754883,
    0.3421404957771301,
    0.3231620788574219,
    0.31921476125717163,
    0.32086798548698425,
    0.32011136412620544,
    0.35938379168510437,
    0.3182838559150696,
    0.3947933614253998,
    0.3718067705631256,
    0.3288118839263916,
    0.31747502088546753,
    0.29790347814559937,
    0.2907174825668335,
    0.28568151593208313,
    0.301215797662735,
    0.27372804284095764,
    0.26001161336898804,
    0.26986461877822876,
    0.2640053927898407,
    0.26416006684303284,
    0.26140451431274414,
    0.2368478626012802,
    0.23624441027641296,
    0.2446058839559555,
    0.23915229737758636
  ],
  "val_accuracy": [
    0.7457627058029175,
    0.7627118825912476,
    0.7627118825912476,
    0.8474576473236084,
    0.8813559412956238,
    0.7627118825912476,
    0.8644067645072937,
    0.8474576473236084,
    0.8644067645072937,
    0.8813559412956238,
    0.8644067645072937,
    0.8474576473236084,
    0.8474576473236084,
    0.8474576473236084,
    0.7966101765632629,
    0.8644067645072937,
    0.8474576473236084,
    0.8305084705352783,
    0.8135592937469482,
    0.8135592937469482,
    0.8135592937469482,
    0.8474576473236084,
    0.8135592937469482,
    0.8474576473236084,
    0.8305084705352783,
    0.8305084705352783,
    0.8305084705352783,
    0.8305084705352783,
    0.8474576473236084,
    0.8135592937469482,
    0.8135592937469482,
    0.8644067645072937,
    0.8474576473236084,
    0.8644067645072937,
    0.8644067645072937,
    0.8474576473236084,
    0.8474576473236084,
    0.8474576473236084,
    0.8474576473236084,
    0.8305084705352783,
    0.8474576473236084,
    0.8644067645072937,
    0.8474576473236084,
    0.8305084705352783,
    0.8305084705352783,
    0.8474576473236084,
    0.8474576473236084,
    0.8474576473236084,
    0.8644067645072937,
    0.8474576473236084
  ],
  "val_loss": [
    0.9878631830215454,
    0.8637716174125671,
    0.8406078815460205,
    0.8228707313537598,
    0.7318665981292725,
    0.7972361445426941,
    0.7685455083847046,
    0.7596276998519897,
    0.7190659046173096,
    0.659709632396698,
    0.7346727848052979,
    0.7158506512641907,
    0.6939231753349304,
    0.774584949016571,
    0.8294090628623962,
    0.696142315864563,
    0.7036826014518738,
    0.7417794466018677,
    0.8059759736061096,
    0.7578049898147583,
    0.8773195743560791,
    0.8427419066429138,
    0.8092295527458191,
    0.8226945400238037,
    0.8048692345619202,
    0.7657378315925598,
    0.8255919218063354,
    0.7751997709274292,
    0.9112280011177063,
    0.9427573680877686,
    0.7965721487998962,
    0.7573285102844238,
    0.7540919184684753,
    0.690502405166626,
    0.7181541323661804,
    0.7114819288253784,
    0.6867151856422424,
    0.7182738184928894,
    0.7615305185317993,
    0.8769001364707947,
    0.8724285960197449,
    0.8310814499855042,
    0.8559245467185974,
    0.8141373991966248,
    0.9194108843803406,
    0.9088292717933655,
    0.8757237195968628,
    0.8386383652687073,
    0.8612473011016846,
    0.8343124389648438
  ]
}