{
  "accuracy": [
    0.7076271176338196,
    0.8093220591545105,
    0.7966101765632629,
    0.7838982939720154,
    0.8644067645072937,
    0.8940678238868713,
    0.8813559412956238,
    0.9322034120559692,
    0.9406779408454895,
    0.9491525292396545,
    0.9406779408454895,
    0.944915235042572,
    0.9322034120559692,
    0.9703390002250671,
    0.9661017060279846,
    0.9872881174087524,
    0.9830508232116699,
    0.9830508232116699,
    0.9830508232116699,
    0.9872881174087524,
    0.9872881174087524,
    0.9830508232116699,
    0.9830508232116699,
    0.991525411605835,
    0.9872881174087524,
    0.991525411605835,
    0.9957627058029175,
    0.9788135886192322,
    0.9957627058029175,
    0.991525411605835,
    0.991525411605835,
    0.991525411605835,
    0.9661017060279846,
    0.9703390002250671,
    0.991525411605835,
    0.9872881174087524,
    0.9872881174087524,
    0.991525411605835,
    0.991525411605835,
    0.9957627058029175,
    0.9872881174087524,
    0.9872881174087524,
    0.9830508232116699,
    0.991525411605835,
    0.991525411605835,
    0.9830508232116699,
    0.9830508232116699,
    0.991525411605835,
    0.9872881174087524,
    0.991525411605835
  ],
  "loss": [
    4.507338523864746,
    1.9000990390777588,
    1.1583936214447021,
    1.0372991561889648,
    0.7910626530647278,
    0.6334636211395264,
    0.5686396956443787,
    0.5127285122871399,
    0.4802376925945282,
    0.4357716739177704,
    0.44509750604629517,
    0.46872439980506897,
    0.4170375466346741,
    0.36988478899002075,
    0.38302573561668396,
    0.3538392186164856,
    0.3358778953552246,
    0.31231802701950073,
    0.30670925974845886,
    0.2964627742767334,
    0.28905415534973145,
    0.2960934042930603,
    0.2778632640838623,
    0.27135154604911804,
    0.2534776031970978,
    0.2565224766731262,
    0.23335705697536469,
    0.26795119047164917,
    0.22388766705989838,
    0.2256433218717575,
    0.23955100774765015,
    0.23793873190879822,
    0.2593464255332947,
    0.27181315422058105,
    0.23635128140449524,
    0.2521997094154358,
    0.23583100736141205,
    0.22390766441822052,
    0.22211907804012299,
    0.20808733999729156,
    0.21546483039855957,
    0.22063876688480377,
    0.22803351283073425,
    0.2126597762107849,
    0.20681139826774597,
    0.2046527862548828,
    0.19831334054470062,
    0.18801075220108032,
    0.20388178527355194,
    0.2004888951778412
  ],
  "val_accuracy": [
    0.694915235042572,
    0.8305084705352783,
    0.6779661178588867,
    0.7627118825912476,
    0.7796609997749329,
    0.8644067645072937,
    0.7966101765632629,
    0.8135592937469482,
    0.8135592937469482,
    0.7966101765632629,
    0.8135592937469482,
    0.8135592937469482,
    0.7966101765632629,
    0.8135592937469482,
    0.7966101765632629,
    0.7966101765632629,
    0.7966101765632629,
    0.8135592937469482,
    0.7796609997749329,
    0.7796609997749329,
    0.7796609997749329,
    0.7457627058029175,
    0.8135592937469482,
    0.8135592937469482,
    0.8135592937469482,
    0.7966101765632629,
    0.7457627058029175,
    0.7966101765632629,
    0.7796609997749329,
    0.7966101765632629,
    0.8135592937469482,
    0.7966101765632629,
    0.8135592937469482,
    0.8135592937469482,
    0.7966101765632629,
    0.8135592937469482,
    0.8305084705352783,
    0.8135592937469482,
    0.7966101765632629,
    0.7966101765632629,
    0.7627118825912476,
    0.8135592937469482,
    0.8305084705352783,
    0.8135592937469482,
    0.8135592937469482,
    0.8135592937469482,
    0.8135592937469482,
    0.8135592937469482,
    0.8135592937469482,
    0.8305084705352783
  ],
  "val_loss": [
    8.300424575805664,
    0.7690790295600891,
    2.3316030502319336,
    1.784309983253479,
    0.8197224736213684,
    0.7517868280410767,
    0.8129720091819763,
    0.8758507966995239,
    0.7182090878486633,
    0.8206497430801392,
    0.7797525525093079,
    0.6956300735473633,
    0.7225821614265442,
    0.7365656495094299,
    0.7288228869438171,
    0.7473774552345276,
    0.7063201069831848,
    0.7442607283592224,
    0.7698922753334045,
    0.714004635810852,
    0.7063324451446533,
    0.7745846509933472,
    0.7022863030433655,
    0.6761080026626587,
    0.681309700012207,
    0.719355046749115,
    0.8598729968070984,
    0.7183253765106201,
    0.7641971111297607,
    0.7458743453025818,
    0.690398633480072,
    0.7348111271858215,
    0.6615784764289856,
    0.6420427560806274,
    0.6782615780830383,
    0.6664232015609741,
    0.6233595609664917,
    0.695068359375,
    0.7147821187973022,
    0.7013977766036987,
    0.8715603351593018,
    0.6444051265716553,
    0.6461933851242065,
    0.6318480968475342,
    0.678233802318573,
    0.6332617402076721,
    0.6358637809753418,
    0.6613633036613464,
    0.6115606427192688,
    0.6648303270339966
  ]
}