{
  "accuracy": [
    0.6864407062530518,
    0.7754237055778503,
    0.7796609997749329,
    0.8432203531265259,
    0.8644067645072937,
    0.8855932354927063,
    0.9152542352676392,
    0.8940678238868713,
    0.9576271176338196,
    0.9533898234367371,
    0.944915235042572,
    0.9576271176338196,
    0.9533898234367371,
    0.9703390002250671,
    0.9703390002250671,
    0.9576271176338196,
    0.9661017060279846,
    0.9745762944221497,
    0.9703390002250671,
    0.9745762944221497,
    0.9703390002250671,
    0.9745762944221497,
    0.9745762944221497,
    0.9703390002250671,
    0.9745762944221497,
    0.9703390002250671,
    0.9703390002250671,
    0.9661017060279846,
    0.9533898234367371,
    0.9745762944221497,
    0.9576271176338196,
    0.9533898234367371,
    0.9576271176338196,
    0.9576271176338196,
    0.9533898234367371,
    0.9703390002250671,
    0.9703390002250671,
    0.9703390002250671,
    0.9745762944221497,
    0.9745762944221497,
    0.9703390002250671,
    0.9745762944221497,
    0.9703390002250671,
    0.9745762944221497,
    0.9745762944221497,
    0.9745762944221497,
    0.9703390002250671,
    0.9745762944221497,
    0.9745762944221497,
    0.9745762944221497
  ],
  "loss": [
    4.66294002532959,
    1.687062382698059,
    0.9585806131362915,
    0.7383000254631042,
    0.6394018530845642,
    0.6557872295379639,
    0.5824028849601746,
    0.5326537489891052,
    0.5039454698562622,
    0.4589141011238098,
    0.436575323343277,
    0.4166061282157898,
    0.40238648653030396,
    0.37806087732315063,
    0.38541990518569946,
    0.39810872077941895,
    0.35391876101493835,
    0.3453320264816284,
    0.32332029938697815,
    0.3324224054813385,
    0.32291674613952637,
    0.30318719148635864,
    0.31727421283721924,
    0.3052002191543579,
    0.31284981966018677,
    0.3024798035621643,
    0.29040423035621643,
    0.31227660179138184,
    0.31113335490226746,
    0.296485036611557,
    0.35279038548469543,
    0.3551125228404999,
    0.35387498140335083,
    0.35345929861068726,
    0.34715092182159424,
    0.31100210547447205,
    0.30551475286483765,
    0.3214174509048462,
    0.2949187159538269,
    0.27922505140304565,
    0.27838951349258423,
    0.27435916662216187,
    0.2714795470237732,
    0.25954669713974,
    0.2601088583469391,
    0.23459047079086304,
    0.24879707396030426,
    0.25076398253440857,
    0.23507855832576752,
    0.2303471714258194
  ],
  "val_accuracy": [
    0.7627118825912476,
    0.7966101765632629,
    0.8474576473236084,
    0.8644067645072937,
    0.8644067645072937,
    0.8305084705352783,
    0.8644067645072937,
    0.8813559412956238,
    0.8474576473236084,
    0.8813559412956238,
    0.8644067645072937,
    0.8305084705352783,
    0.8644067645072937,
    0.8474576473236084,
    0.8474576473236084,
    0.8644067645072937,
    0.8644067645072937,
    0.8644067645072937,
    0.8644067645072937,
    0.8644067645072937,
    0.8474576473236084,
    0.8813559412956238,
    0.8644067645072937,
    0.8644067645072937,
    0.8644067645072937,
    0.8813559412956238,
    0.8305084705352783,
    0.8135592937469482,
    0.8474576473236084,
    0.8305084705352783,
    0.8305084705352783,
    0.8305084705352783,
    0.8644067645072937,
    0.8644067645072937,
    0.8474576473236084,
    0.8644067645072937,
    0.8813559412956238,
    0.8474576473236084,
    0.8644067645072937,
    0.8644067645072937,
    0.8813559412956238,
    0.8474576473236084,
    0.8813559412956238,
    0.8474576473236084,
    0.8813559412956238,
    0.8813559412956238,
    0.8644067645072937,
    0.8644067645072937,
    0.8644067645072937,
    0.8644067645072937
  ],
  "val_loss": [
    1.2715063095092773,
    0.7260134220123291,
    0.7262424826622009,
    0.711644172668457,
    0.6960458755493164,
    0.7082266211509705,
    0.6919915080070496,
    0.679215133190155,
    0.6733838319778442,
    0.6355195045471191,
    0.6422886252403259,
    0.6782706379890442,
    0.607025682926178,
    0.6256726980209351,
    0.7218847274780273,
    0.6221224069595337,
    0.577092707157135,
    0.5740402936935425,
    0.5875952839851379,
    0.5808048844337463,
    0.5959187746047974,
    0.5914595127105713,
    0.5961519479751587,
    0.5985029339790344,
    0.5966194272041321,
    0.5828790068626404,
    0.5365990400314331,
    0.6854622960090637,
    0.5105298757553101,
    0.6439504623413086,
    0.7045858502388,
    0.5665875673294067,
    0.5790382623672485,
    0.6251449584960938,
    0.5391823053359985,
    0.565887451171875,
    0.5390055179595947,
    0.6136389374732971,
    0.5345378518104553,
    0.5396735668182373,
    0.5702546834945679,
    0.5180565714836121,
    0.5653280019760132,
    0.5071739554405212,
    0.550726056098938,
    0.5139397382736206,
    0.5364285707473755,
    0.5077986121177673,
    0.528092622756958,
    0.5492913126945496
  ]
}