{
  "accuracy": [
    0.625,
    0.625,
    0.75,
    0.625,
    0.625,
    0.875,
    0.75,
    0.75,
    0.875,
    0.875,
    0.5,
    0.875,
    0.875,
    0.875,
    0.875,
    0.875,
    0.875,
    0.875,
    0.875,
    0.75,
    0.875,
    0.875,
    0.875,
    0.875,
    0.875,
    0.875,
    0.875,
    0.875,
    0.875,
    0.875,
    0.75,
    0.875,
    0.875,
    0.875,
    0.875,
    0.875,
    0.75,
    0.5,
    0.875,
    0.875,
    0.875,
    0.875,
    0.875,
    0.875,
    0.875,
    0.875,
    0.875,
    0.875,
    0.875,
    0.875
  ],
  "loss": [
    1.2733553647994995,
    8.859087944030762,
    2.5309648513793945,
    20.250648498535156,
    7.921782493591309,
    4.919417858123779,
    0.8733716607093811,
    2.6814396381378174,
    2.496441602706909,
    1.075077772140503,
    1.005984902381897,
    0.5288172364234924,
    0.5198222994804382,
    0.41137465834617615,
    0.8879225254058838,
    1.1117300987243652,
    1.1057206392288208,
    0.4363992214202881,
    0.7121337652206421,
    0.781678318977356,
    0.6586145162582397,
    0.7198101878166199,
    0.6849892735481262,
    0.7113633751869202,
    0.6840832829475403,
    0.7147821187973022,
    0.7315176129341125,
    0.5768296122550964,
    0.6661831736564636,
    0.5769683122634888,
    0.7314320802688599,
    0.6202248930931091,
    0.6609686017036438,
    0.5880494713783264,
    0.5224348902702332,
    0.7116950154304504,
    0.9358311295509338,
    0.8769646883010864,
    0.6574941873550415,
    0.6758540272712708,
    0.7031806707382202,
    0.616328775882721,
    0.6566625237464905,
    0.5764180421829224,
    0.6726207137107849,
    0.5845676064491272,
    0.6196445226669312,
    0.5248244404792786,
    0.6371176242828369,
    0.7369623780250549
  ],
  "val_accuracy": [
    0.5,
    1.0,
    0.5,
    1.0,
    1.0,
    1.0,
    1.0,
    1.0,
    1.0,
    0.5,
    1.0,
    1.0,
    1.0,
    1.0,
    1.0,
    1.0,
    1.0,
    1.0,
    1.0,
    1.0,
    1.0,
    1.0,
    1.0,
    1.0,
    1.0,
    1.0,
    1.0,
    1.0,
    1.0,
    1.0,
    1.0,
    1.0,
    1.0,
    1.0,
    1.0,
    1.0,
    1.0,
    1.0,
    1.0,
    1.0,
    1.0,
    1.0,
    1.0,
    1.0,
    1.0,
    1.0,
    1.0,
    1.0,
    1.0,
    1.0
  ],
  "val_loss": [
    0.8949636220932007,
    0.2732276916503906,
    3.2126624584198,
    0.2550390660762787,
    0.26689252257347107,
    0.37004444003105164,
    0.2995041608810425,
    0.2961731553077698,
    0.42337650060653687,
    0.8571347594261169,
    0.585667073726654,
    0.39152732491493225,
    0.3623856008052826,
    0.3694065511226654,
    0.39114734530448914,
    0.4275723099708557,
    0.5083911418914795,
    0.6075607538223267,
    0.7027189135551453,
    0.746595025062561,
    0.7761210203170776,
    0.8004176616668701,
    0.8197353482246399,
    0.8260530829429626,
    0.7890629768371582,
    0.716853141784668,
    0.5642082691192627,
    0.5166736841201782,
    0.5086246728897095,
    0.5037668943405151,
    0.4981572926044464,
    0.49862098693847656,
    0.4863131046295166,
    0.4859849810600281,
    0.4776126444339752,
    0.46988192200660706,
    0.4471737742424011,
    0.4537544548511505,
    0.46865710616111755,
    0.48448365926742554,
    0.5007253885269165,
    0.5131648182868958,
    0.5221081972122192,
    0.5221789479255676,
    0.5198890566825867,
    0.5140043497085571,
    0.5082833170890808,
    0.49719658493995667,
    0.48524412512779236,
    0.48111632466316223
  ]
}