{
  "accuracy": [
    0.5805084705352783,
    0.7076271176338196,
    0.7161017060279846,
    0.8220338821411133,
    0.8347457647323608,
    0.8559321761131287,
    0.8559321761131287,
    0.8898305296897888,
    0.9025423526763916,
    0.8983050584793091,
    0.9279661178588867,
    0.9364407062530518,
    0.9322034120559692,
    0.9406779408454895,
    0.9533898234367371,
    0.9533898234367371,
    0.9533898234367371,
    0.9661017060279846,
    0.944915235042572,
    0.9406779408454895,
    0.944915235042572,
    0.9703390002250671,
    0.9618644118309021,
    0.9576271176338196,
    0.9618644118309021,
    0.9661017060279846,
    0.9745762944221497,
    0.9703390002250671,
    0.9745762944221497,
    0.9745762944221497,
    0.9745762944221497,
    0.9703390002250671,
    0.9745762944221497,
    0.9703390002250671,
    0.9745762944221497,
    0.9745762944221497,
    0.9745762944221497,
    0.9703390002250671,
    0.9703390002250671,
    0.9703390002250671,
    0.9661017060279846,
    0.9703390002250671,
    0.9745762944221497,
    0.9745762944221497,
    0.9703390002250671,
    0.9745762944221497,
    0.9745762944221497,
    0.9703390002250671,
    0.9745762944221497,
    0.9703390002250671
  ],
  "loss": [
    4.641531944274902,
    1.9100167751312256,
    1.0024075508117676,
    0.8002647757530212,
    0.6865812540054321,
    0.6535502672195435,
    0.6116686463356018,
    0.573063850402832,
    0.5409460663795471,
    0.5615667104721069,
    0.5035145878791809,
    0.5045835971832275,
    0.45283594727516174,
    0.43849319219589233,
    0.416418194770813,
    0.40542441606521606,
    0.3794834613800049,
    0.35885530710220337,
    0.3887805938720703,
    0.3902530372142792,
    0.3803988993167877,
    0.3489152491092682,
    0.3553330600261688,
    0.34938862919807434,
    0.3643819987773895,
    0.36176061630249023,
    0.3186688721179962,
    0.3166225850582123,
    0.3165278136730194,
    0.3019527196884155,
    0.29689866304397583,
    0.32520049810409546,
    0.29952093958854675,
    0.2884030342102051,
    0.29312604665756226,
    0.2976456582546234,
    0.2956169843673706,
    0.2974100708961487,
    0.28572577238082886,
    0.27536147832870483,
    0.2874027192592621,
    0.26972901821136475,
    0.2797553241252899,
    0.2677762806415558,
    0.2750965356826782,
    0.2641889154911041,
    0.2635110020637512,
    0.24458743631839752,
    0.2508847415447235,
    0.25092726945877075
  ],
  "val_accuracy": [
    0.5762711763381958,
    0.6440678238868713,
    0.7457627058029175,
    0.7118644118309021,
    0.7796609997749329,
    0.7796609997749329,
    0.8305084705352783,
    0.8474576473236084,
    0.8474576473236084,
    0.8305084705352783,
    0.8644067645072937,
    0.8474576473236084,
    0.8644067645072937,
    0.8644067645072937,
    0.8474576473236084,
    0.8305084705352783,
    0.8644067645072937,
    0.8474576473236084,
    0.7966101765632629,
    0.8135592937469482,
    0.8135592937469482,
    0.8474576473236084,
    0.8305084705352783,
    0.8474576473236084,
    0.8474576473236084,
    0.8474576473236084,
    0.8305084705352783,
    0.8305084705352783,
    0.8305084705352783,
    0.8305084705352783,
    0.8305084705352783,
    0.8474576473236084,
    0.8474576473236084,
    0.8305084705352783,
    0.8305084705352783,
    0.8644067645072937,
    0.8305084705352783,
    0.8644067645072937,
    0.8305084705352783,
    0.8135592937469482,
    0.8474576473236084,
    0.8474576473236084,
    0.8305084705352783,
    0.8305084705352783,
    0.8305084705352783,
    0.8305084705352783,
    0.8305084705352783,
    0.8305084705352783,
    0.8305084705352783,
    0.8305084705352783
  ],
  "val_loss": [
    1.546609878540039,
    0.8859800696372986,
    0.8940451741218567,
    0.7959840297698975,
    0.7991706132888794,
    0.7374557256698608,
    0.6894181966781616,
    0.7063703536987305,
    0.6922996044158936,
    0.6929399967193604,
    0.6309775710105896,
    0.665187656879425,
    0.6826989054679871,
    0.678752601146698,
    0.6817209124565125,
    0.7183249592781067,
    0.6623507738113403,
    0.6685168743133545,
    0.788133978843689,
    0.70156329870224,
    0.6981130838394165,
    0.7136998176574707,
    0.7272685170173645,
    0.6645950675010681,
    0.6408514976501465,
    0.6630712151527405,
    0.6850438714027405,
    0.7123485207557678,
    0.7307198643684387,
    0.7227137684822083,
    0.6813749670982361,
    0.7077704071998596,
    0.7111169695854187,
    0.7441620230674744,
    0.7980080246925354,
    0.7189844250679016,
    0.6796371936798096,
    0.6856550574302673,
    0.6585966348648071,
    0.7598065733909607,
    0.6959058046340942,
    0.7327874302864075,
    0.7842539548873901,
    0.8289466500282288,
    0.7167782783508301,
    0.7091713547706604,
    0.6850961446762085,
    0.7188412547111511,
    0.7114020586013794,
    0.6910099983215332
  ]
}