{
  "accuracy": [
    0.5635592937469482,
    0.7838982939720154,
    0.8093220591545105,
    0.8474576473236084,
    0.8601694703102112,
    0.8516949415206909,
    0.8728813529014587,
    0.8940678238868713,
    0.9194915294647217,
    0.9237288236618042,
    0.944915235042572,
    0.9533898234367371,
    0.944915235042572,
    0.9576271176338196,
    0.9576271176338196,
    0.9661017060279846,
    0.9703390002250671,
    0.9618644118309021,
    0.9745762944221497,
    0.9703390002250671,
    0.9745762944221497,
    0.9745762944221497,
    0.9576271176338196,
    0.9618644118309021,
    0.9661017060279846,
    0.9745762944221497,
    0.9703390002250671,
    0.9703390002250671,
    0.9745762944221497,
    0.9745762944221497,
    0.9745762944221497,
    0.9745762944221497,
    0.9745762944221497,
    0.9745762944221497,
    0.9745762944221497,
    0.9745762944221497,
    0.9745762944221497,
    0.9745762944221497,
    0.9745762944221497,
    0.9745762944221497,
    0.9745762944221497,
    0.9703390002250671,
    0.9703390002250671,
    0.9661017060279846,
    0.9703390002250671,
    0.9661017060279846,
    0.9703390002250671,
    0.9576271176338196,
    0.9618644118309021,
    0.9491525292396545
  ],
  "loss": [
    5.095118045806885,
    0.8641214966773987,
    0.8045936822891235,
    0.7684763669967651,
    0.7107508182525635,
    0.7005753517150879,
    0.620060920715332,
    0.575589656829834,
    0.5337963700294495,
    0.5239853858947754,
    0.4612281918525696,
    0.4454416036605835,
    0.4223773181438446,
    0.42054370045661926,
    0.40544429421424866,
    0.37826311588287354,
    0.3706356883049011,
    0.4126087427139282,
    0.3526926636695862,
    0.3524506092071533,
    0.3398957848548889,
    0.33693090081214905,
    0.38881972432136536,
    0.3486594557762146,
    0.3542751371860504,
    0.3186855912208557,
    0.3217781186103821,
    0.31657874584198,
    0.29980844259262085,
    0.29842445254325867,
    0.2877398431301117,
    0.2925376296043396,
    0.279186487197876,
    0.26373112201690674,
    0.26806649565696716,
    0.26438429951667786,
    0.25389549136161804,
    0.2508615553379059,
    0.2615557312965393,
    0.24144408106803894,
    0.24586845934391022,
    0.23999781906604767,
    0.24407558143138885,
    0.251891165971756,
    0.246993288397789,
    0.24043771624565125,
    0.244613379240036,
    0.3235188126564026,
    0.2921178638935089,
    0.32450491189956665
  ],
  "val_accuracy": [
    0.7457627058029175,
    0.7627118825912476,
    0.7627118825912476,
    0.7796609997749329,
    0.8135592937469482,
    0.7627118825912476,
    0.8305084705352783,
    0.8305084705352783,
    0.8305084705352783,
    0.8474576473236084,
    0.8644067645072937,
    0.8305084705352783,
    0.8305084705352783,
    0.8305084705352783,
    0.8305084705352783,
    0.8305084705352783,
    0.8474576473236084,
    0.8135592937469482,
    0.8474576473236084,
    0.8305084705352783,
    0.8305084705352783,
    0.8474576473236084,
    0.8474576473236084,
    0.8135592937469482,
    0.8135592937469482,
    0.8305084705352783,
    0.8135592937469482,
    0.8135592937469482,
    0.8135592937469482,
    0.8305084705352783,
    0.8305084705352783,
    0.8305084705352783,
    0.8305084705352783,
    0.8305084705352783,
    0.8305084705352783,
    0.8474576473236084,
    0.8305084705352783,
    0.8305084705352783,
    0.8305084705352783,
    0.8305084705352783,
    0.8135592937469482,
    0.8305084705352783,
    0.8474576473236084,
    0.8474576473236084,
    0.8474576473236084,
    0.8305084705352783,
    0.8135592937469482,
    0.7966101765632629,
    0.8474576473236084,
    0.694915235042572
  ],
  "val_loss": [
    0.9478093385696411,
    0.8277533650398254,
    0.819746732711792,
    0.8240575790405273,
    0.7662750482559204,
    0.7739006876945496,
    0.7064062356948853,
    0.6702679991722107,
    0.6739064455032349,
    0.7159026861190796,
    0.6442084908485413,
    0.709337592124939,
    0.700214684009552,
    0.7397388815879822,
    0.7247359752655029,
    0.7919082641601562,
    0.7864522337913513,
    0.698514997959137,
    0.6501248478889465,
    0.6349425315856934,
    0.7409186959266663,
    0.7757897973060608,
    0.7355154156684875,
    0.7276694178581238,
    0.7971346378326416,
    0.6888484358787537,
    0.9036577343940735,
    0.859094500541687,
    0.8913190364837646,
    0.9369164705276489,
    0.9111353754997253,
    0.8855463266372681,
    0.8444200754165649,
    0.8503895998001099,
    0.8572774529457092,
    0.7972198724746704,
    0.8302125334739685,
    0.8052641153335571,
    0.7872547507286072,
    0.8401796817779541,
    0.7221188545227051,
    0.6995679140090942,
    0.6874697804450989,
    0.6190014481544495,
    0.851053774356842,
    0.753916323184967,
    0.902397632598877,
    0.8984796404838562,
    0.5753185749053955,
    1.2350387573242188
  ]
}