{
  "accuracy": [
    0.375,
    0.875,
    0.75,
    0.625,
    0.625,
    0.625,
    0.625,
    0.75,
    0.875,
    0.625,
    0.875,
    0.75,
    0.875,
    0.875,
    0.75,
    0.875,
    0.875,
    0.875,
    1.0,
    0.75,
    0.875,
    0.875,
    0.875,
    0.875,
    0.875,
    0.875,
    0.875,
    0.875,
    0.875,
    0.875,
    0.875,
    1.0,
    1.0,
    0.875,
    0.875,
    0.75,
    0.875,
    0.875,
    0.75,
    0.75,
    0.875,
    0.875,
    0.875,
    0.875,
    0.875,
    0.875,
    0.875,
    0.875,
    0.875,
    0.875
  ],
  "loss": [
    1.1224709749221802,
    4.7266154289245605,
    5.719127178192139,
    7.973026275634766,
    1.383016586303711,
    4.709999084472656,
    2.936554193496704,
    2.1820642948150635,
    1.191339373588562,
    1.2907823324203491,
    0.5858420729637146,
    0.5673492550849915,
    0.5306550860404968,
    0.5080957412719727,
    1.303713321685791,
    0.5543212890625,
    0.834895670413971,
    0.6223181486129761,
    0.5697364211082458,
    0.6547738909721375,
    0.5894837975502014,
    0.6163886785507202,
    0.608124315738678,
    0.7653042674064636,
    0.44337111711502075,
    0.7708622217178345,
    0.6479197144508362,
    0.43212658166885376,
    0.6082881093025208,
    0.6411647200584412,
    0.520795464515686,
    0.4657958149909973,
    0.47330552339553833,
    0.47265616059303284,
    0.46841418743133545,
    0.7496627569198608,
    0.5145902037620544,
    1.0816035270690918,
    0.7799835801124573,
    0.7112205624580383,
    0.6411218643188477,
    0.551662027835846,
    0.6080730557441711,
    0.6307014226913452,
    0.6195892095565796,
    0.5789682865142822,
    0.5416283011436462,
    0.5804902911186218,
    0.47468364238739014,
    0.6764979362487793
  ],
  "val_accuracy": [
    1.0,
    0.5,
    0.5,
    1.0,
    1.0,
    1.0,
    1.0,
    1.0,
    0.5,
    1.0,
    1.0,
    1.0,
    0.5,
    0.5,
    1.0,
    1.0,
    1.0,
    1.0,
    1.0,
    1.0,
    1.0,
    1.0,
    1.0,
    1.0,
    1.0,
    1.0,
    1.0,
    1.0,
    1.0,
    1.0,
    1.0,
    1.0,
    1.0,
    1.0,
    1.0,
    1.0,
    1.0,
    1.0,
    1.0,
    1.0,
    1.0,
    1.0,
    1.0,
    1.0,
    1.0,
    1.0,
    1.0,
    1.0,
    1.0,
    1.0
  ],
  "val_loss": [
    0.2866491675376892,
    3.226398229598999,
    4.002150058746338,
    0.3093419671058655,
    0.32349881529808044,
    0.22255054116249084,
    0.2242312878370285,
    0.26755866408348083,
    0.8724055290222168,
    0.5545147061347961,
    0.48346588015556335,
    0.5659364461898804,
    0.7246372699737549,
    0.8400427103042603,
    0.6180686950683594,
    0.5229701995849609,
    0.5830106139183044,
    0.5808611512184143,
    0.5749449729919434,
    0.553704023361206,
    0.4710102379322052,
    0.3881657123565674,
    0.3787538409233093,
    0.42832672595977783,
    0.46728813648223877,
    0.4469234347343445,
    0.43255162239074707,
    0.41747215390205383,
    0.4194887578487396,
    0.43993157148361206,
    0.4534618854522705,
    0.4369300901889801,
    0.38792935013771057,
    0.3387009799480438,
    0.3088722825050354,
    0.3043602705001831,
    0.30884259939193726,
    0.3548617959022522,
    0.441890686750412,
    0.5105999708175659,
    0.5379027724266052,
    0.5321316123008728,
    0.5159366130828857,
    0.4980449080467224,
    0.4797765612602234,
    0.45797374844551086,
    0.42755183577537537,
    0.4038480222225189,
    0.3764684796333313,
    0.3700355887413025
  ]
}