{
  "accuracy": [
    0.6483050584793091,
    0.7711864113807678,
    0.8220338821411133,
    0.8474576473236084,
    0.8728813529014587,
    0.8771186470985413,
    0.8898305296897888,
    0.9279661178588867,
    0.9406779408454895,
    0.9491525292396545,
    0.9745762944221497,
    0.9872881174087524,
    0.9745762944221497,
    0.9194915294647217,
    0.9279661178588867,
    0.9618644118309021,
    0.9661017060279846,
    0.9872881174087524,
    0.991525411605835,
    0.991525411605835,
    0.9788135886192322,
    0.991525411605835,
    0.9872881174087524,
    0.9872881174087524,
    0.991525411605835,
    0.9957627058029175,
    0.9957627058029175,
    0.9957627058029175,
    0.991525411605835,
    0.991525411605835,
    0.9957627058029175,
    0.9957627058029175,
    0.9957627058029175,
    0.9957627058029175,
    0.991525411605835,
    0.9872881174087524,
    0.991525411605835,
    0.991525411605835,
    0.9957627058029175,
    0.9872881174087524,
    0.9957627058029175,
    0.991525411605835,
    0.9872881174087524,
    0.991525411605835,
    0.9830508232116699,
    0.9957627058029175,
    0.991525411605835,
    0.991525411605835,
    0.9957627058029175,
    0.9957627058029175
  ],
  "loss": [
    4.0952653884887695,
    0.9103484749794006,
    0.8377880454063416,
    0.7581968903541565,
    0.6994861960411072,
    0.6815040111541748,
    0.6249723434448242,
    0.5324616432189941,
    0.5071269869804382,
    0.485634982585907,
    0.4151502251625061,
    0.3780475854873657,
    0.38712450861930847,
    0.49728086590766907,
    0.45829781889915466,
    0.3884073793888092,
    0.392427533864975,
    0.3349902331829071,
    0.3107956349849701,
    0.2985948920249939,
    0.3022959530353546,
    0.2871873676776886,
    0.26573875546455383,
    0.28129297494888306,
    0.2627437114715576,
    0.2539965510368347,
    0.24679164588451385,
    0.23453742265701294,
    0.23219630122184753,
    0.2384912222623825,
    0.22690722346305847,
    0.2100086212158203,
    0.21290719509124756,
    0.2023995816707611,
    0.20330193638801575,
    0.22974979877471924,
    0.21423575282096863,
    0.21399672329425812,
    0.19243039190769196,
    0.21136094629764557,
    0.18243825435638428,
    0.241629496216774,
    0.244833841919899,
    0.1915998011827469,
    0.19884608685970306,
    0.1949504315853119,
    0.19325187802314758,
    0.18420830368995667,
    0.17764367163181305,
    0.17148907482624054
  ],
  "val_accuracy": [
    0.6779661178588867,
    0.694915235042572,
    0.694915235042572,
    0.6779661178588867,
    0.8644067645072937,
    0.8135592937469482,
    0.8135592937469482,
    0.7457627058029175,
    0.8305084705352783,
    0.7966101765632629,
    0.8135592937469482,
    0.8305084705352783,
    0.8135592937469482,
    0.7796609997749329,
    0.8474576473236084,
    0.8305084705352783,
    0.8135592937469482,
    0.8305084705352783,
    0.8305084705352783,
    0.8474576473236084,
    0.8474576473236084,
    0.8474576473236084,
    0.8305084705352783,
    0.8305084705352783,
    0.8305084705352783,
    0.8305084705352783,
    0.8474576473236084,
    0.8474576473236084,
    0.8135592937469482,
    0.8474576473236084,
    0.8474576473236084,
    0.8305084705352783,
    0.8305084705352783,
    0.8474576473236084,
    0.8305084705352783,
    0.8474576473236084,
    0.8305084705352783,
    0.8305084705352783,
    0.8474576473236084,
    0.8474576473236084,
    0.8474576473236084,
    0.7966101765632629,
    0.8474576473236084,
    0.8474576473236084,
    0.8474576473236084,
    0.8474576473236084,
    0.8305084705352783,
    0.8135592937469482,
    0.8305084705352783,
    0.8305084705352783
  ],
  "val_loss": [
    2.129207134246826,
    1.0121153593063354,
    0.9673313498497009,
    1.0609062910079956,
    0.9228761196136475,
    0.8688997030258179,
    0.77338707447052,
    1.4989440441131592,
    0.7904729247093201,
    0.8428935408592224,
    0.8031026721000671,
    0.8555878400802612,
    0.7726688981056213,
    0.8371357321739197,
    0.7451109886169434,
    0.7943023443222046,
    0.8336997032165527,
    0.7221425771713257,
    0.7938263416290283,
    0.7536613345146179,
    0.7941253185272217,
    0.7813418507575989,
    0.8314501047134399,
    0.8378334641456604,
    0.8347170352935791,
    0.9030183553695679,
    0.8183684349060059,
    0.7994226813316345,
    0.8608084321022034,
    0.7387643456459045,
    0.7475985288619995,
    0.8418897390365601,
    0.8458371162414551,
    0.7717656493186951,
    0.8652101159095764,
    0.7117710709571838,
    0.7863256335258484,
    0.7585617303848267,
    0.7107770442962646,
    0.7374567985534668,
    0.7899205088615417,
    0.9168311953544617,
    0.7879048585891724,
    0.6395355463027954,
    0.6966829299926758,
    0.6434715390205383,
    0.7205032706260681,
    0.7847738862037659,
    0.721491277217865,
    0.724882960319519
  ]
}