{
  "timestamp": "2026-02-12T10:08:28.527166",
  "total_bandas": 14,
  "subsistemas": {
    "VNIR": {
      "total_bandas": 3,
      "bandas": [
        "B01",
        "B02",
        "B03"
      ],
      "media_global": 119.98873333333334,
      "desvio_medio": 21.964766666666666,
      "cv_medio": 18.349266666666665,
      "intervalo": [
        27.6296,
        218.5399
      ]
    },
    "SWIR": {
      "total_bandas": 6,
      "bandas": [
        "B04",
        "B05",
        "B06",
        "B07",
        "B08",
        "B09"
      ],
      "media_global": 165.0743,
      "desvio_medio": 26.56651666666667,
      "cv_medio": 16.16201666666667,
      "intervalo": [
        32.8255,
        301.0637
      ]
    },
    "TIR": {
      "total_bandas": 5,
      "bandas": [
        "B10",
        "B11",
        "B12",
        "B13",
        "B14"
      ],
      "media_global": 220.07049999999998,
      "desvio_medio": 31.998699999999996,
      "cv_medio": 14.556920000000002,
      "intervalo": [
        88.8455,
        366.0688
      ]
    }
  },
  "resumo_geral": {
    "media_global": 175.05460714285712,
    "desvio_medio": 27.52049285714286,
    "cv_medio": 16.057464285714282,
    "intervalo_global": [
      27.6296,
      366.0688
    ]
  }
}