{
  "timestamp": "2026-02-12T18:37:00.158643",
  "total_bandas": 9,
  "subsistemas": {
    "VNIR": {
      "total_bandas": 3,
      "bandas": [
        "B01",
        "B02",
        "B03N"
      ],
      "min_global": 0.0,
      "max_global": 710.0,
      "media_global": 82.66105072671638,
      "mediana_global": 91.66666666666667,
      "desvio_medio": 43.009748638223506,
      "cv_medio": 53.863300380870214,
      "iqr_medio": 43.0
    },
    "SWIR": {
      "total_bandas": 6,
      "bandas": [
        "B04",
        "B05",
        "B06",
        "B07",
        "B08",
        "B09"
      ],
      "min_global": 0.0,
      "max_global": 888.0,
      "media_global": 140.1993437878498,
      "mediana_global": 163.5,
      "desvio_medio": 69.88402917038472,
      "cv_medio": 49.80794163331755,
      "iqr_medio": 57.666666666666664
    }
  },
  "resumo_geral": {
    "media_global": 121.01991276747201,
    "desvio_medio": 60.925935659664304,
    "cv_medio": 51.15972788250178,
    "intervalo_global": [
      0.0,
      888.0
    ]
  },
  "colunas_exportadas": [
    "subsistema",
    "banda",
    "arquivo",
    "pixels_validos",
    "media",
    "mediana",
    "desvio_padrao",
    "minimo",
    "percentil_25",
    "percentil_50",
    "percentil_75",
    "maximo",
    "cv",
    "iqr",
    "mad"
  ],
  "versao_estatisticas_schema": "1.0"
}