{
  "accuracy": [
    0.44999998807907104,
    0.550000011920929,
    0.5249999761581421,
    0.6499999761581421,
    0.625,
    0.75,
    0.75,
    0.7250000238418579,
    0.800000011920929,
    0.7749999761581421,
    0.824999988079071,
    0.800000011920929,
    0.8999999761581421,
    0.8999999761581421,
    0.8999999761581421,
    0.925000011920929,
    0.949999988079071,
    0.949999988079071,
    0.949999988079071,
    0.9750000238418579,
    0.949999988079071,
    0.949999988079071,
    0.949999988079071,
    0.9750000238418579,
    0.949999988079071,
    0.949999988079071,
    0.9750000238418579,
    0.949999988079071,
    0.9750000238418579,
    0.9750000238418579,
    0.949999988079071,
    0.9750000238418579,
    0.9750000238418579,
    0.9750000238418579,
    0.9750000238418579,
    0.9750000238418579,
    0.9750000238418579,
    0.9750000238418579,
    0.925000011920929,
    0.9750000238418579,
    0.949999988079071,
    0.9750000238418579,
    0.9750000238418579,
    0.9750000238418579,
    0.9750000238418579,
    0.925000011920929,
    0.9750000238418579,
    0.9750000238418579,
    0.9750000238418579,
    0.9750000238418579
  ],
  "loss": [
    6.918900966644287,
    3.5722827911376953,
    2.5924859046936035,
    1.8509504795074463,
    2.8531687259674072,
    1.8810539245605469,
    1.1758410930633545,
    1.0349361896514893,
    0.8057867288589478,
    0.7986984848976135,
    0.8010691404342651,
    0.7623823881149292,
    0.6418216228485107,
    0.6501742601394653,
    0.676672637462616,
    0.5518602132797241,
    0.5265997648239136,
    0.5244849920272827,
    0.5487548112869263,
    0.5092067718505859,
    0.49811816215515137,
    0.4825631082057953,
    0.5170547366142273,
    0.47951236367225647,
    0.48311322927474976,
    0.4528072476387024,
    0.4241960942745209,
    0.4204779267311096,
    0.41522741317749023,
    0.46022945642471313,
    0.5092528462409973,
    0.4076393246650696,
    0.3822699189186096,
    0.4153473377227783,
    0.36336153745651245,
    0.4058631360530853,
    0.38957956433296204,
    0.40133753418922424,
    0.4389500617980957,
    0.3975253999233246,
    0.3975977599620819,
    0.43334445357322693,
    0.4322027266025543,
    0.3580198287963867,
    0.36964869499206543,
    0.45174187421798706,
    0.37284189462661743,
    0.34519729018211365,
    0.399111270904541,
    0.3685823380947113
  ],
  "val_accuracy": [
    0.699999988079071,
    0.4000000059604645,
    0.4000000059604645,
    0.699999988079071,
    0.800000011920929,
    0.699999988079071,
    0.699999988079071,
    0.699999988079071,
    0.800000011920929,
    0.800000011920929,
    0.699999988079071,
    0.699999988079071,
    0.699999988079071,
    0.699999988079071,
    0.800000011920929,
    0.800000011920929,
    0.800000011920929,
    0.800000011920929,
    0.800000011920929,
    0.800000011920929,
    0.800000011920929,
    0.800000011920929,
    0.800000011920929,
    0.800000011920929,
    0.800000011920929,
    0.800000011920929,
    0.800000011920929,
    0.800000011920929,
    0.800000011920929,
    0.800000011920929,
    0.800000011920929,
    0.800000011920929,
    0.800000011920929,
    0.800000011920929,
    0.800000011920929,
    0.800000011920929,
    0.800000011920929,
    0.800000011920929,
    0.800000011920929,
    0.800000011920929,
    0.800000011920929,
    0.800000011920929,
    0.800000011920929,
    0.800000011920929,
    0.800000011920929,
    0.800000011920929,
    0.800000011920929,
    0.800000011920929,
    0.800000011920929,
    0.800000011920929
  ],
  "val_loss": [
    1.8730274438858032,
    2.3683323860168457,
    1.2240896224975586,
    0.8939059972763062,
    0.8920223116874695,
    0.8835395574569702,
    0.8449608683586121,
    0.8123081922531128,
    0.7971900105476379,
    0.8019787073135376,
    0.7914021015167236,
    0.7834102511405945,
    0.7715251445770264,
    0.7592172622680664,
    0.7591144442558289,
    0.7688829302787781,
    0.7663273215293884,
    0.765857458114624,
    0.7668866515159607,
    0.7596650123596191,
    0.740578293800354,
    0.7177690267562866,
    0.6989654898643494,
    0.6992599964141846,
    0.7026357054710388,
    0.708102285861969,
    0.7155734300613403,
    0.728008508682251,
    0.7608307003974915,
    0.7861605286598206,
    0.7838016748428345,
    0.7720487117767334,
    0.7532145380973816,
    0.7410343289375305,
    0.7445071339607239,
    0.7467811107635498,
    0.7415444254875183,
    0.7362403273582458,
    0.712306797504425,
    0.6740744113922119,
    0.6461455821990967,
    0.636271595954895,
    0.6380884051322937,
    0.6363824605941772,
    0.6368573904037476,
    0.6565394997596741,
    0.6761861443519592,
    0.7067438960075378,
    0.7370160222053528,
    0.7619991302490234
  ]
}