{
  "accuracy": [
    0.6567796468734741,
    0.7796609997749329,
    0.7966101765632629,
    0.8347457647323608,
    0.8898305296897888,
    0.8983050584793091,
    0.9110169410705566,
    0.9110169410705566,
    0.9576271176338196,
    0.9322034120559692,
    0.9703390002250671,
    0.9788135886192322,
    0.9872881174087524,
    0.9872881174087524,
    0.9788135886192322,
    0.9745762944221497,
    0.9788135886192322,
    0.9788135886192322,
    0.9830508232116699,
    0.991525411605835,
    0.991525411605835,
    0.9872881174087524,
    0.9788135886192322,
    0.9788135886192322,
    0.991525411605835,
    0.9788135886192322,
    0.9872881174087524,
    0.9788135886192322,
    0.9830508232116699,
    0.9957627058029175,
    0.9872881174087524,
    0.9830508232116699,
    0.9957627058029175,
    0.991525411605835,
    0.9830508232116699,
    0.9830508232116699,
    0.9872881174087524,
    0.9872881174087524,
    0.991525411605835,
    0.9872881174087524,
    0.9872881174087524,
    0.991525411605835,
    0.9872881174087524,
    0.9533898234367371,
    0.9830508232116699,
    0.9788135886192322,
    0.9788135886192322,
    0.9830508232116699,
    0.9788135886192322,
    0.9788135886192322
  ],
  "loss": [
    4.852357387542725,
    1.8492099046707153,
    0.9871007800102234,
    0.7294763922691345,
    0.6392087936401367,
    0.6685379147529602,
    0.5707319974899292,
    0.5208678245544434,
    0.4941341280937195,
    0.45938608050346375,
    0.40202105045318604,
    0.359337717294693,
    0.3650277256965637,
    0.3240264356136322,
    0.34309813380241394,
    0.3333602547645569,
    0.3119480609893799,
    0.33211299777030945,
    0.3119395673274994,
    0.2928783893585205,
    0.28227007389068604,
    0.2658202648162842,
    0.29899534583091736,
    0.29220855236053467,
    0.2591962516307831,
    0.26355844736099243,
    0.2514675259590149,
    0.2604796588420868,
    0.25075563788414,
    0.23206168413162231,
    0.24944119155406952,
    0.2347322255373001,
    0.22310620546340942,
    0.21667398512363434,
    0.23968616127967834,
    0.22441822290420532,
    0.2178649753332138,
    0.24534288048744202,
    0.2216259092092514,
    0.2069551795721054,
    0.20411144196987152,
    0.2007637768983841,
    0.20730674266815186,
    0.28212153911590576,
    0.24721944332122803,
    0.25885942578315735,
    0.26339587569236755,
    0.23143136501312256,
    0.22927704453468323,
    0.2380179762840271
  ],
  "val_accuracy": [
    0.7118644118309021,
    0.6779661178588867,
    0.8305084705352783,
    0.7966101765632629,
    0.8305084705352783,
    0.7966101765632629,
    0.7966101765632629,
    0.8135592937469482,
    0.8135592937469482,
    0.8135592937469482,
    0.8305084705352783,
    0.8135592937469482,
    0.8305084705352783,
    0.8135592937469482,
    0.8305084705352783,
    0.8305084705352783,
    0.8305084705352783,
    0.8305084705352783,
    0.8305084705352783,
    0.8305084705352783,
    0.8305084705352783,
    0.8305084705352783,
    0.8474576473236084,
    0.8135592937469482,
    0.8135592937469482,
    0.8305084705352783,
    0.8305084705352783,
    0.8135592937469482,
    0.8135592937469482,
    0.8135592937469482,
    0.8135592937469482,
    0.8135592937469482,
    0.8305084705352783,
    0.8474576473236084,
    0.8474576473236084,
    0.8474576473236084,
    0.8474576473236084,
    0.8474576473236084,
    0.8474576473236084,
    0.8305084705352783,
    0.8474576473236084,
    0.8474576473236084,
    0.7118644118309021,
    0.8474576473236084,
    0.8474576473236084,
    0.8305084705352783,
    0.8474576473236084,
    0.8474576473236084,
    0.8474576473236084,
    0.8474576473236084
  ],
  "val_loss": [
    7.197197437286377,
    2.698890209197998,
    1.5484288930892944,
    0.8288724422454834,
    0.9030817151069641,
    0.7934550642967224,
    0.7716431617736816,
    0.8068376779556274,
    0.7242165803909302,
    0.7547369003295898,
    0.7209843993186951,
    0.7731570601463318,
    0.6589493751525879,
    0.6904467940330505,
    0.6720947027206421,
    0.6972225904464722,
    0.7805923223495483,
    0.6854196190834045,
    0.6420642137527466,
    0.6769945621490479,
    0.6849989891052246,
    0.7122465372085571,
    0.5953167676925659,
    0.69696044921875,
    0.6431812644004822,
    0.6780502796173096,
    0.7235080003738403,
    0.8768141269683838,
    0.7125374674797058,
    0.6740643978118896,
    0.6499766707420349,
    0.7478755116462708,
    0.7130541801452637,
    0.6409570574760437,
    0.6003205180168152,
    0.6158162951469421,
    0.6290905475616455,
    0.5883049368858337,
    0.6806066632270813,
    0.601173460483551,
    0.6315329670906067,
    0.5762799978256226,
    1.3715484142303467,
    0.5714027881622314,
    0.5807619094848633,
    0.6959275007247925,
    0.6572985053062439,
    0.6348236799240112,
    0.6412955522537231,
    0.6799939870834351
  ]
}